{"train_losses": [0.015851957723498344, 0.012930589728057384, 0.011719922535121441, 0.010598364286124706, 0.009810960851609707, 0.008982434868812561, 0.008269148878753185, 0.007740786764770746, 0.007349506486207247, 0.006844411604106426, 0.006487574428319931, 0.006127858534455299, 0.0058644842356443405, 0.0055395616218447685, 0.005340167321264744, 0.005140988156199455, 0.004904018249362707, 0.0047513279132544994, 0.004523468669503927, 0.004392937291413546, 0.004225976299494505, 0.004108361434191465, 0.003930671140551567, 0.003811945440247655, 0.0037212574388831854, 0.0035946331918239594, 0.0035070970188826323, 0.0034070382826030254, 0.003291392233222723, 0.0031883581541478634, 0.0031151354778558016, 0.003040293464437127, 0.00295530934818089, 0.002845139941200614, 0.002775521483272314, 0.002739185933023691, 0.002649013651534915, 0.002601890591904521, 0.0025125143583863974, 0.0024687754921615124, 0.0023993453942239285, 0.0023230016231536865, 0.002250716555863619, 0.0022269287146627903, 0.0021564094349741936, 0.002153550274670124, 0.002065014559775591, 0.00202227383852005, 0.002039048820734024, 0.001911012688651681, 0.0018861228600144386, 0.0018297421047464013, 0.0018312404863536358, 0.001738768769428134, 0.001734448247589171, 0.0016607344150543213, 0.0016767836641520262, 0.001629992970265448, 0.0015729943988844752, 0.0015695890178903937, 0.001536416937597096, 0.0015038669807836413, 0.001544632250443101, 0.001427739392966032, 0.0014016430359333754, 0.0013671471970155835, 0.001329784863628447, 0.0013246822636574507, 0.0013183036353439093, 0.0012891169171780348, 0.0012301914393901825, 0.001220122678205371, 0.0012250363361090422, 0.0011764535447582603, 0.0011824986431747675, 0.001151675940491259, 0.0011552124051377177, 0.0011125125456601381, 0.001143712317571044, 0.0010659038089215755, 0.0010749029461294413, 0.0010756029514595866, 0.0009900580625981092, 0.0010235704248771071, 0.0010143773397430778, 0.000990848639048636, 0.0010013192659243941, 0.0009391855564899743, 0.0009133118437603116, 0.0009194855811074376, 0.0008886730647645891, 0.0009343487909063697, 0.0008687316440045834, 0.0008599882130511105, 0.0008527947939001024, 0.0008415852207690477, 0.0008386050467379391, 0.0008409774745814502, 0.0008246596553362906, 0.0008037646184675395], "accs": [38.07999801635742, 46.48999786376953, 49.90999984741211, 54.869998931884766, 57.849998474121094, 61.84000015258789, 63.679996490478516, 63.09000015258789, 70.11000061035156, 70.7699966430664, 72.72000122070312, 73.05999755859375, 73.16999816894531, 74.8699951171875, 73.5999984741211, 75.6500015258789, 76.5, 76.94999694824219, 78.19999694824219, 77.31999969482422, 78.72000122070312, 80.04999542236328, 79.80999755859375, 79.33999633789062, 80.04000091552734, 80.47999572753906, 80.54999542236328, 80.5199966430664, 80.2699966430664, 81.75, 81.3699951171875, 81.72999572753906, 80.91999816894531, 82.18000030517578, 81.86000061035156, 82.1500015258789, 81.79000091552734, 82.33999633789062, 82.68000030517578, 82.37999725341797, 82.7699966430664, 82.77999877929688, 82.45999908447266, 82.19999694824219, 81.66999816894531, 82.44999694824219, 82.5, 82.62999725341797, 82.93000030517578, 82.29000091552734, 82.68000030517578, 82.72999572753906, 82.18000030517578, 83.29999542236328, 83.38999938964844, 83.23999786376953, 83.08999633789062, 82.43000030517578, 83.05999755859375, 82.83999633789062, 82.82999420166016, 83.18999481201172, 83.70999908447266, 83.6199951171875, 83.0199966430664, 83.29000091552734, 83.44999694824219, 82.93000030517578, 82.80999755859375, 83.23999786376953, 83.45999908447266, 82.7699966430664, 83.25, 83.07999420166016, 83.18999481201172, 83.8699951171875, 83.2699966430664, 83.4000015258789, 82.93999481201172, 83.3699951171875, 83.00999450683594, 83.77999877929688, 82.70999908447266, 83.43000030517578, 83.63999938964844, 82.8699951171875, 83.44999694824219, 83.00999450683594, 83.11000061035156, 83.48999786376953, 83.47000122070312, 83.18000030517578, 83.3699951171875, 83.62999725341797, 83.5, 83.40999603271484, 83.29999542236328, 83.87999725341797, 83.04000091552734, 83.16999816894531], "epochs": [0, 1, 2, 3, 4, 5, 6, 7, 8, 9, 10, 11, 12, 13, 14, 15, 16, 17, 18, 19, 20, 21, 22, 23, 24, 25, 26, 27, 28, 29, 30, 31, 32, 33, 34, 35, 36, 37, 38, 39, 40, 41, 42, 43, 44, 45, 46, 47, 48, 49, 50, 51, 52, 53, 54, 55, 56, 57, 58, 59, 60, 61, 62, 63, 64, 65, 66, 67, 68, 69, 70, 71, 72, 73, 74, 75, 76, 77, 78, 79, 80, 81, 82, 83, 84, 85, 86, 87, 88, 89, 90, 91, 92, 93, 94, 95, 96, 97, 98, 99]}