{"train_losses": [0.01934116892516613, 0.018233446404337883, 0.017174363136291504, 0.016132254153490067, 0.0152374766767025, 0.014538358896970749, 0.01396189071238041, 0.01346167828887701, 0.013090059161186218, 0.012714740820229053, 0.012464804574847221, 0.012159964069724083, 0.011930735781788826, 0.01174523402005434, 0.011584058403968811, 0.011387045495212078, 0.011241941712796688, 0.011115106754004955, 0.010929993353784084, 0.010830402374267578, 0.01067816000431776, 0.010537989437580109, 0.010429738089442253, 0.010314716957509518, 0.01020791009068489, 0.010108445771038532, 0.009989186190068722, 0.009887338615953922, 0.0098121864721179, 0.009717297740280628, 0.009636476635932922, 0.009558821097016335, 0.009466725401580334, 0.00938915740698576, 0.009323052130639553, 0.00922673661261797, 0.009190913289785385, 0.009141049347817898, 0.009024787694215775, 0.008958166465163231, 0.008937068283557892, 0.008906618691980839, 0.008815981447696686, 0.008746943436563015, 0.008705027401447296, 0.008682209067046642, 0.00860349927097559, 0.008568895980715752, 0.00849139504134655, 0.008411574177443981, 0.008400670252740383, 0.008403590880334377, 0.008300085552036762, 0.008293598890304565, 0.008257794193923473, 0.008188740350306034, 0.008125906810164452, 0.008095535449683666, 0.008081917650997639, 0.008019235916435719, 0.008004645816981792, 0.007945730350911617, 0.007936075329780579, 0.007902085781097412, 0.00784437358379364, 0.007828019559383392, 0.007784465793520212, 0.007752890232950449, 0.0077241696417331696, 0.0076769632287323475, 0.007676116190850735, 0.0076282816007733345, 0.007584779988974333, 0.007560747675597668, 0.007517918944358826, 0.0075049130246043205, 0.007455873768776655, 0.00745729636400938, 0.007422149647027254, 0.007353451568633318, 0.007335109636187553, 0.007313484326004982, 0.007291542366147041, 0.007291254587471485, 0.007238772232085466, 0.0072153969667851925, 0.007171279285103083, 0.007157875224947929, 0.007137816399335861, 0.007078507915139198, 0.007066021673381329, 0.0070490664802491665, 0.0070182750932872295, 0.007004356011748314, 0.007012112066149712, 0.006955035962164402, 0.006902220193296671, 0.006936206016689539, 0.0068962047807872295, 0.0068831006065011024], "accs": [14.179999351501465, 17.439998626708984, 23.40999984741211, 28.670000076293945, 33.13999938964844, 35.619998931884766, 38.75, 40.96999740600586, 42.43000030517578, 44.20000076293945, 45.22999954223633, 46.65999984741211, 47.44999694824219, 48.21999740600586, 48.54999923706055, 49.959999084472656, 50.73999786376953, 51.09000015258789, 51.869998931884766, 52.69999694824219, 52.91999816894531, 53.28999710083008, 54.07999801635742, 54.68000030517578, 55.279998779296875, 55.48999786376953, 56.34000015258789, 56.78999710083008, 56.94999694824219, 57.38999938964844, 57.65999984741211, 57.7599983215332, 58.44999694824219, 58.63999938964844, 58.73999786376953, 59.15999984741211, 59.459999084472656, 59.98999786376953, 59.94999694824219, 60.529998779296875, 60.63999938964844, 60.91999816894531, 61.13999938964844, 61.19999694824219, 61.47999954223633, 61.64999771118164, 61.96999740600586, 62.0, 62.19999694824219, 62.41999816894531, 62.53999710083008, 62.97999954223633, 63.019996643066406, 63.019996643066406, 63.22999954223633, 63.40999984741211, 63.46999740600586, 63.65999984741211, 63.98999786376953, 63.939998626708984, 64.12999725341797, 64.19999694824219, 64.27999877929688, 64.43999481201172, 64.81999969482422, 64.43000030517578, 64.73999786376953, 65.0, 64.61000061035156, 65.30999755859375, 65.20999908447266, 65.0999984741211, 65.22000122070312, 65.3699951171875, 65.52999877929688, 65.51000213623047, 65.75, 65.61000061035156, 65.88999938964844, 65.95999908447266, 66.19999694824219, 65.90999603271484, 66.13999938964844, 66.27999877929688, 66.1500015258789, 66.6199951171875, 66.54999542236328, 66.70999908447266, 66.95999908447266, 66.6500015258789, 67.08000183105469, 67.25, 67.45999908447266, 67.54999542236328, 67.37999725341797, 67.43000030517578, 67.77999877929688, 67.83999633789062, 67.90999603271484, 67.86000061035156], "epochs": [0, 1, 2, 3, 4, 5, 6, 7, 8, 9, 10, 11, 12, 13, 14, 15, 16, 17, 18, 19, 20, 21, 22, 23, 24, 25, 26, 27, 28, 29, 30, 31, 32, 33, 34, 35, 36, 37, 38, 39, 40, 41, 42, 43, 44, 45, 46, 47, 48, 49, 50, 51, 52, 53, 54, 55, 56, 57, 58, 59, 60, 61, 62, 63, 64, 65, 66, 67, 68, 69, 70, 71, 72, 73, 74, 75, 76, 77, 78, 79, 80, 81, 82, 83, 84, 85, 86, 87, 88, 89, 90, 91, 92, 93, 94, 95, 96, 97, 98, 99]}