{"train_losses": [0.01581597700715065, 0.01281687431037426, 0.011685611680150032, 0.010712597519159317, 0.009863114915788174, 0.009003066457808018, 0.008326688781380653, 0.0077538155019283295, 0.007344560232013464, 0.006893012672662735, 0.006502066273242235, 0.006177715491503477, 0.005936877336353064, 0.0056744650937616825, 0.00538986548781395, 0.005101302172988653, 0.004963186103850603, 0.004742978606373072, 0.004615732468664646, 0.00443381629884243, 0.004279489163309336, 0.004126603249460459, 0.004008978605270386, 0.003825828433036804, 0.0037495591677725315, 0.003645448014140129, 0.0035448113922029734, 0.0034146877005696297, 0.0033137693535536528, 0.003265650477260351, 0.0031337649561464787, 0.0030271236319094896, 0.002956703770905733, 0.0028798351995646954, 0.0028306185267865658, 0.002733103232458234, 0.0026894102338701487, 0.00261073000729084, 0.0025170568842440844, 0.002500991802662611, 0.0023758062161505222, 0.002305950503796339, 0.0023261783644557, 0.002256185980513692, 0.002210421720519662, 0.0021570813842117786, 0.002086081774905324, 0.00201445072889328, 0.002033431548625231, 0.0019929581321775913, 0.001949456986039877, 0.001868276041932404, 0.001810144865885377, 0.001805331208743155, 0.0017495917854830623, 0.0017356470925733447, 0.0016597226494923234, 0.0016761430306360126, 0.0015752363251522183, 0.0015803540591150522, 0.0015722092939540744, 0.0015067138010635972, 0.0014737497549504042, 0.0014659169828519225, 0.001438479288481176, 0.001389619312249124, 0.0013992848107591271, 0.0013556026387959719, 0.0012957036960870028, 0.0012419687118381262, 0.0012933770194649696, 0.0012546047801151872, 0.0012333265040069818, 0.001267915591597557, 0.001201047096401453, 0.0011477249208837748, 0.0011420781956985593, 0.001120743458159268, 0.0011084084399044514, 0.0010989492293447256, 0.0010458866599947214, 0.001044437987729907, 0.0010799323208630085, 0.0010219692485406995, 0.0010037237079814076, 0.0009730892488732934, 0.0009686800767667592, 0.0010010326514020562, 0.0009340503602288663, 0.0009246572153642774, 0.0009485221817158163, 0.0009186306269839406, 0.0009294639457948506, 0.0008570986683480442, 0.0008735269075259566, 0.0008605553884990513, 0.0008911291370168328, 0.0008798413909971714, 0.000837439380120486, 0.0008224031771533191], "accs": [39.36000061035156, 46.209999084472656, 50.13999938964844, 55.89999771118164, 58.959999084472656, 63.59000015258789, 64.90999603271484, 66.29000091552734, 69.54999542236328, 67.33000183105469, 69.45999908447266, 73.86000061035156, 74.63999938964844, 73.08999633789062, 75.80999755859375, 75.31999969482422, 77.48999786376953, 77.0199966430664, 77.93000030517578, 78.3499984741211, 78.52999877929688, 79.25999450683594, 78.91999816894531, 78.72000122070312, 79.25, 80.2699966430664, 79.58999633789062, 80.56999969482422, 81.0999984741211, 80.07999420166016, 81.57999420166016, 82.27999877929688, 81.8499984741211, 81.90999603271484, 81.04000091552734, 81.36000061035156, 81.44999694824219, 82.13999938964844, 82.6500015258789, 82.77999877929688, 82.82999420166016, 82.40999603271484, 82.5199966430664, 82.33999633789062, 82.98999786376953, 82.79999542236328, 83.22000122070312, 82.02999877929688, 83.02999877929688, 82.62999725341797, 82.2699966430664, 83.40999603271484, 82.68999481201172, 82.36000061035156, 83.36000061035156, 82.32999420166016, 83.45999908447266, 83.82999420166016, 82.68000030517578, 82.75, 83.1500015258789, 83.30999755859375, 82.3499984741211, 83.04999542236328, 83.4000015258789, 83.61000061035156, 82.75, 83.04000091552734, 83.25999450683594, 83.47000122070312, 82.87999725341797, 83.77999877929688, 83.7699966430664, 83.65999603271484, 83.54999542236328, 84.0199966430664, 83.58999633789062, 82.97000122070312, 83.22999572753906, 83.30999755859375, 83.44999694824219, 83.29000091552734, 83.08999633789062, 83.22000122070312, 83.55999755859375, 83.80999755859375, 83.8499984741211, 83.94999694824219, 84.15999603271484, 83.40999603271484, 83.72000122070312, 84.0, 83.69999694824219, 83.6199951171875, 83.68000030517578, 83.52999877929688, 83.56999969482422, 84.12999725341797, 83.70999908447266, 83.29000091552734], "epochs": [0, 1, 2, 3, 4, 5, 6, 7, 8, 9, 10, 11, 12, 13, 14, 15, 16, 17, 18, 19, 20, 21, 22, 23, 24, 25, 26, 27, 28, 29, 30, 31, 32, 33, 34, 35, 36, 37, 38, 39, 40, 41, 42, 43, 44, 45, 46, 47, 48, 49, 50, 51, 52, 53, 54, 55, 56, 57, 58, 59, 60, 61, 62, 63, 64, 65, 66, 67, 68, 69, 70, 71, 72, 73, 74, 75, 76, 77, 78, 79, 80, 81, 82, 83, 84, 85, 86, 87, 88, 89, 90, 91, 92, 93, 94, 95, 96, 97, 98, 99]}