{"train_losses": [0.013541202992200851, 0.011346178129315376, 0.01041143573820591, 0.009458580054342747, 0.008567816577851772, 0.00785886961966753, 0.007313825655728579, 0.006873297039419413, 0.006482849363237619, 0.006097112782299519, 0.005779662169516087, 0.005533704534173012, 0.005282912869006395, 0.005039232783019543, 0.00485207187011838, 0.004602800589054823, 0.004485303536057472, 0.004368373192846775, 0.0041807773523032665, 0.004027177579700947, 0.003915716893970966, 0.003768907394260168, 0.0036871947813779116, 0.0035382225178182125, 0.003437817795202136, 0.003388213226571679, 0.003250631969422102, 0.003181462874636054, 0.003099824069067836, 0.003041483461856842, 0.0029325014911592007, 0.0028445671778172255, 0.0028007992077618837, 0.0026920840609818697, 0.002660836325958371, 0.002562561072409153, 0.0025275207590311766, 0.00246623158454895, 0.002427891129627824, 0.0023460013326257467, 0.0022671849001199007, 0.0022119851782917976, 0.0022076440509408712, 0.002153402427211404, 0.0020597598049789667, 0.002022238215431571, 0.0019822167232632637, 0.001932503655552864, 0.0019400134915485978, 0.0018508967477828264, 0.0017788703553378582, 0.0017906890716403723, 0.001725005335174501, 0.001677134190686047, 0.0016602163668721914, 0.0016457041492685676, 0.001617484726011753, 0.0015587907982990146, 0.0015331859467551112, 0.0015289935981854796, 0.0014568540500476956, 0.0014354023151099682, 0.0014035409549251199, 0.0013901012716814876, 0.0013875564327463508, 0.0013244699221104383, 0.0013332024682313204, 0.001316372654400766, 0.0012605639640241861, 0.001217158162035048, 0.0012437422992661595, 0.0011768597178161144, 0.001219476922415197, 0.001124221715144813, 0.0012090790551155806, 0.0010899272747337818, 0.0011191891971975565, 0.0010381356114521623, 0.001074252650141716, 0.0010523003293201327, 0.0010225267615169287, 0.001026277313940227, 0.0009970844257622957, 0.0010002771159633994, 0.000970221939496696, 0.0009527981164865196, 0.0009444502065889537, 0.0009364965371787548, 0.0009182249195873737, 0.0009122284245677292, 0.0009067872888408601, 0.0009514261619187891, 0.0008866551797837019, 0.0008821097435429692, 0.0008354813326150179, 0.0008751713903620839, 0.0007975294138304889, 0.0008152318187057972, 0.0008114831289276481, 0.0007850193069316447], "accs": [46.19999694824219, 52.53999710083008, 55.78999710083008, 61.04999923706055, 64.02999877929688, 67.79999542236328, 67.55999755859375, 69.48999786376953, 72.6199951171875, 72.79000091552734, 74.83000183105469, 75.68000030517578, 75.58999633789062, 76.29999542236328, 77.33999633789062, 77.1500015258789, 79.25, 79.6500015258789, 79.12999725341797, 80.02999877929688, 79.91999816894531, 79.6199951171875, 80.12999725341797, 80.43999481201172, 80.63999938964844, 81.04999542236328, 80.36000061035156, 81.3699951171875, 82.0, 81.25999450683594, 81.75999450683594, 82.15999603271484, 82.72999572753906, 82.50999450683594, 82.31999969482422, 82.33999633789062, 82.37999725341797, 82.5, 82.70999908447266, 82.70999908447266, 82.11000061035156, 82.75, 83.40999603271484, 82.94999694824219, 82.1199951171875, 82.95999908447266, 83.08999633789062, 83.5199966430664, 82.68000030517578, 82.68999481201172, 82.72000122070312, 83.08999633789062, 82.90999603271484, 83.04000091552734, 82.97000122070312, 82.40999603271484, 82.97999572753906, 82.75, 82.7699966430664, 82.97999572753906, 83.30999755859375, 83.65999603271484, 83.62999725341797, 83.5199966430664, 83.0999984741211, 83.38999938964844, 83.4000015258789, 83.3499984741211, 83.07999420166016, 83.68000030517578, 83.79000091552734, 83.57999420166016, 83.95999908447266, 83.25, 83.7699966430664, 83.80999755859375, 83.61000061035156, 83.16999816894531, 83.52999877929688, 83.22999572753906, 84.12999725341797, 83.19999694824219, 83.37999725341797, 83.72000122070312, 83.48999786376953, 83.94999694824219, 83.69999694824219, 83.8499984741211, 83.1500015258789, 83.62999725341797, 83.1500015258789, 84.00999450683594, 83.91999816894531, 84.0199966430664, 83.97999572753906, 83.31999969482422, 83.30999755859375, 83.54000091552734, 83.45999908447266, 83.90999603271484], "epochs": [0, 1, 2, 3, 4, 5, 6, 7, 8, 9, 10, 11, 12, 13, 14, 15, 16, 17, 18, 19, 20, 21, 22, 23, 24, 25, 26, 27, 28, 29, 30, 31, 32, 33, 34, 35, 36, 37, 38, 39, 40, 41, 42, 43, 44, 45, 46, 47, 48, 49, 50, 51, 52, 53, 54, 55, 56, 57, 58, 59, 60, 61, 62, 63, 64, 65, 66, 67, 68, 69, 70, 71, 72, 73, 74, 75, 76, 77, 78, 79, 80, 81, 82, 83, 84, 85, 86, 87, 88, 89, 90, 91, 92, 93, 94, 95, 96, 97, 98, 99]}