{"train_losses": [0.015918582677841187, 0.012821916490793228, 0.011631542816758156, 0.01067152339965105, 0.009692572057247162, 0.008906365372240543, 0.008263291791081429, 0.00775148905813694, 0.007251264527440071, 0.0068130046129226685, 0.0065050991252064705, 0.006157842464745045, 0.005857295822352171, 0.005563560873270035, 0.0053692106157541275, 0.005139317363500595, 0.004913805052638054, 0.00474861403927207, 0.004583127796649933, 0.004408498294651508, 0.004264709074050188, 0.004099393729120493, 0.003982646390795708, 0.003865020116791129, 0.0037592859007418156, 0.003625759854912758, 0.0035171990748494864, 0.0034112376160919666, 0.0033067213371396065, 0.0032289251685142517, 0.0031497988384217024, 0.003034084802493453, 0.002946036634966731, 0.002910365117713809, 0.0028297584503889084, 0.002732552820816636, 0.002652691910043359, 0.0026079958770424128, 0.002553303726017475, 0.0024742393288761377, 0.0023928338196128607, 0.0023465666454285383, 0.0023090841714292765, 0.0022365907207131386, 0.002178266178816557, 0.002122115343809128, 0.0020824125967919827, 0.002066622721031308, 0.001986032584682107, 0.0019462702330201864, 0.001902333926409483, 0.0019081690115854144, 0.001811741036362946, 0.0018115382408723235, 0.0017196263652294874, 0.0016684047877788544, 0.0016722721047699451, 0.0016398017760366201, 0.001627245801500976, 0.0015645166859030724, 0.0015535301063209772, 0.0015282901003956795, 0.0014919787645339966, 0.001477236277423799, 0.0014297495363280177, 0.001401738147251308, 0.0013651835033670068, 0.0013500192435458302, 0.001305679907090962, 0.0012795807560905814, 0.001302198856137693, 0.0012452452210709453, 0.001194311655126512, 0.001232591806910932, 0.0011619885917752981, 0.0011531669879332185, 0.0011219739681109786, 0.0011707742232829332, 0.0011312667047604918, 0.0011103326687589288, 0.0010861869668588042, 0.0010483493097126484, 0.0010354684200137854, 0.00105081417132169, 0.000984776415862143, 0.000979990465566516, 0.0009869467467069626, 0.0009705910924822092, 0.0009568043751642108, 0.0009355798829346895, 0.0009546036017127335, 0.0009316591313108802, 0.0009426474571228027, 0.0009383208234794438, 0.0008535068482160568, 0.0008423930266872048, 0.0008796743350103498, 0.0008763033547438681, 0.0008582710870541632, 0.0008119220728985965], "accs": [38.439998626708984, 46.22999954223633, 50.04999923706055, 55.029998779296875, 60.14999771118164, 63.099998474121094, 64.94999694824219, 64.1199951171875, 69.04999542236328, 69.83000183105469, 70.72999572753906, 72.16999816894531, 72.0199966430664, 74.8699951171875, 75.47999572753906, 75.91999816894531, 75.43000030517578, 77.25, 77.37999725341797, 78.5, 78.79999542236328, 77.86000061035156, 78.15999603271484, 80.7699966430664, 80.15999603271484, 80.06999969482422, 80.90999603271484, 79.95999908447266, 80.97999572753906, 80.93000030517578, 81.22000122070312, 80.61000061035156, 81.36000061035156, 81.72999572753906, 81.22999572753906, 81.30999755859375, 81.5, 82.07999420166016, 81.97000122070312, 82.20999908447266, 82.8499984741211, 82.3499984741211, 82.27999877929688, 82.41999816894531, 82.02999877929688, 82.9000015258789, 82.48999786376953, 83.02999877929688, 82.48999786376953, 82.63999938964844, 82.37999725341797, 82.61000061035156, 82.7699966430664, 82.2699966430664, 82.58999633789062, 82.61000061035156, 82.37999725341797, 82.63999938964844, 82.86000061035156, 82.72000122070312, 82.63999938964844, 83.07999420166016, 82.0199966430664, 83.22000122070312, 82.8499984741211, 82.93000030517578, 83.0199966430664, 83.6500015258789, 83.1199951171875, 82.66999816894531, 83.25999450683594, 82.86000061035156, 83.18999481201172, 82.1500015258789, 83.04999542236328, 83.0999984741211, 83.47000122070312, 83.0, 83.08999633789062, 82.69999694824219, 83.02999877929688, 82.50999450683594, 83.18999481201172, 83.25999450683594, 82.93999481201172, 82.86000061035156, 83.5999984741211, 82.79999542236328, 83.19999694824219, 83.05999755859375, 83.11000061035156, 82.97000122070312, 83.1199951171875, 82.97000122070312, 83.65999603271484, 83.27999877929688, 83.57999420166016, 83.70999908447266, 83.22999572753906, 83.23999786376953], "epochs": [0, 1, 2, 3, 4, 5, 6, 7, 8, 9, 10, 11, 12, 13, 14, 15, 16, 17, 18, 19, 20, 21, 22, 23, 24, 25, 26, 27, 28, 29, 30, 31, 32, 33, 34, 35, 36, 37, 38, 39, 40, 41, 42, 43, 44, 45, 46, 47, 48, 49, 50, 51, 52, 53, 54, 55, 56, 57, 58, 59, 60, 61, 62, 63, 64, 65, 66, 67, 68, 69, 70, 71, 72, 73, 74, 75, 76, 77, 78, 79, 80, 81, 82, 83, 84, 85, 86, 87, 88, 89, 90, 91, 92, 93, 94, 95, 96, 97, 98, 99]}