{"train_losses": [0.01545242965221405, 0.011561986058950424, 0.01038831751793623, 0.00932975672185421, 0.008390795439481735, 0.007946612313389778, 0.007232470903545618, 0.00676010362803936, 0.006310584954917431, 0.006037817802280188, 0.005719507113099098, 0.005424146074801683, 0.0051699792966246605, 0.004980018362402916, 0.004822979215532541, 0.004646969027817249, 0.004479718394577503, 0.004410226829349995, 0.0041791703552007675, 0.004175824113190174, 0.004019423387944698, 0.003921290393918753, 0.0038772167172282934, 0.003772567957639694, 0.00390101526863873, 0.003700011409819126, 0.0036317268386483192, 0.0034934179857373238, 0.003379663685336709, 0.0033284968230873346, 0.003258397802710533, 0.0033089308999478817, 0.003199262311682105, 0.0031950417906045914, 0.0030933800153434277, 0.0030520071741193533, 0.0029291536193341017, 0.0028628630097955465, 0.002856502076610923, 0.002835265826433897, 0.0027643670327961445, 0.0027664427179843187, 0.0027461478020995855, 0.002708809683099389, 0.0026213396340608597, 0.0025830159429460764, 0.002550965640693903, 0.002545255469158292, 0.0024669524282217026, 0.0024318834766745567, 0.0027121324092149734, 0.0025258157402276993, 0.002382091712206602, 0.002321217441931367, 0.0023467002902179956, 0.0023391793947666883, 0.0022552323061972857, 0.002258230932056904, 0.0022079155314713717, 0.002166086109355092, 0.0021011829376220703, 0.002089640125632286, 0.002096946118399501, 0.0021043065935373306, 0.002037688624113798, 0.001972123049199581, 0.0019609718583524227, 0.0019328317139297724, 0.001879677176475525, 0.0018955515697598457, 0.001972544239833951, 0.001901440555229783, 0.001842431491240859, 0.0018150575924664736, 0.0017761472845450044, 0.0017517805099487305, 0.0017478720983490348, 0.0027465505991131067, 0.0020302808843553066, 0.0018382712733000517, 0.0017808260163292289, 0.0017650510417297482, 0.0016989985015243292, 0.0017208788776770234, 0.0016904653748497367, 0.0016697978135198355, 0.0017197660636156797, 0.0017217893619090319, 0.0016706606838852167, 0.0016005823854357004, 0.0015991433756425977, 0.0015819857362657785, 0.0015170937404036522, 0.001512350281700492, 0.0014925255673006177, 0.0016323014860972762, 0.0014455292839556932, 0.001403550268150866, 0.001419078791514039, 0.0013754023239016533], "accs": [43.869998931884766, 49.619998931884766, 55.189998626708984, 61.34000015258789, 58.66999816894531, 64.5999984741211, 68.5, 71.19999694824219, 70.1500015258789, 73.3499984741211, 75.70999908447266, 75.40999603271484, 75.05999755859375, 77.83000183105469, 78.5999984741211, 77.83999633789062, 79.22000122070312, 79.97000122070312, 79.58999633789062, 80.50999450683594, 80.18000030517578, 81.00999450683594, 81.2699966430664, 81.56999969482422, 81.29999542236328, 80.9000015258789, 81.47000122070312, 81.70999908447266, 81.16999816894531, 82.6500015258789, 82.3499984741211, 82.44999694824219, 81.57999420166016, 81.40999603271484, 82.87999725341797, 82.97000122070312, 83.44999694824219, 82.90999603271484, 82.1500015258789, 82.79999542236328, 83.57999420166016, 82.55999755859375, 81.80999755859375, 82.25, 82.79000091552734, 83.33999633789062, 82.97999572753906, 82.65999603271484, 84.04000091552734, 83.47000122070312, 83.65999603271484, 84.07999420166016, 83.61000061035156, 83.29999542236328, 83.68000030517578, 83.31999969482422, 83.43999481201172, 83.37999725341797, 84.23999786376953, 83.41999816894531, 83.83999633789062, 83.79999542236328, 83.7699966430664, 83.25999450683594, 84.12999725341797, 83.54999542236328, 83.25, 84.38999938964844, 83.61000061035156, 83.41999816894531, 84.02999877929688, 82.5999984741211, 83.70999908447266, 83.77999877929688, 83.93999481201172, 83.7699966430664, 83.83999633789062, 83.65999603271484, 83.90999603271484, 83.81999969482422, 83.77999877929688, 83.63999938964844, 83.87999725341797, 84.2699966430664, 83.68999481201172, 84.33999633789062, 83.79999542236328, 83.72999572753906, 84.65999603271484, 83.54000091552734, 84.16999816894531, 83.25, 84.36000061035156, 84.32999420166016, 82.29999542236328, 83.94999694824219, 84.79000091552734, 83.8499984741211, 83.90999603271484, 84.47000122070312], "epochs": [0, 1, 2, 3, 4, 5, 6, 7, 8, 9, 10, 11, 12, 13, 14, 15, 16, 17, 18, 19, 20, 21, 22, 23, 24, 25, 26, 27, 28, 29, 30, 31, 32, 33, 34, 35, 36, 37, 38, 39, 40, 41, 42, 43, 44, 45, 46, 47, 48, 49, 50, 51, 52, 53, 54, 55, 56, 57, 58, 59, 60, 61, 62, 63, 64, 65, 66, 67, 68, 69, 70, 71, 72, 73, 74, 75, 76, 77, 78, 79, 80, 81, 82, 83, 84, 85, 86, 87, 88, 89, 90, 91, 92, 93, 94, 95, 96, 97, 98, 99]}