{"train_losses": [0.012097933329641819, 0.009215501137077808, 0.008554763160645962, 0.007789715193212032, 0.007076847366988659, 0.006434344220906496, 0.0059625450521707535, 0.005654479376971722, 0.005300639662891626, 0.005042097065597773, 0.004717499949038029, 0.004559354390949011, 0.004419310949742794, 0.0042215692810714245, 0.004083904437720776, 0.004066487308591604, 0.003826649161055684, 0.0037331609055399895, 0.003591712564229965, 0.003489270806312561, 0.0037724629510194063, 0.003461831482127309, 0.003209548769518733, 0.0031011858955025673, 0.0030254547018557787, 0.0029600425623357296, 0.0028945193625986576, 0.002837513340637088, 0.002775180619210005, 0.002710985718294978, 0.00265906797721982, 0.002602196531370282, 0.0025346088223159313, 0.002476231660693884, 0.002415337832644582, 0.002377982484176755, 0.002363598672673106, 0.002250037156045437, 0.00224606622941792, 0.002226867713034153, 0.002130781998857856, 0.002121157478541136, 0.002071032766252756, 0.0020854822359979153, 0.0020193373784422874, 0.002011254895478487, 0.0019245463190600276, 0.0019077828619629145, 0.001885497709736228, 0.0018533157417550683, 0.0017829346470534801, 0.0017854087054729462, 0.0027789450250566006, 0.0059197451919317245, 0.0026789673138409853, 0.002211145358160138, 0.0019295939709991217, 0.00181338912807405, 0.0017598000122234225, 0.0017095523653551936, 0.0018527001375332475, 0.0019942079670727253, 0.0016268168110400438, 0.001605010824277997, 0.0015598026802763343, 0.0015646120300516486, 0.0015177542809396982, 0.0015434244414791465, 0.001506719971075654, 0.0014943479327484965, 0.0015176659217104316, 0.001639531459659338, 0.0014089727774262428, 0.0013987059937790036, 0.0013222683919593692, 0.0013887990498915315, 0.0013576982310041785, 0.0013375760754570365, 0.0012711621820926666, 0.0021058046258985996, 0.0015699595678597689, 0.0012747177388519049, 0.0013404880883172154, 0.0012223401572555304, 0.0012418763944879174, 0.0012192354770377278, 0.0012300951639190316, 0.0013852809788659215, 0.0012158510508015752, 0.001123859896324575, 0.0011223137844353914, 0.001282850163988769, 0.0011438392102718353, 0.0011430437443777919, 0.0011136593529954553, 0.0010896908352151513, 0.0010515970643609762, 0.001090402016416192, 0.0010484738741070032, 0.0010616602376103401], "accs": [51.88999938964844, 58.12999725341797, 64.54999542236328, 67.91999816894531, 66.47000122070312, 73.33000183105469, 72.5199966430664, 73.52999877929688, 76.5199966430664, 76.54000091552734, 79.22000122070312, 79.2699966430664, 79.83999633789062, 79.87999725341797, 79.13999938964844, 81.0999984741211, 81.3699951171875, 80.68999481201172, 80.44999694824219, 81.06999969482422, 82.22999572753906, 82.95999908447266, 82.75, 83.13999938964844, 82.68999481201172, 82.18000030517578, 83.18000030517578, 82.97999572753906, 83.54999542236328, 83.87999725341797, 83.31999969482422, 83.79999542236328, 83.72999572753906, 83.83999633789062, 84.0, 83.62999725341797, 84.6199951171875, 84.0999984741211, 84.48999786376953, 84.5199966430664, 84.22000122070312, 84.47999572753906, 85.0999984741211, 84.6199951171875, 84.94999694824219, 85.15999603271484, 84.32999420166016, 84.22999572753906, 84.75999450683594, 84.81999969482422, 84.52999877929688, 84.87999725341797, 47.78999710083008, 82.1199951171875, 84.32999420166016, 84.91999816894531, 85.36000061035156, 85.27999877929688, 83.93000030517578, 84.9000015258789, 83.43999481201172, 84.77999877929688, 84.91999816894531, 85.20999908447266, 85.04999542236328, 84.54999542236328, 84.47000122070312, 85.47999572753906, 85.38999938964844, 84.97999572753906, 81.2699966430664, 85.22000122070312, 84.97000122070312, 85.40999603271484, 84.70999908447266, 84.5199966430664, 85.41999816894531, 84.73999786376953, 85.43000030517578, 83.6199951171875, 85.04999542236328, 85.12999725341797, 85.32999420166016, 85.40999603271484, 85.61000061035156, 85.43000030517578, 84.75, 85.29000091552734, 85.65999603271484, 85.55999755859375, 85.79999542236328, 85.3499984741211, 85.32999420166016, 85.80999755859375, 85.40999603271484, 85.50999450683594, 84.1199951171875, 85.18999481201172, 85.32999420166016, 85.16999816894531], "epochs": [0, 1, 2, 3, 4, 5, 6, 7, 8, 9, 10, 11, 12, 13, 14, 15, 16, 17, 18, 19, 20, 21, 22, 23, 24, 25, 26, 27, 28, 29, 30, 31, 32, 33, 34, 35, 36, 37, 38, 39, 40, 41, 42, 43, 44, 45, 46, 47, 48, 49, 50, 51, 52, 53, 54, 55, 56, 57, 58, 59, 60, 61, 62, 63, 64, 65, 66, 67, 68, 69, 70, 71, 72, 73, 74, 75, 76, 77, 78, 79, 80, 81, 82, 83, 84, 85, 86, 87, 88, 89, 90, 91, 92, 93, 94, 95, 96, 97, 98, 99]}