{"train_losses": [0.013627707026898861, 0.011305971071124077, 0.010306606069207191, 0.009367741644382477, 0.008638727478682995, 0.007944189943373203, 0.0074298195540905, 0.0069410852156579494, 0.006530314218252897, 0.006167983636260033, 0.005859061609953642, 0.005635465960949659, 0.005358860362321138, 0.005086221266537905, 0.004904825706034899, 0.004686576314270496, 0.004554936196655035, 0.004350406117737293, 0.004207841120660305, 0.004109529312700033, 0.003944926429539919, 0.003828373970463872, 0.0037272775080055, 0.003626264864578843, 0.003500135149806738, 0.003421304514631629, 0.003290047636255622, 0.0032054323237389326, 0.0031146083492785692, 0.003046375000849366, 0.0029397064354270697, 0.0028774261008948088, 0.002745836041867733, 0.002713538473471999, 0.00264096911996603, 0.002578227547928691, 0.002542885486036539, 0.002465225523337722, 0.0023760227486491203, 0.002350748050957918, 0.002254834631457925, 0.0022590088192373514, 0.00219316640868783, 0.002083610976114869, 0.002053249394521117, 0.002008171519264579, 0.001964519266039133, 0.0019528123084455729, 0.0018639496993273497, 0.001847285544499755, 0.0018101026071235538, 0.0017868822906166315, 0.0016964697279036045, 0.0017036102944985032, 0.0016605599084869027, 0.0015767434379085898, 0.0015753046609461308, 0.0015619744081050158, 0.0015353115741163492, 0.0014779565390199423, 0.0014671164099127054, 0.001454688492231071, 0.0014276111032813787, 0.0013636276125907898, 0.0013537289341911674, 0.001314450171776116, 0.001315025263465941, 0.0012858323752880096, 0.0012463126331567764, 0.0012109860545024276, 0.001201022183522582, 0.001237727701663971, 0.0011727551463991404, 0.0011497766245156527, 0.001144060050137341, 0.0010810414096340537, 0.0010622602421790361, 0.0010839386377483606, 0.0010770895751193166, 0.0010293528903275728, 0.0010409089736640453, 0.0009976832661777735, 0.0010273343650624156, 0.0009637380135245621, 0.0009632660658098757, 0.0009367125458084047, 0.0009633407462388277, 0.000923221348784864, 0.000928408931940794, 0.0009015422547236085, 0.0009083526092581451, 0.0008784245583228767, 0.000852338329423219, 0.0008372429292649031, 0.0008073662174865603, 0.0008373662130907178, 0.0008039005915634334, 0.0008127319160848856, 0.0008042413974180818, 0.0007903079967945814], "accs": [46.72999954223633, 53.21999740600586, 56.94999694824219, 60.53999710083008, 65.29000091552734, 66.5, 68.70999908447266, 70.72000122070312, 72.61000061035156, 72.56999969482422, 75.15999603271484, 74.1199951171875, 76.0999984741211, 76.56999969482422, 76.13999938964844, 76.08000183105469, 77.25999450683594, 79.12999725341797, 77.90999603271484, 78.29000091552734, 79.32999420166016, 79.32999420166016, 79.57999420166016, 79.93999481201172, 80.93000030517578, 81.22999572753906, 81.18999481201172, 81.9000015258789, 81.7699966430664, 81.33999633789062, 81.75, 82.54000091552734, 82.29000091552734, 82.37999725341797, 82.36000061035156, 82.94999694824219, 81.83999633789062, 82.68999481201172, 82.33999633789062, 81.97999572753906, 82.75999450683594, 81.70999908447266, 82.04999542236328, 82.93000030517578, 82.31999969482422, 83.12999725341797, 82.58999633789062, 82.5999984741211, 83.02999877929688, 82.93999481201172, 82.93000030517578, 82.15999603271484, 83.15999603271484, 82.43999481201172, 83.30999755859375, 83.1500015258789, 83.18999481201172, 83.93000030517578, 82.9000015258789, 83.70999908447266, 82.93999481201172, 83.22000122070312, 83.44999694824219, 83.83999633789062, 83.58999633789062, 83.77999877929688, 83.33999633789062, 83.30999755859375, 83.5999984741211, 83.55999755859375, 82.86000061035156, 83.55999755859375, 83.62999725341797, 83.83999633789062, 83.82999420166016, 83.41999816894531, 83.57999420166016, 83.66999816894531, 83.40999603271484, 83.1199951171875, 83.6199951171875, 83.73999786376953, 83.70999908447266, 83.25, 83.58999633789062, 83.72000122070312, 82.75, 83.4000015258789, 84.02999877929688, 83.95999908447266, 83.91999816894531, 83.98999786376953, 83.91999816894531, 83.75999450683594, 83.6500015258789, 84.0, 83.50999450683594, 83.81999969482422, 83.56999969482422, 84.1500015258789], "epochs": [0, 1, 2, 3, 4, 5, 6, 7, 8, 9, 10, 11, 12, 13, 14, 15, 16, 17, 18, 19, 20, 21, 22, 23, 24, 25, 26, 27, 28, 29, 30, 31, 32, 33, 34, 35, 36, 37, 38, 39, 40, 41, 42, 43, 44, 45, 46, 47, 48, 49, 50, 51, 52, 53, 54, 55, 56, 57, 58, 59, 60, 61, 62, 63, 64, 65, 66, 67, 68, 69, 70, 71, 72, 73, 74, 75, 76, 77, 78, 79, 80, 81, 82, 83, 84, 85, 86, 87, 88, 89, 90, 91, 92, 93, 94, 95, 96, 97, 98, 99]}