{"train_losses": [0.01357092335820198, 0.01137306448072195, 0.010395891033113003, 0.009452873840928078, 0.008584762923419476, 0.007880623452365398, 0.007309070322662592, 0.006859857589006424, 0.006467271130532026, 0.006128119770437479, 0.005828662775456905, 0.005517422221601009, 0.005291710142046213, 0.005033162888139486, 0.004882900044322014, 0.004677948541939259, 0.004505022428929806, 0.004343064036220312, 0.004184002988040447, 0.004096992779523134, 0.003901651594787836, 0.003833197522908449, 0.003704657545313239, 0.003575099166482687, 0.003512841649353504, 0.0033522448502480984, 0.003277087351307273, 0.003177219768986106, 0.0030340291559696198, 0.0029549072496593, 0.00297922408208251, 0.002845572540536523, 0.00276932492852211, 0.0026844474487006664, 0.0026480720844119787, 0.00257235043682158, 0.002490952145308256, 0.0024527516216039658, 0.0023720688186585903, 0.002315396210178733, 0.0022945329546928406, 0.0021925466135144234, 0.002154304413124919, 0.0020752979908138514, 0.0020524784922599792, 0.0020183646120131016, 0.0019998501520603895, 0.0019063198706135154, 0.0018650551792234182, 0.0018395095830783248, 0.0017619992140680552, 0.0017308334354311228, 0.0017174046952277422, 0.0016673665959388018, 0.0016148044960573316, 0.0015876753022894263, 0.001553123933263123, 0.0015432905638590455, 0.0015554322162643075, 0.0014852030435577035, 0.0014513760106638074, 0.001436717459000647, 0.0014066274743527174, 0.0013927927939221263, 0.0013280758867040277, 0.0012901780428364873, 0.001270995126105845, 0.0012835996458306909, 0.0012526208302006125, 0.001204963307827711, 0.001173571334220469, 0.0011892264010384679, 0.00115068384911865, 0.0011436325730755925, 0.001128745498135686, 0.0010757973650470376, 0.0010788945946842432, 0.0010979286162182689, 0.0010341886663809419, 0.001015341724269092, 0.0009914288530126214, 0.0010232089553028345, 0.0009839560370892286, 0.000986033701337874, 0.0009805629961192608, 0.0009265680564567447, 0.0009477421408519149, 0.0008941427222453058, 0.0008795172907412052, 0.0008319702465087175, 0.0009064821642823517, 0.0008913901983760297, 0.0008551542996428907, 0.0008526653982698917, 0.0008462208206765354, 0.0008622719906270504, 0.0008130138157866895, 0.0008051103795878589, 0.0007874531438574195, 0.0007983632385730743], "accs": [45.689998626708984, 53.23999786376953, 54.7599983215332, 61.099998474121094, 64.79000091552734, 66.72999572753906, 68.5199966430664, 71.08000183105469, 71.15999603271484, 72.86000061035156, 71.08000183105469, 75.16999816894531, 76.3699951171875, 75.6500015258789, 77.52999877929688, 77.97999572753906, 77.29999542236328, 78.6199951171875, 79.1500015258789, 79.33999633789062, 79.75, 80.20999908447266, 80.19999694824219, 80.62999725341797, 81.27999877929688, 81.32999420166016, 81.3499984741211, 81.47999572753906, 81.72000122070312, 81.50999450683594, 81.9000015258789, 81.87999725341797, 82.05999755859375, 82.23999786376953, 81.8699951171875, 82.6199951171875, 82.33999633789062, 82.25, 82.47999572753906, 82.22999572753906, 81.87999725341797, 81.94999694824219, 83.13999938964844, 83.12999725341797, 82.77999877929688, 83.30999755859375, 82.94999694824219, 83.22999572753906, 82.43000030517578, 82.68000030517578, 82.82999420166016, 82.75, 83.1500015258789, 82.55999755859375, 82.5999984741211, 82.77999877929688, 82.30999755859375, 83.45999908447266, 82.81999969482422, 82.5999984741211, 83.11000061035156, 82.63999938964844, 82.62999725341797, 83.22000122070312, 83.45999908447266, 82.93999481201172, 83.48999786376953, 83.15999603271484, 83.07999420166016, 82.82999420166016, 82.93999481201172, 82.97999572753906, 83.20999908447266, 83.29999542236328, 83.19999694824219, 83.31999969482422, 83.04999542236328, 83.02999877929688, 83.0999984741211, 83.19999694824219, 82.52999877929688, 83.1199951171875, 83.22000122070312, 83.22999572753906, 82.73999786376953, 83.33999633789062, 82.69999694824219, 83.77999877929688, 83.80999755859375, 83.93000030517578, 83.88999938964844, 83.18999481201172, 83.3699951171875, 83.22999572753906, 83.5199966430664, 83.05999755859375, 83.4000015258789, 83.75, 83.55999755859375, 83.8499984741211], "epochs": [0, 1, 2, 3, 4, 5, 6, 7, 8, 9, 10, 11, 12, 13, 14, 15, 16, 17, 18, 19, 20, 21, 22, 23, 24, 25, 26, 27, 28, 29, 30, 31, 32, 33, 34, 35, 36, 37, 38, 39, 40, 41, 42, 43, 44, 45, 46, 47, 48, 49, 50, 51, 52, 53, 54, 55, 56, 57, 58, 59, 60, 61, 62, 63, 64, 65, 66, 67, 68, 69, 70, 71, 72, 73, 74, 75, 76, 77, 78, 79, 80, 81, 82, 83, 84, 85, 86, 87, 88, 89, 90, 91, 92, 93, 94, 95, 96, 97, 98, 99]}