{"train_losses": [0.01509099081158638, 0.011504948139190674, 0.01017765887081623, 0.009097850881516933, 0.008347507566213608, 0.007567302789539099, 0.007041004952043295, 0.0066746738739311695, 0.006222997792065144, 0.006005228031426668, 0.005657352972775698, 0.0054195043630898, 0.005250514484941959, 0.005022606812417507, 0.005590430926531553, 0.004795217886567116, 0.004633061122149229, 0.004599669482558966, 0.0043754358775913715, 0.004632852505892515, 0.004560460336506367, 0.004845485091209412, 0.003992822021245956, 0.003887719241902232, 0.0038616349920630455, 0.003733838675543666, 0.003666376229375601, 0.003573647467419505, 0.003595448564738035, 0.0035004012752324343, 0.0033578677102923393, 0.0032787614036351442, 0.003693333361297846, 0.003270744578912854, 0.0030724068637937307, 0.003160758875310421, 0.0033262986689805984, 0.0029296393040567636, 0.00288387481123209, 0.0028921484481543303, 0.004721884150058031, 0.003205324290320277, 0.002870001830160618, 0.002870886819437146, 0.0029979797545820475, 0.002730737905949354, 0.0027789375744760036, 0.0026460702065378428, 0.0025730510242283344, 0.0027242223732173443, 0.00257930438965559, 0.002464361023157835, 0.0024696362670511007, 0.0025423027109354734, 0.002370527945458889, 0.00234922650270164, 0.0023333895951509476, 0.00228312099352479, 0.002245087642222643, 0.002253224840387702, 0.0022940251510590315, 0.0021875815000385046, 0.002120685065165162, 0.0021205649245530367, 0.0020786961540579796, 0.0020518582314252853, 0.0023396960459649563, 0.0024402581620961428, 0.001960904337465763, 0.0019497539615258574, 0.001924494979903102, 0.0019055554876103997, 0.0018905977485701442, 0.0018324768170714378, 0.001846240134909749, 0.001888337079435587, 0.004227790050208569, 0.0033883345313370228, 0.002333942335098982, 0.0020171732176095247, 0.0018876035464927554, 0.001853779423981905, 0.0018095043487846851, 0.001816810923628509, 0.0017856861231848598, 0.0017705209320411086, 0.0017259357264265418, 0.0017665678169578314, 0.0016809763619676232, 0.00164730753749609, 0.0016478359466418624, 0.0016161531675606966, 0.0016050159465521574, 0.001594149274751544, 0.0015579205937683582, 0.0015630483394488692, 0.0016543364617973566, 0.001499891746789217, 0.004268959164619446, 0.003714272752404213], "accs": [39.98999786376953, 48.52000045776367, 47.78999710083008, 51.22999954223633, 64.0, 66.0199966430664, 69.0199966430664, 72.97000122070312, 71.36000061035156, 74.22999572753906, 75.70999908447266, 75.98999786376953, 75.58000183105469, 75.6199951171875, 75.4000015258789, 77.66999816894531, 77.80999755859375, 79.87999725341797, 80.13999938964844, 78.97000122070312, 71.83999633789062, 80.15999603271484, 81.95999908447266, 81.18000030517578, 81.75, 81.50999450683594, 81.81999969482422, 79.80999755859375, 82.23999786376953, 79.90999603271484, 82.30999755859375, 77.04999542236328, 82.02999877929688, 82.29999542236328, 79.22000122070312, 75.36000061035156, 82.63999938964844, 82.58999633789062, 83.88999938964844, 83.55999755859375, 81.5, 83.08999633789062, 83.32999420166016, 84.02999877929688, 82.65999603271484, 82.79999542236328, 83.38999938964844, 83.80999755859375, 84.32999420166016, 83.2699966430664, 83.5, 84.23999786376953, 84.08999633789062, 83.70999908447266, 83.98999786376953, 84.11000061035156, 84.31999969482422, 84.52999877929688, 84.5, 83.75999450683594, 84.11000061035156, 83.54999542236328, 83.62999725341797, 83.61000061035156, 84.63999938964844, 84.20999908447266, 81.43000030517578, 84.12999725341797, 83.88999938964844, 84.00999450683594, 84.11000061035156, 84.88999938964844, 84.62999725341797, 84.41999816894531, 83.41999816894531, 84.18999481201172, 76.91999816894531, 83.4000015258789, 84.41999816894531, 84.8699951171875, 84.93999481201172, 84.62999725341797, 84.91999816894531, 84.54000091552734, 84.82999420166016, 84.6199951171875, 84.93000030517578, 84.8499984741211, 84.36000061035156, 84.16999816894531, 84.91999816894531, 84.25, 84.58999633789062, 84.70999908447266, 84.13999938964844, 85.33999633789062, 84.79000091552734, 85.12999725341797, 73.3499984741211, 83.36000061035156], "epochs": [0, 1, 2, 3, 4, 5, 6, 7, 8, 9, 10, 11, 12, 13, 14, 15, 16, 17, 18, 19, 20, 21, 22, 23, 24, 25, 26, 27, 28, 29, 30, 31, 32, 33, 34, 35, 36, 37, 38, 39, 40, 41, 42, 43, 44, 45, 46, 47, 48, 49, 50, 51, 52, 53, 54, 55, 56, 57, 58, 59, 60, 61, 62, 63, 64, 65, 66, 67, 68, 69, 70, 71, 72, 73, 74, 75, 76, 77, 78, 79, 80, 81, 82, 83, 84, 85, 86, 87, 88, 89, 90, 91, 92, 93, 94, 95, 96, 97, 98, 99]}