{"train_losses": [0.01660865731537342, 0.01476980559527874, 0.013611502014100552, 0.012554345652461052, 0.011781278997659683, 0.01107342354953289, 0.010543379001319408, 0.009997040033340454, 0.009550047107040882, 0.009113720618188381, 0.00874469056725502, 0.008411809802055359, 0.008126352913677692, 0.007812070194631815, 0.007601932622492313, 0.0073388065211474895, 0.007130281068384647, 0.006898458115756512, 0.006746510975062847, 0.00654922891408205, 0.00637550326064229, 0.00623040646314621, 0.006094587035477161, 0.006022891495376825, 0.0058413040824234486, 0.005725645460188389, 0.005603957921266556, 0.005486083682626486, 0.005372297018766403, 0.005272736772894859, 0.005154394544661045, 0.005074393004179001, 0.004973599221557379, 0.004880386404693127, 0.004783641081303358, 0.004720364697277546, 0.00466280709952116, 0.004573133774101734, 0.004478913266211748, 0.004397398326545954, 0.004366749431937933, 0.004276474937796593, 0.004185022786259651, 0.004098772536963224, 0.004075678531080484, 0.0040030148811638355, 0.0038966897409409285, 0.003889723215252161, 0.0037795784883201122, 0.0037561338394880295, 0.0036922625731676817, 0.0036561591550707817, 0.00356827350333333, 0.0034950387198477983, 0.003439251333475113, 0.0033605166245251894, 0.003335048444569111, 0.0032375422306358814, 0.0032276646234095097, 0.003199842758476734, 0.0030951627995818853, 0.003117374610155821, 0.0030167405493557453, 0.002993932692334056, 0.002927750814706087, 0.002897476078942418, 0.0028264373540878296, 0.0027750651352107525, 0.002731065498664975, 0.0026728210505098104, 0.0026387639809399843, 0.0026745230425149202, 0.0025847717188298702, 0.002539786510169506, 0.0025428994558751583, 0.0024598930031061172, 0.002414169954136014, 0.002365554915741086, 0.00234384648501873, 0.0023299867752939463, 0.0022576525807380676, 0.0022612090688198805, 0.0022209235467016697, 0.0022352859377861023, 0.0021247444674372673, 0.002064987551420927, 0.0021027151960879564, 0.0020701901521533728, 0.0020000094082206488, 0.0020265914499759674, 0.0019522083457559347, 0.0019207487348467112, 0.0018985120113939047, 0.0018752063624560833, 0.0018497570417821407, 0.0017975805094465613, 0.0018112766556441784, 0.0017640887526795268, 0.0017285299254581332, 0.0016960707725957036], "accs": [29.03999900817871, 35.30999755859375, 41.87999725341797, 46.23999786376953, 49.68000030517578, 52.07999801635742, 54.27000045776367, 56.05999755859375, 58.48999786376953, 60.269996643066406, 60.8599967956543, 62.98999786376953, 64.0999984741211, 65.72999572753906, 67.22000122070312, 66.62999725341797, 68.04999542236328, 68.75999450683594, 69.22999572753906, 69.88999938964844, 70.6500015258789, 71.30999755859375, 71.04000091552734, 71.25999450683594, 71.97999572753906, 72.05999755859375, 72.30999755859375, 72.62999725341797, 72.73999786376953, 73.23999786376953, 73.47999572753906, 73.73999786376953, 73.97999572753906, 74.08000183105469, 73.68000030517578, 74.25999450683594, 74.0, 74.7699966430664, 74.91999816894531, 74.43999481201172, 75.4000015258789, 74.66999816894531, 74.87999725341797, 74.68000030517578, 74.90999603271484, 75.11000061035156, 75.40999603271484, 75.45999908447266, 75.43000030517578, 75.37999725341797, 75.05999755859375, 75.73999786376953, 75.45999908447266, 75.65999603271484, 75.86000061035156, 75.5199966430664, 75.8499984741211, 75.50999450683594, 75.58999633789062, 75.72999572753906, 76.08000183105469, 76.08999633789062, 76.02999877929688, 75.8499984741211, 75.91999816894531, 76.02999877929688, 76.19999694824219, 76.3499984741211, 76.5999984741211, 76.25, 76.31999969482422, 76.47000122070312, 76.27999877929688, 76.48999786376953, 76.44999694824219, 76.18000030517578, 76.13999938964844, 76.31999969482422, 76.38999938964844, 76.18000030517578, 76.23999786376953, 76.04999542236328, 76.08000183105469, 76.66999816894531, 76.12999725341797, 76.08000183105469, 76.16999816894531, 76.36000061035156, 76.19999694824219, 76.45999908447266, 76.33999633789062, 76.52999877929688, 77.04999542236328, 76.29000091552734, 76.18999481201172, 76.04999542236328, 75.8699951171875, 76.23999786376953, 76.45999908447266, 76.1199951171875], "epochs": [0, 1, 2, 3, 4, 5, 6, 7, 8, 9, 10, 11, 12, 13, 14, 15, 16, 17, 18, 19, 20, 21, 22, 23, 24, 25, 26, 27, 28, 29, 30, 31, 32, 33, 34, 35, 36, 37, 38, 39, 40, 41, 42, 43, 44, 45, 46, 47, 48, 49, 50, 51, 52, 53, 54, 55, 56, 57, 58, 59, 60, 61, 62, 63, 64, 65, 66, 67, 68, 69, 70, 71, 72, 73, 74, 75, 76, 77, 78, 79, 80, 81, 82, 83, 84, 85, 86, 87, 88, 89, 90, 91, 92, 93, 94, 95, 96, 97, 98, 99]}