{"train_losses": [0.014694501645863056, 0.011880389414727688, 0.010750556364655495, 0.009832413867115974, 0.008889151737093925, 0.008943681605160236, 0.007759128697216511, 0.007113729137927294, 0.006777273956686258, 0.006424814462661743, 0.008649949915707111, 0.007844519801437855, 0.00647618155926466, 0.00626856554299593, 0.007414436899125576, 0.00782686471939087, 0.006158347241580486, 0.005806998815387487, 0.005463430192321539, 0.005429636221379042, 0.005047314800322056, 0.005003991536796093, 0.0046933917328715324, 0.004680706653743982, 0.004491499625146389, 0.00429912842810154, 0.00442777993157506, 0.004264014307409525, 0.004026343580335379, 0.003999460954219103, 0.004006694070994854, 0.003847392275929451, 0.0038195413071662188, 0.004880999680608511, 0.0037343157455325127, 0.0035642210859805346, 0.0034220507368445396, 0.003362045157700777, 0.00334910093806684, 0.003361873794347048, 0.0032496843487024307, 0.003218622412532568, 0.003192845033481717, 0.003160652704536915, 0.003440875094383955, 0.0029693031683564186, 0.0029279072768986225, 0.0029663892928510904, 0.002856543520465493, 0.0028787783812731504, 0.003000708529725671, 0.0027583374176174402, 0.002712216228246689, 0.0026443132665008307, 0.0025370654184371233, 0.0025346551556140184, 0.0026819687336683273, 0.002565578557550907, 0.0024172961711883545, 0.0024512901436537504, 0.0024563369806855917, 0.0024223101790994406, 0.0023272577673196793, 0.0028966558165848255, 0.0032326597720384598, 0.002358244499191642, 0.002274760277941823, 0.0022450049873441458, 0.002457401715219021, 0.0022533831652253866, 0.0021609400864690542, 0.0021799569949507713, 0.006570199504494667, 0.007652593310922384, 0.00841248594224453, 0.005924830678850412, 0.004774211905896664, 0.0038168183527886868, 0.0032078176736831665, 0.002828875556588173, 0.002630984177812934, 0.0023797103203833103, 0.0022706124000251293, 0.0021927794441580772, 0.0022353846579790115, 0.0021193299908190966, 0.002043310087174177, 0.0021880564745515585, 0.0021395671647042036, 0.0020411720033735037, 0.002093690214678645, 0.0019934414885938168, 0.0019909588154405355, 0.0024990844540297985, 0.0021245686803013086, 0.001907921745441854, 0.001876369584351778, 0.0018928379286080599, 0.001861237920820713, 0.001885032863356173], "accs": [35.79999923706055, 51.30999755859375, 53.23999786376953, 57.769996643066406, 61.72999954223633, 63.519996643066406, 68.25, 67.50999450683594, 68.98999786376953, 70.79999542236328, 60.03999710083008, 70.2699966430664, 72.3699951171875, 74.81999969482422, 52.88999938964844, 70.56999969482422, 74.16999816894531, 74.66999816894531, 76.00999450683594, 76.62999725341797, 77.5199966430664, 75.29000091552734, 74.97999572753906, 78.9000015258789, 77.8499984741211, 77.83000183105469, 78.72999572753906, 79.57999420166016, 79.75, 80.43999481201172, 80.91999816894531, 79.77999877929688, 78.63999938964844, 80.97000122070312, 81.91999816894531, 82.08999633789062, 81.75999450683594, 79.8699951171875, 79.52999877929688, 80.5999984741211, 81.98999786376953, 81.38999938964844, 81.94999694824219, 82.82999420166016, 82.91999816894531, 81.80999755859375, 82.30999755859375, 82.06999969482422, 84.32999420166016, 82.95999908447266, 83.6199951171875, 83.19999694824219, 81.8699951171875, 82.81999969482422, 83.18999481201172, 84.30999755859375, 82.04999542236328, 83.68000030517578, 83.61000061035156, 83.0199966430664, 84.32999420166016, 83.54000091552734, 83.75, 74.48999786376953, 83.44999694824219, 83.47999572753906, 84.65999603271484, 84.05999755859375, 83.52999877929688, 84.40999603271484, 83.98999786376953, 83.75, 64.31999969482422, 51.37999725341797, 71.47999572753906, 76.18999481201172, 79.25999450683594, 82.05999755859375, 83.5, 83.19999694824219, 84.23999786376953, 84.22999572753906, 83.79000091552734, 84.6199951171875, 82.97000122070312, 83.79000091552734, 84.31999969482422, 83.57999420166016, 84.37999725341797, 82.5199966430664, 84.56999969482422, 84.0, 83.0199966430664, 82.81999969482422, 84.41999816894531, 84.07999420166016, 83.31999969482422, 85.30999755859375, 84.1500015258789, 84.25], "epochs": [0, 1, 2, 3, 4, 5, 6, 7, 8, 9, 10, 11, 12, 13, 14, 15, 16, 17, 18, 19, 20, 21, 22, 23, 24, 25, 26, 27, 28, 29, 30, 31, 32, 33, 34, 35, 36, 37, 38, 39, 40, 41, 42, 43, 44, 45, 46, 47, 48, 49, 50, 51, 52, 53, 54, 55, 56, 57, 58, 59, 60, 61, 62, 63, 64, 65, 66, 67, 68, 69, 70, 71, 72, 73, 74, 75, 76, 77, 78, 79, 80, 81, 82, 83, 84, 85, 86, 87, 88, 89, 90, 91, 92, 93, 94, 95, 96, 97, 98, 99]}