{"train_losses": [0.016920987516641617, 0.014979338273406029, 0.01375617180019617, 0.012755023315548897, 0.011979414150118828, 0.011322280392050743, 0.010824683122336864, 0.01029641181230545, 0.00990059319883585, 0.009439710527658463, 0.009041311219334602, 0.008686047978699207, 0.008390659466385841, 0.00808488018810749, 0.007827870547771454, 0.007616542745381594, 0.007338645402342081, 0.007169649936258793, 0.0070021264255046844, 0.006833182182163, 0.006698162294924259, 0.006524006370455027, 0.006427626591175795, 0.006257515866309404, 0.006124678999185562, 0.006056893616914749, 0.005952710285782814, 0.005796257872134447, 0.005729428492486477, 0.00564506696537137, 0.0055437246337533, 0.005507815629243851, 0.005384522490203381, 0.005285199265927076, 0.005230209324508905, 0.0051475646905601025, 0.005084161646664143, 0.004995808005332947, 0.004938938654959202, 0.0049246493726968765, 0.004806865006685257, 0.004746067803353071, 0.004723546095192432, 0.004666981752961874, 0.004556285683065653, 0.004512499552220106, 0.004442083183676004, 0.004381530452519655, 0.00433212099596858, 0.004252956248819828, 0.004238128196448088, 0.0042244913056492805, 0.004160677548497915, 0.004065214656293392, 0.004042200744152069, 0.003970455378293991, 0.003946548327803612, 0.003870292566716671, 0.0038261094596236944, 0.0037816334515810013, 0.003734956495463848, 0.003661880735307932, 0.0036643403582274914, 0.003586407983675599, 0.003567569190636277, 0.0035207136534154415, 0.0034536770544946194, 0.003438550978899002, 0.0033778459765017033, 0.003349150065332651, 0.003271709196269512, 0.0032871223520487547, 0.0032279985025525093, 0.0031274145003408194, 0.0031587162520736456, 0.0030558172147721052, 0.0030706715770065784, 0.002992895431816578, 0.0029679026920348406, 0.002941116923466325, 0.002909761853516102, 0.0029270416125655174, 0.0028070134576410055, 0.0028030569665133953, 0.002740435069426894, 0.0027850731275975704, 0.0026920735836029053, 0.0026631203945726156, 0.0026124471332877874, 0.00262297410517931, 0.0025659489911049604, 0.0025246369186788797, 0.0024854857474565506, 0.0024677447509020567, 0.0024708856362849474, 0.0023884177207946777, 0.0023643055465072393, 0.002346554771065712, 0.0023143647704273462, 0.002283529844135046], "accs": [28.510000228881836, 34.61000061035156, 40.62999725341797, 44.97999954223633, 47.87999725341797, 50.98999786376953, 53.349998474121094, 55.7599983215332, 57.939998626708984, 59.28999710083008, 60.88999938964844, 62.12999725341797, 63.14999771118164, 65.12999725341797, 65.81999969482422, 66.06999969482422, 67.62999725341797, 67.95999908447266, 68.93000030517578, 69.48999786376953, 69.63999938964844, 70.12999725341797, 70.73999786376953, 71.2699966430664, 71.36000061035156, 71.97999572753906, 72.38999938964844, 72.54999542236328, 72.47999572753906, 72.86000061035156, 72.62999725341797, 73.33000183105469, 73.44999694824219, 73.47000122070312, 73.93000030517578, 74.0199966430664, 73.66999816894531, 73.8499984741211, 74.12999725341797, 74.16999816894531, 74.47000122070312, 74.25999450683594, 74.22999572753906, 74.75999450683594, 74.69999694824219, 74.81999969482422, 75.22999572753906, 75.02999877929688, 75.02999877929688, 74.79000091552734, 75.1199951171875, 75.37999725341797, 75.54999542236328, 75.3699951171875, 75.5199966430664, 75.36000061035156, 75.27999877929688, 74.93000030517578, 75.6199951171875, 75.1500015258789, 75.44999694824219, 75.58999633789062, 75.54000091552734, 75.9000015258789, 76.08999633789062, 75.66999816894531, 75.70999908447266, 75.70999908447266, 76.1199951171875, 75.77999877929688, 75.8499984741211, 76.00999450683594, 76.18000030517578, 76.0999984741211, 76.1500015258789, 76.50999450683594, 75.87999725341797, 75.90999603271484, 76.0999984741211, 76.81999969482422, 76.20999908447266, 76.27999877929688, 76.47000122070312, 76.31999969482422, 76.47000122070312, 76.83000183105469, 76.5, 76.3499984741211, 76.47000122070312, 76.37999725341797, 76.00999450683594, 75.91999816894531, 76.20999908447266, 76.40999603271484, 76.38999938964844, 76.58999633789062, 76.72000122070312, 76.6199951171875, 76.29999542236328, 76.38999938964844], "epochs": [0, 1, 2, 3, 4, 5, 6, 7, 8, 9, 10, 11, 12, 13, 14, 15, 16, 17, 18, 19, 20, 21, 22, 23, 24, 25, 26, 27, 28, 29, 30, 31, 32, 33, 34, 35, 36, 37, 38, 39, 40, 41, 42, 43, 44, 45, 46, 47, 48, 49, 50, 51, 52, 53, 54, 55, 56, 57, 58, 59, 60, 61, 62, 63, 64, 65, 66, 67, 68, 69, 70, 71, 72, 73, 74, 75, 76, 77, 78, 79, 80, 81, 82, 83, 84, 85, 86, 87, 88, 89, 90, 91, 92, 93, 94, 95, 96, 97, 98, 99]}