{"train_losses": [0.01481230091303587, 0.011786888353526592, 0.010874022729694843, 0.009931855835020542, 0.009008747525513172, 0.00824134610593319, 0.00755041791126132, 0.0071610757149755955, 0.0067067076452076435, 0.006297906395047903, 0.0075316899456083775, 0.006339194253087044, 0.006024601403623819, 0.00553433271124959, 0.005338957998901606, 0.005216680001467466, 0.006024147383868694, 0.00625003082677722, 0.005126199219375849, 0.004715206101536751, 0.004645462613552809, 0.004507416859269142, 0.004619956947863102, 0.004419186618179083, 0.004314979072660208, 0.004149069078266621, 0.0040051499381661415, 0.003946613986045122, 0.003879554569721222, 0.003732903627678752, 0.003671968588605523, 0.003709731623530388, 0.0035451147705316544, 0.003512302180752158, 0.003420057939365506, 0.0033145295456051826, 0.0032534440979361534, 0.0032499157823622227, 0.0031883595511317253, 0.0031520649790763855, 0.0044837696477770805, 0.0030398976523429155, 0.0028654562775045633, 0.002871227450668812, 0.002951001515612006, 0.003218231024220586, 0.0028234568890184164, 0.0027012606151401997, 0.0026478341314941645, 0.002578226150944829, 0.0025290451012551785, 0.002546813106164336, 0.002588512608781457, 0.0025198571383953094, 0.0024561642203480005, 0.002393261529505253, 0.0024382637348026037, 0.0024127871729433537, 0.002301814267411828, 0.002299200976267457, 0.0022069402039051056, 0.0021698842756450176, 0.0021637650206685066, 0.0021611074917018414, 0.0024458118714392185, 0.0021992477122694254, 0.002047744346782565, 0.0020758763421326876, 0.0019748129416257143, 0.0020162025466561317, 0.0020681784953922033, 0.001936546410433948, 0.0019220232497900724, 0.0018642342183738947, 0.0020152998622506857, 0.001935086795128882, 0.00361423846334219, 0.00210665725171566, 0.0019213709747418761, 0.0018831298220902681, 0.0018769780872389674, 0.001846281811594963, 0.0018792240880429745, 0.001751521835103631, 0.001692107762210071, 0.0016948806587606668, 0.0017757231835275888, 0.0017375873867422342, 0.0028021731413900852, 0.001744465553201735, 0.0016473311698064208, 0.001757351215928793, 0.0016447032103314996, 0.0015324713895097375, 0.0015877200057730079, 0.0015862042782828212, 0.0015592225827276707, 0.0015542060136795044, 0.0015500857261940837, 0.001575732952915132], "accs": [36.30999755859375, 53.77000045776367, 55.849998474121094, 56.05999755859375, 62.22999954223633, 62.71999740600586, 70.22999572753906, 67.4000015258789, 70.83999633789062, 75.12999725341797, 71.0, 70.77999877929688, 73.30999755859375, 75.05999755859375, 77.5999984741211, 78.29999542236328, 52.5, 75.54000091552734, 78.77999877929688, 77.58000183105469, 78.6199951171875, 80.57999420166016, 79.63999938964844, 76.83999633789062, 80.3499984741211, 80.3699951171875, 80.66999816894531, 81.33999633789062, 81.23999786376953, 82.0, 82.48999786376953, 80.69999694824219, 81.83999633789062, 80.93000030517578, 81.97999572753906, 81.70999908447266, 82.00999450683594, 83.55999755859375, 83.5199966430664, 72.29999542236328, 82.91999816894531, 83.72999572753906, 84.33999633789062, 84.23999786376953, 83.69999694824219, 83.81999969482422, 83.70999908447266, 84.31999969482422, 85.11000061035156, 84.91999816894531, 82.95999908447266, 84.91999816894531, 83.93999481201172, 85.00999450683594, 84.55999755859375, 84.06999969482422, 84.47999572753906, 85.16999816894531, 83.95999908447266, 84.94999694824219, 84.79000091552734, 84.90999603271484, 84.27999877929688, 83.70999908447266, 83.87999725341797, 85.13999938964844, 85.41999816894531, 84.7699966430664, 84.8699951171875, 84.38999938964844, 85.75999450683594, 85.75999450683594, 83.79000091552734, 84.43999481201172, 84.2699966430664, 85.04000091552734, 84.3499984741211, 85.05999755859375, 85.05999755859375, 85.29000091552734, 85.18999481201172, 86.0, 84.56999969482422, 85.38999938964844, 84.93999481201172, 84.2699966430664, 84.77999877929688, 84.12999725341797, 85.3699951171875, 85.47000122070312, 85.02999877929688, 84.12999725341797, 84.93000030517578, 85.07999420166016, 86.0199966430664, 83.95999908447266, 85.19999694824219, 85.9000015258789, 85.5999984741211, 85.44999694824219], "epochs": [0, 1, 2, 3, 4, 5, 6, 7, 8, 9, 10, 11, 12, 13, 14, 15, 16, 17, 18, 19, 20, 21, 22, 23, 24, 25, 26, 27, 28, 29, 30, 31, 32, 33, 34, 35, 36, 37, 38, 39, 40, 41, 42, 43, 44, 45, 46, 47, 48, 49, 50, 51, 52, 53, 54, 55, 56, 57, 58, 59, 60, 61, 62, 63, 64, 65, 66, 67, 68, 69, 70, 71, 72, 73, 74, 75, 76, 77, 78, 79, 80, 81, 82, 83, 84, 85, 86, 87, 88, 89, 90, 91, 92, 93, 94, 95, 96, 97, 98, 99]}