{"train_losses": [0.014744743704795837, 0.01133988332003355, 0.010248113423585892, 0.009224977344274521, 0.008274747990071774, 0.007629336789250374, 0.00708683580160141, 0.006651005707681179, 0.006267612800002098, 0.005841695237904787, 0.00551835261285305, 0.005256949923932552, 0.005109877325594425, 0.004908045753836632, 0.004609387833625078, 0.004486155696213245, 0.004315870814025402, 0.004216320812702179, 0.004065911751240492, 0.004010472446680069, 0.003864468540996313, 0.003796710167080164, 0.0036988756619393826, 0.003634840715676546, 0.003533237148076296, 0.0034435747656971216, 0.0033833931665867567, 0.0032820524647831917, 0.0032505285926163197, 0.0031565139070153236, 0.003058901522308588, 0.003100775182247162, 0.003048237645998597, 0.002948900917544961, 0.0028699852991849184, 0.0028751895297318697, 0.002908643102273345, 0.0031451189424842596, 0.0030607273802161217, 0.003136085346341133, 0.00302125490270555, 0.0026706461794674397, 0.0026889697182923555, 0.0026105190627276897, 0.0026051646564155817, 0.0025304637383669615, 0.0024445727467536926, 0.002357334364205599, 0.0023457601200789213, 0.0023164264857769012, 0.0023567983880639076, 0.0024712823797017336, 0.00237611448392272, 0.0022469637915492058, 0.002240896923467517, 0.0021891186479479074, 0.0021703962702304125, 0.0021603472996503115, 0.0020531965419650078, 0.0020779049955308437, 0.001954088918864727, 0.0019617427606135607, 0.0019467717502266169, 0.0019295195816084743, 0.0019373673712834716, 0.001858271425589919, 0.0018484566826373339, 0.0018772962503135204, 0.0018407643074169755, 0.0018359150271862745, 0.001782997278496623, 0.0019451300613582134, 0.001957631204277277, 0.0017551197670400143, 0.0017473046900704503, 0.0017190119251608849, 0.001693881000392139, 0.0016542293597012758, 0.0016338323475793004, 0.0015951243694871664, 0.0015373246278613806, 0.0015282102394849062, 0.0015551791293546557, 0.001569785876199603, 0.001490490511059761, 0.0015125073259696364, 0.0014133331133052707, 0.0014704166678711772, 0.0014479728415608406, 0.0014109346084296703, 0.0014231771929189563, 0.001415773993358016, 0.0014154973905533552, 0.0013239647960290313, 0.0013905195519328117, 0.0013853362761437893, 0.0013239592080935836, 0.0013421258190646768, 0.0013257799437269568, 0.0012881297152489424], "accs": [44.96999740600586, 52.62999725341797, 57.3599967956543, 59.8599967956543, 65.36000061035156, 60.599998474121094, 69.87999725341797, 68.43999481201172, 73.18999481201172, 73.93000030517578, 75.0199966430664, 77.62999725341797, 76.75, 78.04000091552734, 79.48999786376953, 79.66999816894531, 79.65999603271484, 78.43000030517578, 80.66999816894531, 80.58999633789062, 80.48999786376953, 81.19999694824219, 81.70999908447266, 80.81999969482422, 82.1199951171875, 82.47999572753906, 82.43000030517578, 82.20999908447266, 82.43000030517578, 81.81999969482422, 82.11000061035156, 82.04000091552734, 82.40999603271484, 82.79000091552734, 83.0999984741211, 83.3499984741211, 81.22000122070312, 82.32999420166016, 83.43999481201172, 81.12999725341797, 82.87999725341797, 82.87999725341797, 83.72999572753906, 84.18999481201172, 83.90999603271484, 83.43000030517578, 83.87999725341797, 82.66999816894531, 83.4000015258789, 83.58999633789062, 83.47999572753906, 82.86000061035156, 84.0199966430664, 84.44999694824219, 84.41999816894531, 84.23999786376953, 83.13999938964844, 83.5999984741211, 83.73999786376953, 84.38999938964844, 83.73999786376953, 84.18000030517578, 84.02999877929688, 84.68000030517578, 83.93000030517578, 83.69999694824219, 84.43999481201172, 84.68999481201172, 84.25999450683594, 84.27999877929688, 84.8499984741211, 83.45999908447266, 84.29999542236328, 83.48999786376953, 83.5199966430664, 85.1500015258789, 83.8499984741211, 84.36000061035156, 84.69999694824219, 84.4000015258789, 84.50999450683594, 85.29000091552734, 84.0, 84.43000030517578, 84.68999481201172, 84.79999542236328, 85.0199966430664, 83.98999786376953, 84.93000030517578, 84.25999450683594, 83.29999542236328, 84.5, 84.63999938964844, 83.93000030517578, 85.02999877929688, 84.90999603271484, 83.83999633789062, 84.5, 84.19999694824219, 84.93000030517578], "epochs": [0, 1, 2, 3, 4, 5, 6, 7, 8, 9, 10, 11, 12, 13, 14, 15, 16, 17, 18, 19, 20, 21, 22, 23, 24, 25, 26, 27, 28, 29, 30, 31, 32, 33, 34, 35, 36, 37, 38, 39, 40, 41, 42, 43, 44, 45, 46, 47, 48, 49, 50, 51, 52, 53, 54, 55, 56, 57, 58, 59, 60, 61, 62, 63, 64, 65, 66, 67, 68, 69, 70, 71, 72, 73, 74, 75, 76, 77, 78, 79, 80, 81, 82, 83, 84, 85, 86, 87, 88, 89, 90, 91, 92, 93, 94, 95, 96, 97, 98, 99]}