{"train_losses": [0.015958717092871666, 0.012749693356454372, 0.011562214232981205, 0.010592292994260788, 0.009688789956271648, 0.009042228572070599, 0.008332484401762486, 0.007747049443423748, 0.007219999097287655, 0.006926402449607849, 0.006512447260320187, 0.006202417891472578, 0.005841064266860485, 0.00559742609038949, 0.0053278300911188126, 0.005156550090759993, 0.004895003512501717, 0.004760173615068197, 0.004548899829387665, 0.0044037094339728355, 0.00426734983921051, 0.004051904194056988, 0.0039588515646755695, 0.003781894687563181, 0.0037360992282629013, 0.0036121432203799486, 0.003497413592413068, 0.003401690861210227, 0.0033160087186843157, 0.003199199214577675, 0.003105458803474903, 0.003026244230568409, 0.002896446967497468, 0.0028641049284487963, 0.002798245055601001, 0.002724579069763422, 0.002621597843244672, 0.0025636882055550814, 0.002492217579856515, 0.0024239621125161648, 0.0023474597837775946, 0.0023902710527181625, 0.0022443963680416346, 0.0022438920568674803, 0.002145773032680154, 0.0021299743093550205, 0.0020445091649889946, 0.0019977919291704893, 0.001984165981411934, 0.0018556551076471806, 0.0018621900817379355, 0.001825348474085331, 0.0017848605057224631, 0.0017646584892645478, 0.001732306438498199, 0.0016470766859129071, 0.0016201009275391698, 0.0015854861121624708, 0.0016239238902926445, 0.0014727080706506968, 0.0015022072475403547, 0.0014651286182925105, 0.0014451455790549517, 0.0014443089021369815, 0.0014071273617446423, 0.0013455275911837816, 0.001315861358307302, 0.0012737332144752145, 0.0012919703731313348, 0.0012401888379827142, 0.0012203496880829334, 0.0012125843204557896, 0.0011780791683122516, 0.0011736685410141945, 0.0011449581943452358, 0.0011228841030970216, 0.001114138518460095, 0.001054968568496406, 0.0010604877024888992, 0.001093009952455759, 0.0009679759969003499, 0.0010044396622106433, 0.0010286173783242702, 0.0010190350003540516, 0.0009623873047530651, 0.0009654278983362019, 0.000918000063393265, 0.0009284834959544241, 0.0009330798056907952, 0.0008946585585363209, 0.0009366245940327644, 0.0009402239229530096, 0.000808343815151602, 0.0008998316479846835, 0.0008201658492907882, 0.0008364726672880352, 0.0008085562731139362, 0.0008261437178589404, 0.0007738684653304517, 0.0007728435448370874], "accs": [38.959999084472656, 46.64999771118164, 50.86000061035156, 54.05999755859375, 57.80999755859375, 60.34000015258789, 64.15999603271484, 66.91999816894531, 67.33999633789062, 68.25, 71.58000183105469, 71.81999969482422, 74.69999694824219, 73.9000015258789, 75.70999908447266, 75.37999725341797, 75.98999786376953, 77.66999816894531, 77.66999816894531, 76.65999603271484, 78.88999938964844, 78.75, 79.22999572753906, 79.97999572753906, 78.80999755859375, 79.43999481201172, 80.50999450683594, 80.56999969482422, 80.7699966430664, 81.56999969482422, 81.43999481201172, 81.08999633789062, 81.9000015258789, 81.0199966430664, 81.56999969482422, 82.08999633789062, 81.52999877929688, 82.0199966430664, 82.31999969482422, 82.44999694824219, 82.72000122070312, 82.43000030517578, 82.16999816894531, 82.8499984741211, 82.47000122070312, 82.5199966430664, 82.93000030517578, 82.5199966430664, 82.72999572753906, 82.18999481201172, 82.12999725341797, 82.6199951171875, 82.3699951171875, 82.83999633789062, 82.0199966430664, 82.30999755859375, 83.54999542236328, 82.58999633789062, 82.98999786376953, 82.6199951171875, 82.8699951171875, 82.77999877929688, 83.3499984741211, 83.04000091552734, 83.0199966430664, 82.81999969482422, 83.0999984741211, 82.94999694824219, 82.5999984741211, 83.23999786376953, 83.04999542236328, 82.8699951171875, 83.0199966430664, 83.50999450683594, 83.04999542236328, 83.22999572753906, 83.48999786376953, 83.12999725341797, 82.97999572753906, 83.5999984741211, 83.77999877929688, 83.5, 82.9000015258789, 83.47000122070312, 82.77999877929688, 83.6500015258789, 83.48999786376953, 83.54000091552734, 83.40999603271484, 83.8499984741211, 83.20999908447266, 83.29999542236328, 83.40999603271484, 83.15999603271484, 83.13999938964844, 83.13999938964844, 83.29000091552734, 83.0999984741211, 83.58999633789062, 83.3499984741211], "epochs": [0, 1, 2, 3, 4, 5, 6, 7, 8, 9, 10, 11, 12, 13, 14, 15, 16, 17, 18, 19, 20, 21, 22, 23, 24, 25, 26, 27, 28, 29, 30, 31, 32, 33, 34, 35, 36, 37, 38, 39, 40, 41, 42, 43, 44, 45, 46, 47, 48, 49, 50, 51, 52, 53, 54, 55, 56, 57, 58, 59, 60, 61, 62, 63, 64, 65, 66, 67, 68, 69, 70, 71, 72, 73, 74, 75, 76, 77, 78, 79, 80, 81, 82, 83, 84, 85, 86, 87, 88, 89, 90, 91, 92, 93, 94, 95, 96, 97, 98, 99]}