{"train_losses": [0.012017904780805111, 0.009180189110338688, 0.008506926707923412, 0.0077928886748850346, 0.007083893287926912, 0.006454367656260729, 0.006018373183906078, 0.005705417133867741, 0.005288223270326853, 0.005031260661780834, 0.004745252430438995, 0.004507636651396751, 0.004346090368926525, 0.004158222582191229, 0.0040205176919698715, 0.003875727765262127, 0.003750808537006378, 0.0036172326654195786, 0.0035141592379659414, 0.0034206064883619547, 0.003419384593144059, 0.0032428759150207043, 0.003173219505697489, 0.0031156158074736595, 0.002987529616802931, 0.0029055767226964235, 0.00282591232098639, 0.002753158565610647, 0.0026801161002367735, 0.0026404294185340405, 0.0025889587122946978, 0.0025484052021056414, 0.0024954690597951412, 0.0024280024226754904, 0.0023737759329378605, 0.0024833970237523317, 0.002293146913871169, 0.002205495024099946, 0.0021917447447776794, 0.002152955625206232, 0.0021407504100352526, 0.0020811902359128, 0.002060837810859084, 0.001998963998630643, 0.001999139552935958, 0.001963066402822733, 0.0019083668012171984, 0.001925232238136232, 0.001862080185674131, 0.0018252178560942411, 0.0017953759524971247, 0.0017854253528639674, 0.001760292798280716, 0.001706527778878808, 0.0016711981734260917, 0.0016259857220575213, 0.0016245826845988631, 0.0016221854602918029, 0.0015630663838237524, 0.001589098828844726, 0.0015250653959810734, 0.0014793064910918474, 0.001491088536567986, 0.001468947739340365, 0.0014346870593726635, 0.001416650484316051, 0.001382207265123725, 0.0013931292342022061, 0.0013855628203600645, 0.001335819368250668, 0.0013119447976350784, 0.0013188245939090848, 0.0013172044418752193, 0.0012792481575161219, 0.0012476284755393863, 0.0012226313119754195, 0.0012198196491226554, 0.0012005757307633758, 0.0011820265790447593, 0.001173450262285769, 0.0011225981870666146, 0.0011408883146941662, 0.0011127172037959099, 0.0011265154462307692, 0.0011180622968822718, 0.0010588569566607475, 0.0010814705165103078, 0.0010815898422151804, 0.0010351375676691532, 0.0010241835843771696, 0.0009982652263715863, 0.001004693447612226, 0.0009635630412958562, 0.000964167236816138, 0.0009493301040492952, 0.0009311384637840092, 0.0009553690906614065, 0.0009344144491478801, 0.0009132882696576416, 0.0009122046176344156], "accs": [52.62999725341797, 55.28999710083008, 65.65999603271484, 68.05999755859375, 69.04000091552734, 72.33999633789062, 71.69999694824219, 71.15999603271484, 75.8699951171875, 74.18999481201172, 77.22000122070312, 78.41999816894531, 79.80999755859375, 79.68000030517578, 79.69999694824219, 80.79000091552734, 81.93000030517578, 81.04999542236328, 81.33999633789062, 79.0, 82.06999969482422, 82.4000015258789, 82.31999969482422, 82.29999542236328, 83.29999542236328, 82.79999542236328, 83.37999725341797, 83.36000061035156, 83.31999969482422, 83.13999938964844, 83.30999755859375, 83.6199951171875, 83.04000091552734, 83.98999786376953, 83.68999481201172, 83.06999969482422, 82.52999877929688, 84.19999694824219, 83.81999969482422, 84.13999938964844, 83.79000091552734, 83.82999420166016, 83.98999786376953, 83.55999755859375, 83.54000091552734, 83.8499984741211, 84.31999969482422, 83.62999725341797, 84.23999786376953, 84.79999542236328, 83.22999572753906, 84.58999633789062, 84.40999603271484, 84.5, 84.5199966430664, 84.5199966430664, 84.83999633789062, 84.4000015258789, 84.3699951171875, 84.65999603271484, 84.79000091552734, 84.31999969482422, 85.0, 84.58999633789062, 84.79999542236328, 84.3499984741211, 84.66999816894531, 85.0999984741211, 84.9000015258789, 84.63999938964844, 84.82999420166016, 84.80999755859375, 85.00999450683594, 84.33999633789062, 84.32999420166016, 84.68999481201172, 84.6199951171875, 85.06999969482422, 84.48999786376953, 84.68000030517578, 84.6199951171875, 85.06999969482422, 84.88999938964844, 84.0199966430664, 85.04000091552734, 84.66999816894531, 84.54000091552734, 85.12999725341797, 85.0, 84.90999603271484, 84.41999816894531, 85.02999877929688, 85.06999969482422, 84.5, 84.23999786376953, 84.6199951171875, 84.6199951171875, 84.75, 85.0, 84.98999786376953], "epochs": [0, 1, 2, 3, 4, 5, 6, 7, 8, 9, 10, 11, 12, 13, 14, 15, 16, 17, 18, 19, 20, 21, 22, 23, 24, 25, 26, 27, 28, 29, 30, 31, 32, 33, 34, 35, 36, 37, 38, 39, 40, 41, 42, 43, 44, 45, 46, 47, 48, 49, 50, 51, 52, 53, 54, 55, 56, 57, 58, 59, 60, 61, 62, 63, 64, 65, 66, 67, 68, 69, 70, 71, 72, 73, 74, 75, 76, 77, 78, 79, 80, 81, 82, 83, 84, 85, 86, 87, 88, 89, 90, 91, 92, 93, 94, 95, 96, 97, 98, 99]}