{"train_losses": [0.019263770431280136, 0.01827278733253479, 0.017192456871271133, 0.016030574217438698, 0.015190915204584599, 0.014557902701199055, 0.014053832739591599, 0.013607284985482693, 0.013218065723776817, 0.012891983613371849, 0.012605950236320496, 0.012351978570222855, 0.012087160721421242, 0.011904453858733177, 0.011674146167933941, 0.011510251089930534, 0.01131807267665863, 0.011212206445634365, 0.011116290464997292, 0.010932251811027527, 0.01081220805644989, 0.010669168084859848, 0.010579359717667103, 0.010421589016914368, 0.010281718336045742, 0.01020191702991724, 0.01007781084626913, 0.010007665492594242, 0.009873720817267895, 0.009784494526684284, 0.009671851992607117, 0.009597131051123142, 0.00947363581508398, 0.009409360587596893, 0.00930908415466547, 0.00923831481486559, 0.009167900308966637, 0.009091828018426895, 0.008992252871394157, 0.008937465026974678, 0.008837290108203888, 0.008772890083491802, 0.008727207779884338, 0.008659282699227333, 0.008580083958804607, 0.008507517166435719, 0.008458028547465801, 0.008381529711186886, 0.008332747034728527, 0.008250890299677849, 0.00822789128869772, 0.008204747922718525, 0.008130409754812717, 0.008079854771494865, 0.008014723658561707, 0.007986214011907578, 0.007937338203191757, 0.00786671694368124, 0.007866628468036652, 0.007807154208421707, 0.007743082474917173, 0.007730845361948013, 0.007676315028220415, 0.007619141601026058, 0.007607758045196533, 0.0075515019707381725, 0.007508986163884401, 0.007486535236239433, 0.0074814134277403355, 0.007415165659040213, 0.007320292294025421, 0.007335511967539787, 0.007316775154322386, 0.0072776442393660545, 0.007241756189614534, 0.007165559101849794, 0.007160446140915155, 0.0071201445534825325, 0.007103338837623596, 0.007102039642632008, 0.00704962620511651, 0.007004383951425552, 0.007027203217148781, 0.006959982216358185, 0.006931128911674023, 0.006908821407705545, 0.006899446249008179, 0.00688060000538826, 0.006834336556494236, 0.006809884682297707, 0.006765390280634165, 0.006776913069188595, 0.006762615405023098, 0.006704260129481554, 0.006715729366987944, 0.006652070675045252, 0.006637980695813894, 0.0066259573213756084, 0.006620036903768778, 0.006540115922689438], "accs": [13.15999984741211, 16.25, 22.959999084472656, 28.78999900817871, 32.96999740600586, 35.65999984741211, 38.5, 39.78999710083008, 41.5, 43.40999984741211, 44.96999740600586, 46.14999771118164, 47.15999984741211, 48.30999755859375, 48.73999786376953, 49.38999938964844, 50.13999938964844, 50.98999786376953, 51.8599967956543, 52.31999969482422, 52.5, 53.06999969482422, 53.54999923706055, 54.05999755859375, 54.099998474121094, 54.73999786376953, 55.39999771118164, 55.69999694824219, 55.94999694824219, 56.37999725341797, 56.79999923706055, 57.09000015258789, 57.689998626708984, 57.96999740600586, 58.38999938964844, 58.769996643066406, 58.959999084472656, 59.23999786376953, 59.48999786376953, 59.689998626708984, 60.30999755859375, 60.59000015258789, 60.55999755859375, 60.97999954223633, 61.21999740600586, 61.779998779296875, 62.099998474121094, 62.25, 62.37999725341797, 62.82999801635742, 62.96999740600586, 63.439998626708984, 63.23999786376953, 63.65999984741211, 64.08000183105469, 64.08999633789062, 64.08000183105469, 64.47999572753906, 64.56999969482422, 64.7699966430664, 64.79000091552734, 64.97999572753906, 65.37999725341797, 65.19999694824219, 65.54000091552734, 65.68999481201172, 65.73999786376953, 66.05999755859375, 66.1500015258789, 66.31999969482422, 66.15999603271484, 66.50999450683594, 66.70999908447266, 66.8499984741211, 66.56999969482422, 66.5199966430664, 66.75, 67.00999450683594, 66.91999816894531, 67.05999755859375, 67.29999542236328, 67.52999877929688, 67.38999938964844, 67.43000030517578, 67.8499984741211, 67.65999603271484, 67.93000030517578, 67.80999755859375, 67.68999481201172, 67.94999694824219, 68.02999877929688, 67.9000015258789, 68.19999694824219, 68.38999938964844, 68.25, 68.4000015258789, 68.27999877929688, 68.2699966430664, 68.33000183105469, 68.25], "epochs": [0, 1, 2, 3, 4, 5, 6, 7, 8, 9, 10, 11, 12, 13, 14, 15, 16, 17, 18, 19, 20, 21, 22, 23, 24, 25, 26, 27, 28, 29, 30, 31, 32, 33, 34, 35, 36, 37, 38, 39, 40, 41, 42, 43, 44, 45, 46, 47, 48, 49, 50, 51, 52, 53, 54, 55, 56, 57, 58, 59, 60, 61, 62, 63, 64, 65, 66, 67, 68, 69, 70, 71, 72, 73, 74, 75, 76, 77, 78, 79, 80, 81, 82, 83, 84, 85, 86, 87, 88, 89, 90, 91, 92, 93, 94, 95, 96, 97, 98, 99]}