{"train_losses": [0.01677628979086876, 0.014777530916035175, 0.013610782101750374, 0.012591881677508354, 0.011797004379332066, 0.011226026341319084, 0.010726752690970898, 0.010196507908403873, 0.009732918813824654, 0.00930035300552845, 0.008926750160753727, 0.008586887270212173, 0.008306333795189857, 0.008010895922780037, 0.007744466420263052, 0.007535418961197138, 0.007312485948204994, 0.007101607508957386, 0.006945345085114241, 0.0068161338567733765, 0.00665281480178237, 0.006443849299103022, 0.006381087936460972, 0.0062154619954526424, 0.00609061261638999, 0.005995254963636398, 0.005888270679861307, 0.005745948292315006, 0.0056541794911026955, 0.005594112444669008, 0.00554041750729084, 0.005401761271059513, 0.005315330810844898, 0.0052192858420312405, 0.005186888854950666, 0.005099447909742594, 0.005036519840359688, 0.004977013450115919, 0.004900777246803045, 0.004855305887758732, 0.004736895672976971, 0.004679200705140829, 0.004605183377861977, 0.004580256063491106, 0.004549052100628614, 0.004456731025129557, 0.004392549861222506, 0.004329538904130459, 0.004284578375518322, 0.004238024353981018, 0.004150954075157642, 0.004153371322900057, 0.0040605328977108, 0.004037944134324789, 0.003998260945081711, 0.0039254529401659966, 0.003930266015231609, 0.0037945318035781384, 0.0037770550698041916, 0.0037469964008778334, 0.0036921401042491198, 0.003635239088907838, 0.00364918471314013, 0.003559002885594964, 0.0035410774871706963, 0.003432556753978133, 0.0034245222341269255, 0.003374003106728196, 0.0033308486454188824, 0.003301461925730109, 0.0032693000975996256, 0.0031899723690003157, 0.003181477077305317, 0.0031227224972099066, 0.003092946484684944, 0.0030400389805436134, 0.003006104612722993, 0.0029341401532292366, 0.002968795597553253, 0.0029247947968542576, 0.0028799825813621283, 0.0028317365795373917, 0.00279280636459589, 0.0027607420925050974, 0.0027353987097740173, 0.0027509480714797974, 0.0026417402550578117, 0.0026297331787645817, 0.002636977704241872, 0.0025600253138691187, 0.0025646144058555365, 0.002471938030794263, 0.0024863434955477715, 0.002464346121996641, 0.002421461744233966, 0.0023883890826255083, 0.002373006660491228, 0.002349249320104718, 0.0022973825689405203, 0.00225248490460217], "accs": [30.189998626708984, 35.41999816894531, 40.71999740600586, 44.87999725341797, 48.14999771118164, 51.28999710083008, 53.77000045776367, 56.05999755859375, 58.46999740600586, 59.39999771118164, 61.519996643066406, 62.54999923706055, 64.3499984741211, 64.43999481201172, 65.91999816894531, 67.06999969482422, 67.72000122070312, 67.91999816894531, 68.8699951171875, 69.04000091552734, 69.98999786376953, 69.98999786376953, 70.50999450683594, 71.41999816894531, 71.2699966430664, 71.97000122070312, 72.25, 72.58999633789062, 72.63999938964844, 72.68000030517578, 73.25, 73.43000030517578, 73.5199966430664, 73.54000091552734, 73.80999755859375, 74.0199966430664, 74.22000122070312, 74.11000061035156, 74.54999542236328, 74.20999908447266, 74.6199951171875, 74.98999786376953, 74.8499984741211, 74.88999938964844, 75.29000091552734, 75.16999816894531, 75.3699951171875, 75.5199966430664, 75.97000122070312, 75.04999542236328, 75.25, 75.87999725341797, 75.38999938964844, 75.90999603271484, 76.04999542236328, 76.0999984741211, 76.33999633789062, 76.1199951171875, 76.2699966430664, 76.44999694824219, 76.3499984741211, 75.73999786376953, 76.45999908447266, 76.06999969482422, 76.48999786376953, 76.63999938964844, 76.54999542236328, 76.13999938964844, 76.16999816894531, 76.58999633789062, 76.22999572753906, 76.7699966430664, 76.72000122070312, 76.33000183105469, 76.90999603271484, 76.83000183105469, 76.54000091552734, 76.7699966430664, 76.5, 76.33000183105469, 76.56999969482422, 76.54000091552734, 77.04999542236328, 76.81999969482422, 76.1199951171875, 76.23999786376953, 76.3699951171875, 76.70999908447266, 76.29999542236328, 76.73999786376953, 76.68000030517578, 76.88999938964844, 76.1199951171875, 76.45999908447266, 76.97000122070312, 76.38999938964844, 77.25999450683594, 76.90999603271484, 77.23999786376953, 77.0199966430664], "epochs": [0, 1, 2, 3, 4, 5, 6, 7, 8, 9, 10, 11, 12, 13, 14, 15, 16, 17, 18, 19, 20, 21, 22, 23, 24, 25, 26, 27, 28, 29, 30, 31, 32, 33, 34, 35, 36, 37, 38, 39, 40, 41, 42, 43, 44, 45, 46, 47, 48, 49, 50, 51, 52, 53, 54, 55, 56, 57, 58, 59, 60, 61, 62, 63, 64, 65, 66, 67, 68, 69, 70, 71, 72, 73, 74, 75, 76, 77, 78, 79, 80, 81, 82, 83, 84, 85, 86, 87, 88, 89, 90, 91, 92, 93, 94, 95, 96, 97, 98, 99]}