{"train_losses": [0.013667060062289238, 0.011461814865469933, 0.010549414902925491, 0.009633046574890614, 0.008726116269826889, 0.008033430203795433, 0.007480470463633537, 0.006998903583735228, 0.006589620374143124, 0.006235957611352205, 0.0059418142773211, 0.00568817974999547, 0.0054239388555288315, 0.005143897142261267, 0.004963662475347519, 0.0047643473371863365, 0.004637272097170353, 0.004487909376621246, 0.004321734886616468, 0.0041954186744987965, 0.004013665486127138, 0.0039495122618973255, 0.0038463110104203224, 0.003720248583704233, 0.003580352757126093, 0.0035217427648603916, 0.003457730868831277, 0.003379200352355838, 0.0032702379394322634, 0.003192571923136711, 0.0031087975949048996, 0.003043586853891611, 0.002960245357826352, 0.002893642522394657, 0.0028232925105839968, 0.0027878335677087307, 0.002699063392356038, 0.0026691860985010862, 0.002591828815639019, 0.002505481243133545, 0.002436877926811576, 0.002421690383926034, 0.002359418198466301, 0.002356198849156499, 0.0022576942574232817, 0.00219392660073936, 0.002143648685887456, 0.0021205933298915625, 0.0021172682754695415, 0.00206806231290102, 0.0020006203558295965, 0.001986726885661483, 0.0018939246656373143, 0.0018551580142229795, 0.0018086930504068732, 0.0018237810581922531, 0.0017670062370598316, 0.0017579623963683844, 0.0017409134889021516, 0.0016482567880302668, 0.0016040642512962222, 0.0015771894250065088, 0.00159124203491956, 0.0015793265774846077, 0.0015370429027825594, 0.001497745979577303, 0.0014551805797964334, 0.0014373727608472109, 0.0014080512337386608, 0.0013562464155256748, 0.0013985111145302653, 0.0013306258479133248, 0.0013219022657722235, 0.0012536232825368643, 0.0012620532652363181, 0.0012295054038986564, 0.0011844104155898094, 0.0011673115659505129, 0.0011890248861163855, 0.0011730426922440529, 0.0011181749869138002, 0.0011098257964476943, 0.001111867604777217, 0.0010782156605273485, 0.001044414471834898, 0.0010666109155863523, 0.0010106624104082584, 0.0010199920507147908, 0.000995340757071972, 0.0010153669863939285, 0.0009650991414673626, 0.0009446853655390441, 0.0009572668350301683, 0.0008867682190611959, 0.0008999763522297144, 0.0008773634908720851, 0.0009029458160512149, 0.0008979160338640213, 0.0008724686922505498, 0.0008683138876222074], "accs": [46.34000015258789, 51.44999694824219, 54.939998626708984, 60.68000030517578, 64.6199951171875, 66.29999542236328, 68.47999572753906, 70.06999969482422, 73.00999450683594, 71.86000061035156, 74.02999877929688, 74.47999572753906, 75.83000183105469, 76.52999877929688, 75.91999816894531, 76.02999877929688, 77.54999542236328, 78.29000091552734, 77.83000183105469, 78.82999420166016, 79.15999603271484, 79.79000091552734, 79.72999572753906, 79.93999481201172, 79.40999603271484, 80.66999816894531, 79.58999633789062, 79.48999786376953, 80.68000030517578, 80.48999786376953, 79.86000061035156, 81.05999755859375, 81.18999481201172, 80.29999542236328, 80.47000122070312, 80.88999938964844, 80.61000061035156, 81.2699966430664, 81.55999755859375, 81.95999908447266, 81.8699951171875, 80.6199951171875, 81.91999816894531, 81.54000091552734, 80.88999938964844, 81.18000030517578, 81.3499984741211, 81.90999603271484, 80.9000015258789, 82.06999969482422, 81.9000015258789, 81.43999481201172, 82.19999694824219, 81.86000061035156, 81.87999725341797, 81.18000030517578, 81.98999786376953, 82.22000122070312, 81.88999938964844, 82.0, 81.73999786376953, 81.43000030517578, 82.13999938964844, 82.3699951171875, 81.97000122070312, 82.0, 82.3699951171875, 82.40999603271484, 82.22000122070312, 82.52999877929688, 82.25, 82.31999969482422, 82.29000091552734, 82.29000091552734, 82.25, 82.5, 82.16999816894531, 82.5199966430664, 81.97000122070312, 82.36000061035156, 82.43000030517578, 82.47999572753906, 82.12999725341797, 82.5199966430664, 81.75, 81.97999572753906, 82.54999542236328, 81.95999908447266, 82.05999755859375, 82.58999633789062, 82.41999816894531, 82.72999572753906, 82.47000122070312, 82.06999969482422, 82.48999786376953, 82.25, 82.44999694824219, 82.38999938964844, 82.38999938964844, 82.1199951171875], "epochs": [0, 1, 2, 3, 4, 5, 6, 7, 8, 9, 10, 11, 12, 13, 14, 15, 16, 17, 18, 19, 20, 21, 22, 23, 24, 25, 26, 27, 28, 29, 30, 31, 32, 33, 34, 35, 36, 37, 38, 39, 40, 41, 42, 43, 44, 45, 46, 47, 48, 49, 50, 51, 52, 53, 54, 55, 56, 57, 58, 59, 60, 61, 62, 63, 64, 65, 66, 67, 68, 69, 70, 71, 72, 73, 74, 75, 76, 77, 78, 79, 80, 81, 82, 83, 84, 85, 86, 87, 88, 89, 90, 91, 92, 93, 94, 95, 96, 97, 98, 99]}