{"train_losses": [0.014993235468864441, 0.011459697037935257, 0.01003856211900711, 0.009016481228172779, 0.00816523190587759, 0.007512386422604322, 0.007038309704512358, 0.006665773689746857, 0.006165516097098589, 0.005912445951253176, 0.005723209120333195, 0.00548043567687273, 0.005244413856416941, 0.005052465945482254, 0.005325625650584698, 0.004848248325288296, 0.004661865532398224, 0.004537555854767561, 0.004438536241650581, 0.004226292483508587, 0.00411931611597538, 0.005520547740161419, 0.004119962453842163, 0.003931396175175905, 0.0038357547018676996, 0.0037365886382758617, 0.0036844087298959494, 0.003612019820138812, 0.0034681251272559166, 0.0034754842054098845, 0.003543279366567731, 0.003342705313116312, 0.0032364120706915855, 0.0031820712611079216, 0.0031138139311224222, 0.003083328250795603, 0.002974438713863492, 0.0030128234066069126, 0.003441400593146682, 0.0029063201509416103, 0.002804177114740014, 0.0027527932543307543, 0.0028181460220366716, 0.0027479943819344044, 0.002723206300288439, 0.0026589997578412294, 0.002671937458217144, 0.003953070845454931, 0.0034105388913303614, 0.002599735278636217, 0.0025253964122384787, 0.0024530913215130568, 0.0024377512745559216, 0.002473149448633194, 0.0024214889854192734, 0.002390907611697912, 0.0023042955435812473, 0.002296134829521179, 0.0022545591928064823, 0.0021935964468866587, 0.0022274511866271496, 0.0021860410925000906, 0.002133597619831562, 0.002112621208652854, 0.0020504624117165804, 0.0020372867584228516, 0.002072972012683749, 0.0019868751987814903, 0.0020907032303512096, 0.0020126996096223593, 0.001932627405039966, 0.0019232265185564756, 0.0019016993464902043, 0.0029650568030774593, 0.0023669295478612185, 0.0018783890409395099, 0.001826098538003862, 0.0018472069641575217, 0.0017888416768983006, 0.0018119178712368011, 0.0019244143040850759, 0.0017976099625229836, 0.0017258450388908386, 0.0017548644682392478, 0.0017262797337025404, 0.002050198381766677, 0.0016981513472273946, 0.0016482356004416943, 0.001604199642315507, 0.003585832193493843, 0.006328265182673931, 0.0033188399393111467, 0.0025043420027941465, 0.0021086372435092926, 0.0018223318038508296, 0.0017766557866707444, 0.0016685662558302283, 0.0016390307573601604, 0.0016730708302929997, 0.0016003770288079977], "accs": [43.849998474121094, 52.54999923706055, 59.46999740600586, 63.349998474121094, 59.43000030517578, 68.87999725341797, 69.50999450683594, 69.8699951171875, 72.37999725341797, 74.2699966430664, 74.88999938964844, 72.83999633789062, 74.93000030517578, 78.08999633789062, 76.75999450683594, 76.0, 77.8499984741211, 79.75, 80.36000061035156, 80.6500015258789, 79.80999755859375, 80.19999694824219, 80.3699951171875, 81.68000030517578, 82.25999450683594, 80.8499984741211, 80.90999603271484, 81.79999542236328, 81.29999542236328, 82.41999816894531, 82.93000030517578, 82.43000030517578, 82.0199966430664, 84.06999969482422, 81.97000122070312, 82.57999420166016, 83.80999755859375, 82.73999786376953, 82.7699966430664, 83.33999633789062, 83.15999603271484, 82.30999755859375, 83.66999816894531, 83.07999420166016, 83.58999633789062, 83.43000030517578, 83.93000030517578, 77.77999877929688, 83.97000122070312, 84.20999908447266, 84.08999633789062, 84.11000061035156, 83.68000030517578, 83.52999877929688, 83.68000030517578, 84.56999969482422, 83.70999908447266, 84.62999725341797, 84.50999450683594, 85.0, 84.29000091552734, 83.25999450683594, 84.31999969482422, 85.11000061035156, 85.04999542236328, 84.75999450683594, 84.38999938964844, 84.45999908447266, 84.6500015258789, 84.68000030517578, 84.70999908447266, 85.33999633789062, 84.94999694824219, 81.08999633789062, 84.86000061035156, 85.0999984741211, 84.90999603271484, 84.3699951171875, 84.75, 84.18000030517578, 84.81999969482422, 85.38999938964844, 84.93999481201172, 84.56999969482422, 85.47999572753906, 84.82999420166016, 84.22999572753906, 85.06999969482422, 85.11000061035156, 37.0099983215332, 80.22000122070312, 83.33999633789062, 84.5999984741211, 84.98999786376953, 84.91999816894531, 85.13999938964844, 85.47000122070312, 84.75999450683594, 84.75999450683594, 84.8499984741211], "epochs": [0, 1, 2, 3, 4, 5, 6, 7, 8, 9, 10, 11, 12, 13, 14, 15, 16, 17, 18, 19, 20, 21, 22, 23, 24, 25, 26, 27, 28, 29, 30, 31, 32, 33, 34, 35, 36, 37, 38, 39, 40, 41, 42, 43, 44, 45, 46, 47, 48, 49, 50, 51, 52, 53, 54, 55, 56, 57, 58, 59, 60, 61, 62, 63, 64, 65, 66, 67, 68, 69, 70, 71, 72, 73, 74, 75, 76, 77, 78, 79, 80, 81, 82, 83, 84, 85, 86, 87, 88, 89, 90, 91, 92, 93, 94, 95, 96, 97, 98, 99]}