{"train_losses": [0.019572794437408447, 0.018298596143722534, 0.017024477943778038, 0.015904894098639488, 0.015055251307785511, 0.01439486164599657, 0.013840319588780403, 0.013422968797385693, 0.013028370216488838, 0.01265568844974041, 0.012368922121822834, 0.012104307301342487, 0.011897685006260872, 0.011718971654772758, 0.011548959650099277, 0.011379707604646683, 0.011179259046912193, 0.011029676534235477, 0.010916229337453842, 0.010761014185845852, 0.010611935518682003, 0.010475656017661095, 0.010366103611886501, 0.01027626171708107, 0.010137933306396008, 0.010036266408860683, 0.009932498447597027, 0.009829496033489704, 0.00970983225852251, 0.009624311700463295, 0.009547078981995583, 0.009416578337550163, 0.00938199833035469, 0.009306643158197403, 0.009176395833492279, 0.009123052470386028, 0.009052230045199394, 0.008969569578766823, 0.008952339179813862, 0.0088620251044631, 0.008788648061454296, 0.008694489486515522, 0.008657431229948997, 0.008596839383244514, 0.008560586720705032, 0.008472906425595284, 0.008438916876912117, 0.008417310193181038, 0.008328038267791271, 0.008304430171847343, 0.00819016806781292, 0.008172743022441864, 0.008161487057805061, 0.008119379170238972, 0.00804101675748825, 0.007995971478521824, 0.007967858575284481, 0.007888521067798138, 0.007869375869631767, 0.007801698986440897, 0.007815415039658546, 0.007775385398417711, 0.007725870702415705, 0.007694772910326719, 0.007628047838807106, 0.007610744331032038, 0.007549830712378025, 0.007553283590823412, 0.007495610974729061, 0.007478476967662573, 0.007397414185106754, 0.007373893167823553, 0.007376444060355425, 0.007341750431805849, 0.007290578447282314, 0.0072876824997365475, 0.007200170308351517, 0.007208591792732477, 0.0071894279681146145, 0.007153225596994162, 0.007075715344399214, 0.007046856917440891, 0.007044814992696047, 0.00702005485072732, 0.007040232885628939, 0.006998931057751179, 0.006964152678847313, 0.006932002957910299, 0.006934985984116793, 0.006885432172566652, 0.00683218240737915, 0.006814352236688137, 0.006780464202165604, 0.00682477094233036, 0.006766309030354023, 0.006733287125825882, 0.006683307234197855, 0.006629738491028547, 0.0066406503319740295, 0.006622718181461096], "accs": [14.569999694824219, 18.969999313354492, 24.579999923706055, 29.529998779296875, 33.5099983215332, 36.27000045776367, 38.95000076293945, 41.04999923706055, 43.09000015258789, 44.369998931884766, 45.689998626708984, 46.39999771118164, 47.29999923706055, 48.28999710083008, 49.55999755859375, 50.279998779296875, 51.209999084472656, 51.939998626708984, 52.27000045776367, 52.91999816894531, 53.06999969482422, 53.53999710083008, 54.439998626708984, 54.98999786376953, 55.34000015258789, 55.459999084472656, 56.029998779296875, 56.90999984741211, 57.14999771118164, 57.59000015258789, 57.71999740600586, 58.23999786376953, 58.53999710083008, 58.599998474121094, 58.80999755859375, 59.05999755859375, 59.209999084472656, 59.69999694824219, 59.8599967956543, 60.05999755859375, 60.619998931884766, 60.64999771118164, 61.22999954223633, 61.369998931884766, 61.709999084472656, 61.62999725341797, 62.04999923706055, 62.18000030517578, 62.599998474121094, 62.41999816894531, 62.69999694824219, 63.23999786376953, 63.519996643066406, 63.709999084472656, 63.72999954223633, 63.959999084472656, 64.0199966430664, 64.33000183105469, 64.25, 64.58000183105469, 64.62999725341797, 65.04000091552734, 64.8499984741211, 64.97000122070312, 65.2699966430664, 64.83999633789062, 65.4000015258789, 65.33999633789062, 65.33000183105469, 65.43999481201172, 65.48999786376953, 65.77999877929688, 65.91999816894531, 65.75, 66.18999481201172, 66.1199951171875, 66.29999542236328, 66.5199966430664, 66.63999938964844, 66.33000183105469, 66.56999969482422, 66.95999908447266, 66.72000122070312, 66.68000030517578, 66.73999786376953, 67.0, 67.0, 67.19999694824219, 67.36000061035156, 67.25999450683594, 67.48999786376953, 67.47999572753906, 67.68999481201172, 67.56999969482422, 67.83999633789062, 67.70999908447266, 67.48999786376953, 67.88999938964844, 67.72000122070312, 67.81999969482422], "epochs": [0, 1, 2, 3, 4, 5, 6, 7, 8, 9, 10, 11, 12, 13, 14, 15, 16, 17, 18, 19, 20, 21, 22, 23, 24, 25, 26, 27, 28, 29, 30, 31, 32, 33, 34, 35, 36, 37, 38, 39, 40, 41, 42, 43, 44, 45, 46, 47, 48, 49, 50, 51, 52, 53, 54, 55, 56, 57, 58, 59, 60, 61, 62, 63, 64, 65, 66, 67, 68, 69, 70, 71, 72, 73, 74, 75, 76, 77, 78, 79, 80, 81, 82, 83, 84, 85, 86, 87, 88, 89, 90, 91, 92, 93, 94, 95, 96, 97, 98, 99]}