{"train_losses": [0.014942174777388573, 0.01180653553456068, 0.01083772536367178, 0.010018902830779552, 0.00901192706078291, 0.008252554573118687, 0.008058346807956696, 0.007969310507178307, 0.006734966300427914, 0.006604392547160387, 0.006263927556574345, 0.0059401192702353, 0.005709211342036724, 0.00823255255818367, 0.00828611571341753, 0.006277660373598337, 0.0058066570200026035, 0.00556175084784627, 0.005268476437777281, 0.005175375379621983, 0.005035534501075745, 0.0057508135214447975, 0.005334818735718727, 0.004616563208401203, 0.004528782330453396, 0.004462938755750656, 0.004289976786822081, 0.004388364963233471, 0.00411579106003046, 0.003996588289737701, 0.004560139495879412, 0.004042434506118298, 0.003808733308687806, 0.0036540196742862463, 0.0036174384877085686, 0.003525720676407218, 0.0034698473755270243, 0.00500340573489666, 0.005047245416790247, 0.003742658533155918, 0.003509292146191001, 0.0033631250262260437, 0.003586354199796915, 0.0032808685209602118, 0.0031431710813194513, 0.0030791533645242453, 0.003081041155382991, 0.0031153184827417135, 0.003187030553817749, 0.0031586543191224337, 0.0028443150222301483, 0.0027575939893722534, 0.002787755336612463, 0.0028647580184042454, 0.0027745598927140236, 0.002685943618416786, 0.0026108520105481148, 0.002627772046253085, 0.0025431886315345764, 0.0026159246917814016, 0.0024995494168251753, 0.0024454514496028423, 0.002434158930554986, 0.0024045242462307215, 0.002334434539079666, 0.0028642802499234676, 0.002510189078748226, 0.0022104920353740454, 0.0025882297195494175, 0.002406093757599592, 0.0021860492415726185, 0.002180782612413168, 0.0021244618110358715, 0.00210624560713768, 0.0021346795838326216, 0.0021126866340637207, 0.002075656782835722, 0.002038119826465845, 0.002022583968937397, 0.00196421449072659, 0.0018996776780113578, 0.0019477556925266981, 0.0021410814952105284, 0.0018572534900158644, 0.0019349752692505717, 0.0018519069999456406, 0.0018631484126672149, 0.001797553151845932, 0.0017837563063949347, 0.0018025367753580213, 0.0016982018714770675, 0.0017065496649593115, 0.0016437805024906993, 0.0016737643163651228, 0.0016928190598264337, 0.0017184792086482048, 0.0017057498916983604, 0.0016852471744641662, 0.0016721438150852919, 0.0016012776177376509], "accs": [44.78999710083008, 52.89999771118164, 55.939998626708984, 54.14999771118164, 59.0, 66.0, 54.13999938964844, 69.2699966430664, 71.79000091552734, 70.13999938964844, 74.9000015258789, 72.86000061035156, 71.33999633789062, 62.46999740600586, 71.18000030517578, 74.31999969482422, 75.29999542236328, 76.83000183105469, 74.79000091552734, 76.86000061035156, 76.06999969482422, 73.22000122070312, 74.02999877929688, 79.52999877929688, 79.0999984741211, 79.81999969482422, 80.98999786376953, 79.97000122070312, 79.80999755859375, 80.27999877929688, 79.41999816894531, 80.86000061035156, 81.0199966430664, 80.4000015258789, 81.4000015258789, 81.27999877929688, 81.75999450683594, 68.5, 80.55999755859375, 81.73999786376953, 82.54999542236328, 81.75, 81.97000122070312, 82.8499984741211, 83.6199951171875, 83.23999786376953, 83.44999694824219, 82.38999938964844, 78.72000122070312, 83.54000091552734, 83.83999633789062, 83.47999572753906, 83.98999786376953, 82.02999877929688, 83.12999725341797, 83.87999725341797, 82.9000015258789, 83.70999908447266, 83.68000030517578, 83.73999786376953, 83.97000122070312, 83.04000091552734, 84.0999984741211, 83.04999542236328, 84.1199951171875, 80.33999633789062, 83.70999908447266, 83.94999694824219, 83.04000091552734, 84.43000030517578, 84.54999542236328, 84.19999694824219, 84.25999450683594, 83.25, 83.3699951171875, 83.47000122070312, 84.3499984741211, 84.40999603271484, 84.72000122070312, 84.55999755859375, 84.4000015258789, 84.22999572753906, 84.73999786376953, 84.86000061035156, 84.62999725341797, 84.18000030517578, 84.62999725341797, 85.15999603271484, 84.75999450683594, 85.02999877929688, 85.30999755859375, 83.9000015258789, 85.37999725341797, 83.7699966430664, 85.05999755859375, 84.6500015258789, 83.93000030517578, 84.6199951171875, 84.29000091552734, 83.47000122070312], "epochs": [0, 1, 2, 3, 4, 5, 6, 7, 8, 9, 10, 11, 12, 13, 14, 15, 16, 17, 18, 19, 20, 21, 22, 23, 24, 25, 26, 27, 28, 29, 30, 31, 32, 33, 34, 35, 36, 37, 38, 39, 40, 41, 42, 43, 44, 45, 46, 47, 48, 49, 50, 51, 52, 53, 54, 55, 56, 57, 58, 59, 60, 61, 62, 63, 64, 65, 66, 67, 68, 69, 70, 71, 72, 73, 74, 75, 76, 77, 78, 79, 80, 81, 82, 83, 84, 85, 86, 87, 88, 89, 90, 91, 92, 93, 94, 95, 96, 97, 98, 99]}