{"train_losses": [0.016721373423933983, 0.014918426983058453, 0.013765433803200722, 0.012665808200836182, 0.011854504235088825, 0.011155744083225727, 0.010597539134323597, 0.010108544491231441, 0.00965042319148779, 0.00923838373273611, 0.00886766891926527, 0.008569874800741673, 0.008277344517409801, 0.007979162037372589, 0.007793798577040434, 0.007556868717074394, 0.007348839659243822, 0.007163466420024633, 0.006985182873904705, 0.006817634217441082, 0.006645027082413435, 0.006527319550514221, 0.006373884156346321, 0.006303905509412289, 0.006147480104118586, 0.006045416928827763, 0.005945681594312191, 0.0058371881023049355, 0.005712469108402729, 0.005626000929623842, 0.005555030889809132, 0.005419611465185881, 0.005347948055714369, 0.005279907025396824, 0.005177644081413746, 0.005139292683452368, 0.0050599295645952225, 0.005009036045521498, 0.004912856500595808, 0.004832112230360508, 0.004782841075211763, 0.00472256587818265, 0.004638798534870148, 0.004593172576278448, 0.004537434782832861, 0.004462369717657566, 0.0044220746494829655, 0.004382400307804346, 0.004271027632057667, 0.004274417646229267, 0.004188906867057085, 0.00412944657728076, 0.004077581223100424, 0.0040046400390565395, 0.0039426167495548725, 0.003910041879862547, 0.003841042285785079, 0.0037961523048579693, 0.0037861804012209177, 0.0037453474942594767, 0.003618683898821473, 0.0036901396233588457, 0.003552058944478631, 0.003536260686814785, 0.003464431967586279, 0.0034449466038495302, 0.003405569586902857, 0.0033579140435904264, 0.0032837092876434326, 0.0032633666414767504, 0.003243491519242525, 0.0032230971846729517, 0.0031590231228619814, 0.003067468758672476, 0.0030666678212583065, 0.0030248253606259823, 0.0029601019341498613, 0.0029345385264605284, 0.0029210408683866262, 0.0028754863888025284, 0.0028265693690627813, 0.002789589809253812, 0.002811091486364603, 0.002758149756118655, 0.0026890099979937077, 0.0026579727418720722, 0.002626413246616721, 0.0026077989023178816, 0.0025405483320355415, 0.0025292285718023777, 0.002504323609173298, 0.002481741365045309, 0.0024528848007321358, 0.0024204901419579983, 0.0023382394574582577, 0.0023180178832262754, 0.0023006221745163202, 0.0023074287455528975, 0.0022240346297621727, 0.0022252644412219524], "accs": [28.15999984741211, 34.13999938964844, 40.90999984741211, 45.23999786376953, 49.189998626708984, 51.709999084472656, 53.619998931884766, 55.62999725341797, 57.44999694824219, 59.32999801635742, 60.47999954223633, 62.34000015258789, 63.25, 65.02999877929688, 65.88999938964844, 66.45999908447266, 67.50999450683594, 68.00999450683594, 68.43000030517578, 68.98999786376953, 69.20999908447266, 69.90999603271484, 70.25, 70.45999908447266, 71.18000030517578, 71.55999755859375, 71.6500015258789, 72.30999755859375, 72.50999450683594, 72.93000030517578, 72.9000015258789, 73.6500015258789, 73.23999786376953, 73.4000015258789, 73.68999481201172, 73.61000061035156, 73.8699951171875, 74.30999755859375, 74.20999908447266, 74.08000183105469, 74.66999816894531, 74.37999725341797, 74.33999633789062, 74.63999938964844, 74.5999984741211, 75.47999572753906, 75.52999877929688, 75.11000061035156, 75.40999603271484, 75.86000061035156, 76.0199966430664, 76.0, 75.98999786376953, 75.30999755859375, 76.3499984741211, 76.04999542236328, 75.63999938964844, 75.68999481201172, 76.08000183105469, 75.9000015258789, 76.33999633789062, 76.25, 75.90999603271484, 76.06999969482422, 76.27999877929688, 76.55999755859375, 76.50999450683594, 76.75999450683594, 76.27999877929688, 76.29999542236328, 76.47999572753906, 76.5999984741211, 76.54000091552734, 76.6500015258789, 76.61000061035156, 76.45999908447266, 76.04999542236328, 76.18000030517578, 76.72999572753906, 76.05999755859375, 76.4000015258789, 76.37999725341797, 76.15999603271484, 76.6500015258789, 76.6199951171875, 76.61000061035156, 76.94999694824219, 76.48999786376953, 76.54999542236328, 77.04999542236328, 76.55999755859375, 76.8499984741211, 76.63999938964844, 76.88999938964844, 76.88999938964844, 76.44999694824219, 76.50999450683594, 76.33000183105469, 76.55999755859375, 76.47000122070312], "epochs": [0, 1, 2, 3, 4, 5, 6, 7, 8, 9, 10, 11, 12, 13, 14, 15, 16, 17, 18, 19, 20, 21, 22, 23, 24, 25, 26, 27, 28, 29, 30, 31, 32, 33, 34, 35, 36, 37, 38, 39, 40, 41, 42, 43, 44, 45, 46, 47, 48, 49, 50, 51, 52, 53, 54, 55, 56, 57, 58, 59, 60, 61, 62, 63, 64, 65, 66, 67, 68, 69, 70, 71, 72, 73, 74, 75, 76, 77, 78, 79, 80, 81, 82, 83, 84, 85, 86, 87, 88, 89, 90, 91, 92, 93, 94, 95, 96, 97, 98, 99]}