{"train_losses": [0.020248813554644585, 0.01950238086283207, 0.01813175342977047, 0.016729868948459625, 0.01566779427230358, 0.014896896667778492, 0.01428222842514515, 0.013802951201796532, 0.013351072557270527, 0.012937532737851143, 0.012617587111890316, 0.012314445339143276, 0.012084905989468098, 0.011882331222295761, 0.011692176572978497, 0.011514213867485523, 0.011296485550701618, 0.01116952858865261, 0.011049353517591953, 0.010877753607928753, 0.01072824839502573, 0.01057448796927929, 0.01047412771731615, 0.010364871472120285, 0.010227329097688198, 0.010127685032784939, 0.01002550683915615, 0.009915424510836601, 0.009790061041712761, 0.009697129018604755, 0.009608776308596134, 0.00949067622423172, 0.009453793056309223, 0.009387210942804813, 0.009240569546818733, 0.00920136459171772, 0.009131024591624737, 0.009035557508468628, 0.009023780934512615, 0.008930330164730549, 0.00885059591382742, 0.008766700513660908, 0.008720398880541325, 0.008648786693811417, 0.00861735362559557, 0.008526617661118507, 0.00851565133780241, 0.008466007187962532, 0.008386424742639065, 0.008356313221156597, 0.008242595940828323, 0.008218095637857914, 0.008210208266973495, 0.008169042877852917, 0.008106120862066746, 0.008049889467656612, 0.008006114512681961, 0.007940461859107018, 0.007923947647213936, 0.007837486453354359, 0.007842364721000195, 0.007817801088094711, 0.007774194236844778, 0.007735332474112511, 0.007671613711863756, 0.007651945110410452, 0.007606939412653446, 0.007597160059958696, 0.0075326659716665745, 0.007529296912252903, 0.007420747075229883, 0.007424275390803814, 0.00740699702873826, 0.007372832391411066, 0.007332928478717804, 0.007320094387978315, 0.007242918945848942, 0.007251199800521135, 0.007238434161990881, 0.007178573403507471, 0.007111018057912588, 0.007084347773343325, 0.007082773372530937, 0.007052513770759106, 0.007071927189826965, 0.007028935942798853, 0.006978278048336506, 0.006970768328756094, 0.006954680196940899, 0.006902629043906927, 0.006848456338047981, 0.006834289524704218, 0.006818338297307491, 0.006853994447737932, 0.006788994651287794, 0.006755106616765261, 0.0067217545583844185, 0.006668939720839262, 0.006667331792414188, 0.006657424848526716], "accs": [11.4399995803833, 13.630000114440918, 20.53999900817871, 26.209999084472656, 30.42999839782715, 33.87999725341797, 36.96999740600586, 39.279998779296875, 41.22999954223633, 42.869998931884766, 44.39999771118164, 45.5099983215332, 46.55999755859375, 47.48999786376953, 48.2599983215332, 49.21999740600586, 50.61000061035156, 50.89999771118164, 51.459999084472656, 52.12999725341797, 52.89999771118164, 53.1099967956543, 53.93000030517578, 54.7599983215332, 54.71999740600586, 55.54999923706055, 55.77000045776367, 56.21999740600586, 56.349998474121094, 56.79999923706055, 57.029998779296875, 57.90999984741211, 57.869998931884766, 58.349998474121094, 58.57999801635742, 58.709999084472656, 59.019996643066406, 59.599998474121094, 59.65999984741211, 60.29999923706055, 60.31999969482422, 60.72999954223633, 60.88999938964844, 61.119998931884766, 61.349998474121094, 61.81999969482422, 61.709999084472656, 61.93000030517578, 62.189998626708984, 62.23999786376953, 62.71999740600586, 62.79999923706055, 63.029998779296875, 63.25, 63.55999755859375, 63.73999786376953, 63.66999816894531, 64.20999908447266, 63.8599967956543, 64.54999542236328, 64.40999603271484, 64.68000030517578, 64.73999786376953, 65.08000183105469, 65.23999786376953, 65.0, 65.48999786376953, 65.30999755859375, 65.43000030517578, 65.61000061035156, 65.73999786376953, 65.95999908447266, 66.18000030517578, 65.98999786376953, 66.47000122070312, 66.43999481201172, 66.72999572753906, 66.6199951171875, 66.87999725341797, 66.75999450683594, 67.04000091552734, 66.83000183105469, 67.11000061035156, 67.08999633789062, 67.41999816894531, 67.43000030517578, 67.75999450683594, 67.75999450683594, 68.00999450683594, 67.86000061035156, 67.83000183105469, 67.95999908447266, 67.90999603271484, 68.12999725341797, 68.1500015258789, 67.94999694824219, 68.22999572753906, 68.20999908447266, 68.36000061035156, 68.30999755859375], "epochs": [0, 1, 2, 3, 4, 5, 6, 7, 8, 9, 10, 11, 12, 13, 14, 15, 16, 17, 18, 19, 20, 21, 22, 23, 24, 25, 26, 27, 28, 29, 30, 31, 32, 33, 34, 35, 36, 37, 38, 39, 40, 41, 42, 43, 44, 45, 46, 47, 48, 49, 50, 51, 52, 53, 54, 55, 56, 57, 58, 59, 60, 61, 62, 63, 64, 65, 66, 67, 68, 69, 70, 71, 72, 73, 74, 75, 76, 77, 78, 79, 80, 81, 82, 83, 84, 85, 86, 87, 88, 89, 90, 91, 92, 93, 94, 95, 96, 97, 98, 99]}