{"train_losses": [0.019103912636637688, 0.018031401559710503, 0.01697942614555359, 0.01587408222258091, 0.01503225788474083, 0.014421060681343079, 0.0139554962515831, 0.013429908081889153, 0.013068159110844135, 0.01273993868380785, 0.012450634501874447, 0.012175582349300385, 0.01193456631153822, 0.011715326458215714, 0.011554248631000519, 0.011342821642756462, 0.011178404092788696, 0.011013951152563095, 0.010919944383203983, 0.010766113176941872, 0.010642752051353455, 0.010542782954871655, 0.010396650992333889, 0.010286632925271988, 0.010159548372030258, 0.010088027454912663, 0.009956872090697289, 0.009843875654041767, 0.009751014411449432, 0.009649359621107578, 0.009577968157827854, 0.00946048740297556, 0.009390033781528473, 0.009286935441195965, 0.00918719731271267, 0.009105190634727478, 0.009029729291796684, 0.008898580446839333, 0.008885852061212063, 0.008833351545035839, 0.008689571171998978, 0.00864065159112215, 0.008569170720875263, 0.008519771508872509, 0.008493450470268726, 0.008402734994888306, 0.008333406411111355, 0.008270257152616978, 0.008215335197746754, 0.008172365836799145, 0.00813109427690506, 0.008088470436632633, 0.008029608987271786, 0.007982395589351654, 0.007953532971441746, 0.00790634285658598, 0.007863357663154602, 0.007801522500813007, 0.007709072902798653, 0.007665927056223154, 0.007676417473703623, 0.0076055508106946945, 0.007587524130940437, 0.007538787089288235, 0.007528653368353844, 0.007445926312357187, 0.0074340482242405415, 0.007412318140268326, 0.007372964173555374, 0.0073324693366885185, 0.007299620658159256, 0.007211516611278057, 0.007238541264086962, 0.007171336095780134, 0.007162812165915966, 0.007132870145142078, 0.007088882382959127, 0.007071066647768021, 0.0070337108336389065, 0.007029363419860601, 0.0069685159251093864, 0.006948637310415506, 0.006904092151671648, 0.006911334581673145, 0.006862390786409378, 0.006835637614130974, 0.006783642340451479, 0.006766971666365862, 0.006747552193701267, 0.006717404816299677, 0.006683161947876215, 0.006657700054347515, 0.006637984421104193, 0.006609790027141571, 0.006644328590482473, 0.0065903873182833195, 0.006591009441763163, 0.006550785154104233, 0.006490739528089762, 0.0064786868169903755], "accs": [15.529999732971191, 19.619998931884766, 24.849998474121094, 29.19999885559082, 33.09000015258789, 36.05999755859375, 38.279998779296875, 40.27000045776367, 41.84000015258789, 43.439998626708984, 44.91999816894531, 45.86000061035156, 47.05999755859375, 48.14999771118164, 48.65999984741211, 49.63999938964844, 50.37999725341797, 50.7599983215332, 51.23999786376953, 52.21999740600586, 52.96999740600586, 53.39999771118164, 53.66999816894531, 54.07999801635742, 54.47999954223633, 54.75, 55.28999710083008, 55.73999786376953, 56.38999938964844, 56.43000030517578, 57.48999786376953, 57.6099967956543, 57.72999954223633, 58.06999969482422, 58.81999969482422, 59.13999938964844, 59.46999740600586, 59.88999938964844, 60.1099967956543, 60.06999969482422, 60.78999710083008, 61.0, 61.349998474121094, 61.34000015258789, 61.65999984741211, 62.04999923706055, 62.31999969482422, 62.63999938964844, 62.619998931884766, 62.8599967956543, 63.15999984741211, 63.12999725341797, 63.46999740600586, 63.779998779296875, 63.81999969482422, 63.8599967956543, 64.3499984741211, 64.38999938964844, 64.43999481201172, 64.87999725341797, 64.68000030517578, 64.9000015258789, 64.80999755859375, 65.16999816894531, 65.31999969482422, 65.83999633789062, 65.58000183105469, 65.79999542236328, 65.8699951171875, 66.11000061035156, 66.15999603271484, 66.20999908447266, 66.18000030517578, 66.56999969482422, 66.8499984741211, 66.43000030517578, 66.6500015258789, 66.97000122070312, 67.0, 67.20999908447266, 67.22000122070312, 67.0199966430664, 67.33000183105469, 67.40999603271484, 67.58999633789062, 67.43000030517578, 67.50999450683594, 67.75999450683594, 67.91999816894531, 67.83000183105469, 68.27999877929688, 68.0, 68.12999725341797, 68.22000122070312, 68.43999481201172, 68.41999816894531, 68.50999450683594, 68.7699966430664, 68.72000122070312, 68.5], "epochs": [0, 1, 2, 3, 4, 5, 6, 7, 8, 9, 10, 11, 12, 13, 14, 15, 16, 17, 18, 19, 20, 21, 22, 23, 24, 25, 26, 27, 28, 29, 30, 31, 32, 33, 34, 35, 36, 37, 38, 39, 40, 41, 42, 43, 44, 45, 46, 47, 48, 49, 50, 51, 52, 53, 54, 55, 56, 57, 58, 59, 60, 61, 62, 63, 64, 65, 66, 67, 68, 69, 70, 71, 72, 73, 74, 75, 76, 77, 78, 79, 80, 81, 82, 83, 84, 85, 86, 87, 88, 89, 90, 91, 92, 93, 94, 95, 96, 97, 98, 99]}