{"train_losses": [0.016778554767370224, 0.014635475352406502, 0.01341348234564066, 0.012456664815545082, 0.011714404448866844, 0.011117921210825443, 0.010545673780143261, 0.01007621269673109, 0.009623846970498562, 0.00922474730759859, 0.00885351374745369, 0.008485663682222366, 0.008176304399967194, 0.007957568392157555, 0.007645502686500549, 0.0074145859107375145, 0.0071450164541602135, 0.006983297411352396, 0.006777988746762276, 0.006588189397007227, 0.006456032395362854, 0.006262366194278002, 0.006083034444600344, 0.005998849403113127, 0.005853511858731508, 0.005750509910285473, 0.005598911549896002, 0.00548897497355938, 0.0053701805882155895, 0.005283037666231394, 0.0052057369612157345, 0.0050255428068339825, 0.00498721469193697, 0.00490797683596611, 0.004810401238501072, 0.00472436286509037, 0.004641483537852764, 0.004554155748337507, 0.004506154451519251, 0.004360218532383442, 0.0043470486998558044, 0.004236363340169191, 0.004155996721237898, 0.004137098789215088, 0.004089227877557278, 0.0039827036671340466, 0.003909370396286249, 0.003854059847071767, 0.003757285652682185, 0.0037301266565918922, 0.003626246238127351, 0.0035854000598192215, 0.0035444649402052164, 0.003467236179858446, 0.003401608904823661, 0.0033831631299108267, 0.0033399593085050583, 0.003255844581872225, 0.0032226305920630693, 0.0031598347704857588, 0.0031222105026245117, 0.003042709780856967, 0.0030208867974579334, 0.002965047489851713, 0.0029076742939651012, 0.0028700963594019413, 0.0028042146004736423, 0.002803460229188204, 0.0026904114056378603, 0.002646499779075384, 0.0026274975389242172, 0.0025948048569262028, 0.0025401918683201075, 0.0025310805067420006, 0.002481922274455428, 0.0024200649932026863, 0.0024216461461037397, 0.002386990934610367, 0.0023358582984656096, 0.0022810969967395067, 0.0022353758104145527, 0.002213785657659173, 0.002157878130674362, 0.002179516013711691, 0.0021162773482501507, 0.0020887425635010004, 0.0020736653823405504, 0.002028911840170622, 0.002014070050790906, 0.0019510110141709447, 0.0019553201273083687, 0.001945480122230947, 0.0018806076841428876, 0.0018911910010501742, 0.0018838904798030853, 0.0018000438576564193, 0.0017854607431218028, 0.0017311994452029467, 0.0017173761734738946, 0.0017141093267127872], "accs": [31.15999984741211, 36.57999801635742, 41.82999801635742, 46.44999694824219, 49.939998626708984, 52.349998474121094, 54.62999725341797, 56.80999755859375, 59.0099983215332, 60.16999816894531, 61.25, 63.23999786376953, 64.43000030517578, 65.29999542236328, 66.5199966430664, 66.86000061035156, 68.3499984741211, 68.9000015258789, 69.62999725341797, 70.1199951171875, 70.2699966430664, 70.8499984741211, 71.23999786376953, 72.0, 72.43000030517578, 72.44999694824219, 72.8499984741211, 73.0199966430664, 73.30999755859375, 73.33000183105469, 73.30999755859375, 74.02999877929688, 74.54000091552734, 74.12999725341797, 74.72999572753906, 74.52999877929688, 74.72999572753906, 75.05999755859375, 74.66999816894531, 75.3499984741211, 75.20999908447266, 75.1500015258789, 75.7699966430664, 75.52999877929688, 75.61000061035156, 75.48999786376953, 75.66999816894531, 75.75, 75.83000183105469, 76.04999542236328, 76.04000091552734, 75.80999755859375, 76.00999450683594, 75.87999725341797, 76.41999816894531, 76.0199966430664, 76.16999816894531, 76.30999755859375, 76.25, 76.12999725341797, 75.93000030517578, 76.0199966430664, 76.41999816894531, 76.3499984741211, 76.41999816894531, 76.04999542236328, 76.08000183105469, 76.05999755859375, 76.68999481201172, 76.5999984741211, 76.58999633789062, 76.75999450683594, 76.3499984741211, 76.08000183105469, 76.68999481201172, 76.47000122070312, 76.66999816894531, 76.29000091552734, 76.56999969482422, 76.45999908447266, 75.88999938964844, 76.54000091552734, 76.33999633789062, 76.87999725341797, 76.66999816894531, 76.22000122070312, 76.75999450683594, 76.43999481201172, 76.36000061035156, 76.52999877929688, 76.45999908447266, 76.4000015258789, 76.72999572753906, 76.33999633789062, 76.50999450683594, 76.3499984741211, 76.72000122070312, 76.38999938964844, 76.33000183105469, 76.8699951171875], "epochs": [0, 1, 2, 3, 4, 5, 6, 7, 8, 9, 10, 11, 12, 13, 14, 15, 16, 17, 18, 19, 20, 21, 22, 23, 24, 25, 26, 27, 28, 29, 30, 31, 32, 33, 34, 35, 36, 37, 38, 39, 40, 41, 42, 43, 44, 45, 46, 47, 48, 49, 50, 51, 52, 53, 54, 55, 56, 57, 58, 59, 60, 61, 62, 63, 64, 65, 66, 67, 68, 69, 70, 71, 72, 73, 74, 75, 76, 77, 78, 79, 80, 81, 82, 83, 84, 85, 86, 87, 88, 89, 90, 91, 92, 93, 94, 95, 96, 97, 98, 99]}