{"train_losses": [0.015871020033955574, 0.012979071587324142, 0.011691241525113583, 0.010559451766312122, 0.009703935123980045, 0.008979002013802528, 0.008343101479113102, 0.007704777643084526, 0.007349873892962933, 0.006912039592862129, 0.0065187858417630196, 0.006198952905833721, 0.0059313965030014515, 0.005605605430901051, 0.005392579827457666, 0.00511435279622674, 0.00499784154817462, 0.004752933047711849, 0.004563922993838787, 0.004428080748766661, 0.004232682753354311, 0.004029408562928438, 0.003941075876355171, 0.003871799213811755, 0.003710394725203514, 0.0036213204730302095, 0.0035213064402341843, 0.0033627492375671864, 0.003305964870378375, 0.0032096889335662127, 0.003108051372691989, 0.0030031793285161257, 0.0029422675725072622, 0.002847124356776476, 0.002753778360784054, 0.0027125575579702854, 0.002675997791811824, 0.0025890679098665714, 0.0025092693977057934, 0.002444822108373046, 0.0024203325156122446, 0.002348256530240178, 0.002244267612695694, 0.0022020512260496616, 0.0021762431133538485, 0.00213087466545403, 0.0020413368474692106, 0.002060947008430958, 0.0019555604085326195, 0.0019660466350615025, 0.0018970728851854801, 0.0018494122195988894, 0.0018108951626345515, 0.001741641666740179, 0.001741313375532627, 0.0017137922113761306, 0.0016118270577862859, 0.0016194708878174424, 0.0016027545789256692, 0.0015247545670717955, 0.001506716012954712, 0.00149450299795717, 0.0014730695402249694, 0.001424634363502264, 0.0014089306350797415, 0.0013646453153342009, 0.0013117315247654915, 0.001313789514824748, 0.001296252361498773, 0.001260683056898415, 0.0012347917072474957, 0.0012615680461749434, 0.0011880118399858475, 0.0011824157554656267, 0.0011705677025020123, 0.0011457378277555108, 0.0011239036684855819, 0.0011482367990538478, 0.0010737469419836998, 0.0010638999519869685, 0.0010173199698328972, 0.0010359706357121468, 0.0010389592498540878, 0.001025189645588398, 0.0009699517395347357, 0.0009645711979828775, 0.0009842206491157413, 0.0009531807736493647, 0.0009370801271870732, 0.0009044150356203318, 0.0008798215421847999, 0.0008716130396351218, 0.0009137933957390487, 0.0008604534668847919, 0.0008459253003820777, 0.0008605392067693174, 0.0008245985954999924, 0.0007955770124681294, 0.0008383733220398426, 0.0008179120486602187], "accs": [37.57999801635742, 45.779998779296875, 49.68000030517578, 55.8599967956543, 59.18000030517578, 59.2599983215332, 63.91999816894531, 67.90999603271484, 68.86000061035156, 67.31999969482422, 71.08999633789062, 70.6199951171875, 74.3499984741211, 73.06999969482422, 75.75, 76.80999755859375, 75.5199966430664, 77.44999694824219, 79.1500015258789, 76.45999908447266, 78.0, 78.04000091552734, 79.72000122070312, 79.5, 79.27999877929688, 79.87999725341797, 80.9000015258789, 81.38999938964844, 80.4000015258789, 80.7699966430664, 81.93000030517578, 82.0, 81.44999694824219, 82.07999420166016, 81.44999694824219, 81.68000030517578, 81.5, 82.04000091552734, 82.13999938964844, 81.62999725341797, 82.82999420166016, 82.29000091552734, 82.25999450683594, 82.05999755859375, 82.61000061035156, 82.32999420166016, 81.91999816894531, 83.25999450683594, 82.7699966430664, 82.40999603271484, 82.4000015258789, 82.57999420166016, 83.08999633789062, 82.22000122070312, 83.08999633789062, 82.8499984741211, 82.57999420166016, 83.22999572753906, 82.6500015258789, 81.55999755859375, 83.00999450683594, 82.3699951171875, 82.93000030517578, 83.0999984741211, 81.93000030517578, 82.72999572753906, 83.04000091552734, 82.43999481201172, 83.04999542236328, 83.45999908447266, 83.18999481201172, 82.81999969482422, 82.90999603271484, 82.93000030517578, 83.52999877929688, 82.98999786376953, 82.70999908447266, 83.18000030517578, 82.97000122070312, 82.9000015258789, 82.80999755859375, 82.62999725341797, 82.04000091552734, 82.97999572753906, 83.22999572753906, 83.33999633789062, 83.02999877929688, 83.38999938964844, 83.50999450683594, 82.70999908447266, 83.32999420166016, 83.23999786376953, 83.16999816894531, 83.41999816894531, 82.52999877929688, 83.2699966430664, 82.93999481201172, 83.05999755859375, 82.54000091552734, 83.18999481201172], "epochs": [0, 1, 2, 3, 4, 5, 6, 7, 8, 9, 10, 11, 12, 13, 14, 15, 16, 17, 18, 19, 20, 21, 22, 23, 24, 25, 26, 27, 28, 29, 30, 31, 32, 33, 34, 35, 36, 37, 38, 39, 40, 41, 42, 43, 44, 45, 46, 47, 48, 49, 50, 51, 52, 53, 54, 55, 56, 57, 58, 59, 60, 61, 62, 63, 64, 65, 66, 67, 68, 69, 70, 71, 72, 73, 74, 75, 76, 77, 78, 79, 80, 81, 82, 83, 84, 85, 86, 87, 88, 89, 90, 91, 92, 93, 94, 95, 96, 97, 98, 99]}