{"train_losses": [0.013755712658166885, 0.01084100641310215, 0.01058865338563919, 0.009357876144349575, 0.008555972017347813, 0.00786344613879919, 0.007141761481761932, 0.006667866837233305, 0.006137363612651825, 0.00576675683259964, 0.005488489288836718, 0.005243307910859585, 0.005024501122534275, 0.004773514810949564, 0.004599052481353283, 0.004454427398741245, 0.004370665177702904, 0.004142142366617918, 0.003984671086072922, 0.003915377892553806, 0.0037632265593856573, 0.0036142973694950342, 0.003583923913538456, 0.003489805618301034, 0.0034030212555080652, 0.003265740815550089, 0.003158475272357464, 0.0030960652511566877, 0.003053029766306281, 0.0029603946022689342, 0.002889605239033699, 0.003024840960279107, 0.002902496373280883, 0.0027089903596788645, 0.0025841561146080494, 0.002600997220724821, 0.002619118895381689, 0.0025200361851602793, 0.002405658597126603, 0.002398126758635044, 0.0023680187296122313, 0.002584807574748993, 0.0023250433150678873, 0.0022069807164371014, 0.0021772596519440413, 0.002110968576744199, 0.0020789694972336292, 0.0020766183733940125, 0.001989296404644847, 0.0020298263989388943, 0.001953901257365942, 0.0020110721234232187, 0.0018900029826909304, 0.001874976558610797, 0.0018406228628009558, 0.00177491654176265, 0.0017483376432210207, 0.0017433693865314126, 0.0017382141668349504, 0.0016876431182026863, 0.0016851508989930153, 0.001673059188760817, 0.0034901571925729513, 0.0021483858581632376, 0.0017053675837814808, 0.0016420461470261216, 0.0015592314302921295, 0.001696213148534298, 0.0015008295886218548, 0.0015029477654024959, 0.00149574875831604, 0.0015091213863343, 0.0014849727740511298, 0.0014428512658923864, 0.001408770913258195, 0.0013593485346063972, 0.0014222732279449701, 0.0013452067505568266, 0.0013135424815118313, 0.0013526352122426033, 0.0012578038731589913, 0.0013088524574413896, 0.0012633244041353464, 0.0012940315064042807, 0.0013165160780772567, 0.0013675170484930277, 0.0012201177887618542, 0.0011532565113157034, 0.0011915065115317702, 0.0012068776413798332, 0.0011220352025702596, 0.001122941728681326, 0.0011319878976792097, 0.0010935512837022543, 0.0011024654377251863, 0.001130252261646092, 0.0013200860703364015, 0.002949428278952837, 0.0014957715757191181, 0.001156437792815268], "accs": [47.38999938964844, 57.47999954223633, 54.21999740600586, 62.82999801635742, 64.41999816894531, 68.13999938964844, 66.88999938964844, 71.13999938964844, 72.70999908447266, 72.54999542236328, 75.00999450683594, 76.69999694824219, 77.55999755859375, 76.45999908447266, 78.38999938964844, 78.68000030517578, 79.18999481201172, 80.05999755859375, 80.5999984741211, 79.80999755859375, 80.72999572753906, 80.75999450683594, 81.32999420166016, 81.32999420166016, 81.22999572753906, 81.27999877929688, 81.97999572753906, 82.81999969482422, 82.9000015258789, 83.02999877929688, 83.4000015258789, 83.25, 83.54000091552734, 83.6500015258789, 82.91999816894531, 83.1199951171875, 82.79999542236328, 83.06999969482422, 84.04999542236328, 83.4000015258789, 84.31999969482422, 83.32999420166016, 83.5199966430664, 83.33999633789062, 83.27999877929688, 84.55999755859375, 83.45999908447266, 83.61000061035156, 84.0, 84.62999725341797, 84.25, 84.52999877929688, 84.32999420166016, 83.94999694824219, 84.83999633789062, 84.22000122070312, 84.77999877929688, 84.37999725341797, 84.41999816894531, 84.1199951171875, 83.55999755859375, 84.54000091552734, 82.65999603271484, 84.80999755859375, 84.90999603271484, 84.37999725341797, 84.45999908447266, 84.73999786376953, 84.30999755859375, 84.5, 84.8499984741211, 84.57999420166016, 84.0999984741211, 84.43999481201172, 84.55999755859375, 84.57999420166016, 84.43999481201172, 84.4000015258789, 84.75, 84.33999633789062, 84.19999694824219, 84.68000030517578, 84.93000030517578, 84.72999572753906, 84.93000030517578, 84.90999603271484, 85.23999786376953, 85.2699966430664, 84.61000061035156, 85.30999755859375, 85.70999908447266, 84.66999816894531, 84.94999694824219, 85.00999450683594, 83.61000061035156, 84.45999908447266, 79.63999938964844, 83.38999938964844, 84.8499984741211, 85.2699966430664], "epochs": [0, 1, 2, 3, 4, 5, 6, 7, 8, 9, 10, 11, 12, 13, 14, 15, 16, 17, 18, 19, 20, 21, 22, 23, 24, 25, 26, 27, 28, 29, 30, 31, 32, 33, 34, 35, 36, 37, 38, 39, 40, 41, 42, 43, 44, 45, 46, 47, 48, 49, 50, 51, 52, 53, 54, 55, 56, 57, 58, 59, 60, 61, 62, 63, 64, 65, 66, 67, 68, 69, 70, 71, 72, 73, 74, 75, 76, 77, 78, 79, 80, 81, 82, 83, 84, 85, 86, 87, 88, 89, 90, 91, 92, 93, 94, 95, 96, 97, 98, 99]}