{"train_losses": [0.018276309594511986, 0.016309555619955063, 0.01479782909154892, 0.013484511524438858, 0.012502409517765045, 0.011690850369632244, 0.011082056909799576, 0.01054381113499403, 0.010027553886175156, 0.009561103768646717, 0.009135637432336807, 0.008781312964856625, 0.008474286645650864, 0.008149187080562115, 0.007912096567451954, 0.007596477400511503, 0.007352761458605528, 0.0071370261721313, 0.006944871507585049, 0.006776152644306421, 0.006566730327904224, 0.006432654336094856, 0.006255973130464554, 0.006143052130937576, 0.005967173259705305, 0.005880683660507202, 0.005729622673243284, 0.005646948236972094, 0.005505421664565802, 0.005403526592999697, 0.005278178956359625, 0.005196825601160526, 0.005097462795674801, 0.005016920156776905, 0.004917379934340715, 0.004832625389099121, 0.004778815433382988, 0.004693999420851469, 0.004579784348607063, 0.004492702893912792, 0.004441800527274609, 0.004363149404525757, 0.004261287860572338, 0.004223896190524101, 0.004188526887446642, 0.004050555173307657, 0.004040998872369528, 0.003970872610807419, 0.0038940974045544863, 0.003848801366984844, 0.0037707204464823008, 0.0037160911597311497, 0.0036353596951812506, 0.0035946685820817947, 0.0035214461386203766, 0.003452874952927232, 0.003381091635674238, 0.003328783204779029, 0.0032850680872797966, 0.0032735427375882864, 0.003150715958327055, 0.003177071688696742, 0.003082996467128396, 0.0030673970468342304, 0.0030184362549334764, 0.0029547836165875196, 0.002954471157863736, 0.0028410363011062145, 0.0028012359980493784, 0.002763093914836645, 0.0027093151584267616, 0.0027212619315832853, 0.002645538654178381, 0.002605690620839596, 0.0025981469079852104, 0.002526438795030117, 0.0024885532911866903, 0.0024456933606415987, 0.00241468520835042, 0.0023874789476394653, 0.002302722306922078, 0.0022612421307712793, 0.00228281132876873, 0.0022601683158427477, 0.002220739610493183, 0.0021505497861653566, 0.00212807091884315, 0.0021023578010499477, 0.00205922476015985, 0.002035382902249694, 0.0020319013856351376, 0.0019949220586568117, 0.001976567320525646, 0.0019071180140599608, 0.0018697750056162477, 0.0018278068164363503, 0.0018540441524237394, 0.001828125212341547, 0.001793200965039432, 0.0017451053718104959], "accs": [19.889999389648438, 27.599998474121094, 36.349998474121094, 42.439998626708984, 46.5, 49.529998779296875, 52.029998779296875, 53.65999984741211, 55.55999755859375, 58.06999969482422, 58.80999755859375, 61.56999969482422, 63.1099967956543, 63.71999740600586, 65.62999725341797, 66.47000122070312, 67.47000122070312, 67.8699951171875, 68.43000030517578, 68.55999755859375, 69.06999969482422, 70.58000183105469, 70.95999908447266, 70.86000061035156, 71.44999694824219, 72.25, 71.94999694824219, 72.73999786376953, 72.91999816894531, 73.43000030517578, 73.44999694824219, 73.88999938964844, 73.97000122070312, 73.80999755859375, 74.0999984741211, 73.93999481201172, 74.22000122070312, 74.52999877929688, 74.36000061035156, 74.3499984741211, 74.88999938964844, 75.23999786376953, 74.7699966430664, 75.05999755859375, 74.62999725341797, 74.90999603271484, 74.8699951171875, 74.69999694824219, 75.33000183105469, 75.40999603271484, 75.22000122070312, 75.4000015258789, 75.47000122070312, 75.48999786376953, 75.6500015258789, 75.61000061035156, 75.20999908447266, 75.56999969482422, 75.50999450683594, 75.58000183105469, 75.90999603271484, 75.48999786376953, 75.47999572753906, 75.72000122070312, 75.83999633789062, 75.55999755859375, 75.95999908447266, 76.08000183105469, 75.90999603271484, 75.48999786376953, 75.61000061035156, 75.7699966430664, 75.75, 75.52999877929688, 76.33999633789062, 76.45999908447266, 75.72999572753906, 75.62999725341797, 75.97999572753906, 75.27999877929688, 76.06999969482422, 76.00999450683594, 76.25, 75.97000122070312, 75.7699966430664, 75.94999694824219, 75.86000061035156, 75.77999877929688, 76.0999984741211, 76.33999633789062, 76.16999816894531, 76.19999694824219, 76.54000091552734, 76.2699966430664, 75.77999877929688, 76.31999969482422, 75.9000015258789, 76.5, 75.8499984741211, 75.97999572753906], "epochs": [0, 1, 2, 3, 4, 5, 6, 7, 8, 9, 10, 11, 12, 13, 14, 15, 16, 17, 18, 19, 20, 21, 22, 23, 24, 25, 26, 27, 28, 29, 30, 31, 32, 33, 34, 35, 36, 37, 38, 39, 40, 41, 42, 43, 44, 45, 46, 47, 48, 49, 50, 51, 52, 53, 54, 55, 56, 57, 58, 59, 60, 61, 62, 63, 64, 65, 66, 67, 68, 69, 70, 71, 72, 73, 74, 75, 76, 77, 78, 79, 80, 81, 82, 83, 84, 85, 86, 87, 88, 89, 90, 91, 92, 93, 94, 95, 96, 97, 98, 99]}