{"train_losses": [0.015165685676038265, 0.011560576967895031, 0.010257803834974766, 0.009186944924294949, 0.00835490133613348, 0.007669755723327398, 0.0070817735977470875, 0.006689567118883133, 0.006228659301996231, 0.005872238427400589, 0.005477756727486849, 0.005291999317705631, 0.005156929604709148, 0.004951797891408205, 0.004731872584670782, 0.004513990134000778, 0.004437568597495556, 0.004269091412425041, 0.004086884204298258, 0.004024883266538382, 0.003896862966939807, 0.003769633127376437, 0.003703936468809843, 0.003692459315061569, 0.003598833456635475, 0.0034696043003350496, 0.003388817422091961, 0.003294330323114991, 0.0032574248034507036, 0.003179280087351799, 0.003137145657092333, 0.003111800877377391, 0.003059688024222851, 0.002984241582453251, 0.0028919659089297056, 0.002894645556807518, 0.0028225246351212263, 0.002780469600111246, 0.0027256859466433525, 0.002744523575529456, 0.0026508946903049946, 0.002702325116842985, 0.002546461531892419, 0.0025596129707992077, 0.002616759156808257, 0.002570867305621505, 0.002441312884911895, 0.002470114268362522, 0.0023894438054412603, 0.0023561131674796343, 0.0023274484556168318, 0.0023240854497998953, 0.002283273031935096, 0.002237289445474744, 0.002198894741013646, 0.0021560026798397303, 0.00215197098441422, 0.0021735832560807467, 0.0021221842616796494, 0.0020388327538967133, 0.002047882415354252, 0.0020408574491739273, 0.0020361249335110188, 0.0020090017933398485, 0.001911965082399547, 0.0019588987343013287, 0.0018734539626166224, 0.001970902783796191, 0.0018491378286853433, 0.0018413327634334564, 0.001796408207155764, 0.0017959580291062593, 0.0017602260923013091, 0.0016970612341538072, 0.001726892776787281, 0.0016706864116713405, 0.0017067111330106854, 0.0016857298323884606, 0.001612749882042408, 0.0016241978155449033, 0.0015787534648552537, 0.0015735854394733906, 0.0015392719069495797, 0.0015481386799365282, 0.0015748979058116674, 0.0014982079155743122, 0.0017963788704946637, 0.0015131335239857435, 0.0014953952049836516, 0.001475466531701386, 0.0014729391550645232, 0.0014667814830318093, 0.00140820920933038, 0.0014160722494125366, 0.0013660836266353726, 0.0013502193614840508, 0.001344056916423142, 0.0012984960339963436, 0.0013087084516882896, 0.0012874145759269595], "accs": [42.73999786376953, 54.23999786376953, 54.619998931884766, 60.64999771118164, 65.20999908447266, 67.20999908447266, 70.33000183105469, 72.18000030517578, 73.63999938964844, 75.0199966430664, 76.93999481201172, 76.00999450683594, 76.77999877929688, 78.43000030517578, 79.05999755859375, 77.25, 79.55999755859375, 79.77999877929688, 80.5199966430664, 79.52999877929688, 81.00999450683594, 81.18999481201172, 79.38999938964844, 81.30999755859375, 82.00999450683594, 82.20999908447266, 82.27999877929688, 82.82999420166016, 82.87999725341797, 82.97000122070312, 83.47000122070312, 82.47000122070312, 83.40999603271484, 82.93000030517578, 83.1500015258789, 83.04000091552734, 83.00999450683594, 84.0, 83.31999969482422, 82.3699951171875, 83.86000061035156, 82.77999877929688, 82.19999694824219, 83.75999450683594, 81.9000015258789, 83.40999603271484, 83.69999694824219, 83.55999755859375, 84.43000030517578, 83.31999969482422, 83.3499984741211, 83.94999694824219, 83.44999694824219, 83.72000122070312, 83.88999938964844, 83.66999816894531, 83.68000030517578, 82.97000122070312, 84.04000091552734, 84.62999725341797, 84.06999969482422, 83.86000061035156, 83.6500015258789, 83.93999481201172, 83.90999603271484, 84.1500015258789, 84.22999572753906, 83.5999984741211, 83.98999786376953, 84.43999481201172, 84.19999694824219, 84.5199966430664, 84.44999694824219, 83.70999908447266, 84.1500015258789, 85.00999450683594, 83.87999725341797, 84.05999755859375, 84.3499984741211, 83.88999938964844, 84.75, 83.88999938964844, 84.11000061035156, 83.98999786376953, 84.3699951171875, 84.45999908447266, 83.32999420166016, 84.29000091552734, 84.04999542236328, 84.13999938964844, 84.55999755859375, 84.0999984741211, 83.97000122070312, 83.95999908447266, 84.75999450683594, 83.41999816894531, 84.56999969482422, 84.29999542236328, 85.00999450683594, 84.70999908447266], "epochs": [0, 1, 2, 3, 4, 5, 6, 7, 8, 9, 10, 11, 12, 13, 14, 15, 16, 17, 18, 19, 20, 21, 22, 23, 24, 25, 26, 27, 28, 29, 30, 31, 32, 33, 34, 35, 36, 37, 38, 39, 40, 41, 42, 43, 44, 45, 46, 47, 48, 49, 50, 51, 52, 53, 54, 55, 56, 57, 58, 59, 60, 61, 62, 63, 64, 65, 66, 67, 68, 69, 70, 71, 72, 73, 74, 75, 76, 77, 78, 79, 80, 81, 82, 83, 84, 85, 86, 87, 88, 89, 90, 91, 92, 93, 94, 95, 96, 97, 98, 99]}