{"train_losses": [0.019235314801335335, 0.018244314938783646, 0.01725509762763977, 0.016176972538232803, 0.015341194346547127, 0.014700930565595627, 0.014197737909853458, 0.013751229271292686, 0.013356320559978485, 0.013031781651079655, 0.012729983776807785, 0.012481320649385452, 0.01222041342407465, 0.012037137523293495, 0.011804933659732342, 0.011644531972706318, 0.011445829644799232, 0.011360191740095615, 0.01126119028776884, 0.011068047024309635, 0.010972385294735432, 0.010833718813955784, 0.010743782855570316, 0.010599391534924507, 0.010456384159624577, 0.010383445769548416, 0.010262919589877129, 0.01019286084920168, 0.010079962201416492, 0.009982180781662464, 0.009866117499768734, 0.009808847680687904, 0.009687471203505993, 0.009624803438782692, 0.009515291079878807, 0.00944570079445839, 0.009382344782352448, 0.00931844487786293, 0.009226027876138687, 0.009155308827757835, 0.009075535461306572, 0.009014240466058254, 0.008958977647125721, 0.008897963911294937, 0.008821290917694569, 0.008749905973672867, 0.008704262785613537, 0.008622081018984318, 0.008583520539104939, 0.008521424606442451, 0.008479008451104164, 0.008453580550849438, 0.00839400477707386, 0.008351774886250496, 0.00827277172356844, 0.008245548233389854, 0.008192132227122784, 0.008139978162944317, 0.008126518689095974, 0.008079348132014275, 0.008015570230782032, 0.008009121753275394, 0.007950796745717525, 0.007906226441264153, 0.007887575775384903, 0.007823252119123936, 0.0077890981920063496, 0.007768902461975813, 0.007739593740552664, 0.007699737325310707, 0.007610374595969915, 0.007624765858054161, 0.007606410887092352, 0.00755399139598012, 0.007519812323153019, 0.007455806247889996, 0.0074324291199445724, 0.007411889266222715, 0.007382906973361969, 0.007393970619887114, 0.007319986820220947, 0.007288695313036442, 0.0073151132091879845, 0.007247322704643011, 0.007208839524537325, 0.007187812123447657, 0.007187163457274437, 0.007161267101764679, 0.007128718309104443, 0.0071172951720654964, 0.007067900616675615, 0.0070841945707798, 0.007040646392852068, 0.006980511359870434, 0.007014122791588306, 0.0069413199089467525, 0.006927219685167074, 0.006929003167897463, 0.0069250608794391155, 0.006847991608083248], "accs": [12.989999771118164, 16.049999237060547, 22.09000015258789, 28.010000228881836, 32.0, 34.47999954223633, 37.369998931884766, 39.23999786376953, 40.75, 42.869998931884766, 44.34000015258789, 45.18000030517578, 46.439998626708984, 47.39999771118164, 48.209999084472656, 48.91999816894531, 49.71999740600586, 50.22999954223633, 50.91999816894531, 51.25, 52.04999923706055, 52.47999954223633, 53.04999923706055, 53.599998474121094, 53.77000045776367, 54.31999969482422, 54.80999755859375, 55.13999938964844, 55.39999771118164, 55.75, 55.97999954223633, 56.41999816894531, 56.959999084472656, 57.6099967956543, 57.73999786376953, 58.13999938964844, 58.34000015258789, 58.529998779296875, 58.82999801635742, 59.07999801635742, 59.40999984741211, 59.73999786376953, 60.16999816894531, 60.3599967956543, 60.439998626708984, 60.779998779296875, 61.31999969482422, 61.64999771118164, 61.82999801635742, 62.03999710083008, 62.14999771118164, 62.44999694824219, 62.64999771118164, 62.62999725341797, 63.06999969482422, 62.939998626708984, 63.349998474121094, 63.5099983215332, 63.8599967956543, 63.82999801635742, 64.16999816894531, 64.25, 64.55999755859375, 64.5, 64.79999542236328, 65.01000213623047, 64.91999816894531, 65.11000061035156, 65.33999633789062, 65.58000183105469, 65.68000030517578, 65.69999694824219, 65.79000091552734, 66.04999542236328, 66.04000091552734, 66.06999969482422, 66.02999877929688, 66.47000122070312, 66.63999938964844, 66.62999725341797, 66.5, 66.72000122070312, 66.95999908447266, 67.22000122070312, 67.23999786376953, 67.23999786376953, 67.50999450683594, 67.23999786376953, 67.33999633789062, 67.40999603271484, 67.62999725341797, 67.7699966430664, 67.68000030517578, 67.87999725341797, 67.95999908447266, 68.1500015258789, 68.1500015258789, 68.02999877929688, 68.19999694824219, 68.04000091552734], "epochs": [0, 1, 2, 3, 4, 5, 6, 7, 8, 9, 10, 11, 12, 13, 14, 15, 16, 17, 18, 19, 20, 21, 22, 23, 24, 25, 26, 27, 28, 29, 30, 31, 32, 33, 34, 35, 36, 37, 38, 39, 40, 41, 42, 43, 44, 45, 46, 47, 48, 49, 50, 51, 52, 53, 54, 55, 56, 57, 58, 59, 60, 61, 62, 63, 64, 65, 66, 67, 68, 69, 70, 71, 72, 73, 74, 75, 76, 77, 78, 79, 80, 81, 82, 83, 84, 85, 86, 87, 88, 89, 90, 91, 92, 93, 94, 95, 96, 97, 98, 99]}