{"train_losses": [0.019097233191132545, 0.01803956739604473, 0.017050115391612053, 0.016001157462596893, 0.01516642328351736, 0.014543612487614155, 0.014077730476856232, 0.013556080870330334, 0.013189735822379589, 0.012856723740696907, 0.012573988176882267, 0.012295948341488838, 0.012060514651238918, 0.011850612238049507, 0.011672762222588062, 0.011465025134384632, 0.011312722228467464, 0.011170468293130398, 0.01107031013816595, 0.010919115506112576, 0.01079782098531723, 0.010715458542108536, 0.010575269348919392, 0.010464727878570557, 0.010347539559006691, 0.010280044749379158, 0.010150534100830555, 0.010041528381407261, 0.0099506676197052, 0.009877745062112808, 0.00978755485266447, 0.00967651978135109, 0.009618443436920643, 0.009518769569694996, 0.009414425119757652, 0.009326864033937454, 0.009247715584933758, 0.009141983464360237, 0.009106948040425777, 0.009084807708859444, 0.008923109620809555, 0.008877495303750038, 0.008825008757412434, 0.00876695103943348, 0.00874090101569891, 0.008680053986608982, 0.008575965650379658, 0.008530941791832447, 0.008473578840494156, 0.00842631608247757, 0.00838750135153532, 0.008342516608536243, 0.008282838389277458, 0.008246101438999176, 0.00821084063500166, 0.00816303864121437, 0.008127162232995033, 0.008045037277042866, 0.007981852628290653, 0.007953894324600697, 0.007952491752803326, 0.007872755639255047, 0.007855520583689213, 0.007814529351890087, 0.007802512496709824, 0.007729164324700832, 0.0077041699551045895, 0.007700895890593529, 0.007655528374016285, 0.007608619052916765, 0.00759129086509347, 0.007490728981792927, 0.0075170802883803844, 0.0074636247009038925, 0.007450326811522245, 0.00741599453613162, 0.007382532581686974, 0.0073551456443965435, 0.007329628337174654, 0.007306367624551058, 0.007259150967001915, 0.00725184241309762, 0.007202670909464359, 0.007205345667898655, 0.007161550223827362, 0.007133181672543287, 0.007105049677193165, 0.007076906505972147, 0.007056594826281071, 0.007016591727733612, 0.0069893524050712585, 0.006958893034607172, 0.006936188787221909, 0.006914548110216856, 0.006961537525057793, 0.006897867191582918, 0.006898797582834959, 0.006884004920721054, 0.006805035285651684, 0.006777943577617407], "accs": [15.299999237060547, 19.170000076293945, 24.1299991607666, 28.239999771118164, 32.41999816894531, 35.41999816894531, 37.619998931884766, 39.20000076293945, 40.87999725341797, 42.63999938964844, 43.7599983215332, 45.03999710083008, 46.029998779296875, 46.94999694824219, 47.71999740600586, 48.97999954223633, 49.77000045776367, 50.279998779296875, 50.439998626708984, 51.869998931884766, 52.439998626708984, 52.53999710083008, 52.89999771118164, 53.52000045776367, 54.23999786376953, 54.439998626708984, 54.7599983215332, 55.19999694824219, 55.68000030517578, 55.96999740600586, 56.47999954223633, 56.80999755859375, 57.23999786376953, 57.63999938964844, 58.09000015258789, 58.209999084472656, 58.5, 58.81999969482422, 59.32999801635742, 59.18000030517578, 60.0, 60.1099967956543, 60.619998931884766, 60.88999938964844, 60.65999984741211, 61.07999801635742, 61.519996643066406, 61.63999938964844, 62.0, 62.099998474121094, 62.32999801635742, 62.84000015258789, 63.07999801635742, 62.97999954223633, 63.22999954223633, 63.41999816894531, 63.44999694824219, 63.6099967956543, 64.01000213623047, 64.04000091552734, 63.96999740600586, 64.08000183105469, 64.1199951171875, 64.62999725341797, 64.5, 64.83999633789062, 64.9000015258789, 64.8699951171875, 65.3699951171875, 65.3699951171875, 65.33999633789062, 65.47999572753906, 65.43999481201172, 65.5999984741211, 65.72000122070312, 65.90999603271484, 65.77999877929688, 65.83999633789062, 66.40999603271484, 66.4000015258789, 66.33000183105469, 66.36000061035156, 66.80999755859375, 66.87999725341797, 66.90999603271484, 66.72999572753906, 67.13999938964844, 67.02999877929688, 67.13999938964844, 67.06999969482422, 67.2699966430664, 67.30999755859375, 67.54000091552734, 67.44999694824219, 67.86000061035156, 67.65999603271484, 67.8499984741211, 67.6199951171875, 68.04999542236328, 67.87999725341797], "epochs": [0, 1, 2, 3, 4, 5, 6, 7, 8, 9, 10, 11, 12, 13, 14, 15, 16, 17, 18, 19, 20, 21, 22, 23, 24, 25, 26, 27, 28, 29, 30, 31, 32, 33, 34, 35, 36, 37, 38, 39, 40, 41, 42, 43, 44, 45, 46, 47, 48, 49, 50, 51, 52, 53, 54, 55, 56, 57, 58, 59, 60, 61, 62, 63, 64, 65, 66, 67, 68, 69, 70, 71, 72, 73, 74, 75, 76, 77, 78, 79, 80, 81, 82, 83, 84, 85, 86, 87, 88, 89, 90, 91, 92, 93, 94, 95, 96, 97, 98, 99]}