{"train_losses": [0.01668630540370941, 0.014678687788546085, 0.013530435040593147, 0.012533574365079403, 0.011788643896579742, 0.011164858005940914, 0.010567152872681618, 0.010049907490611076, 0.009585910476744175, 0.009135760366916656, 0.008743220940232277, 0.008410479873418808, 0.008123943582177162, 0.007842064835131168, 0.007581465411931276, 0.007328274194151163, 0.007089404854923487, 0.006896183826029301, 0.006684922147542238, 0.006539542227983475, 0.006347081158310175, 0.006228079553693533, 0.006043191999197006, 0.005915515590459108, 0.005799763835966587, 0.005677632987499237, 0.00554764736443758, 0.005457403603941202, 0.005308587569743395, 0.005242610815912485, 0.005135494749993086, 0.005055766087025404, 0.004975058604031801, 0.0048833200708031654, 0.004768668208271265, 0.00471364613622427, 0.00462593138217926, 0.00451093353331089, 0.004472055472433567, 0.004404684528708458, 0.00431763706728816, 0.0042353430762887, 0.004147706087678671, 0.004091577138751745, 0.004042831715196371, 0.003963685128837824, 0.0038834044244140387, 0.003825788153335452, 0.003773994743824005, 0.0037245533894747496, 0.0036799523513764143, 0.0036003440618515015, 0.003554451512172818, 0.003488014219328761, 0.003376619890332222, 0.003334857989102602, 0.0033150671515613794, 0.003250427544116974, 0.0032182487193495035, 0.003125519026070833, 0.0031379542779177427, 0.003083914751186967, 0.0030093782115727663, 0.002949086017906666, 0.0029125709552317858, 0.002872276585549116, 0.002782760187983513, 0.002790221245959401, 0.002720883348956704, 0.0026847869157791138, 0.002644253894686699, 0.002632908057421446, 0.0025685899890959263, 0.0025221325922757387, 0.0024924296885728836, 0.0024629265535622835, 0.0024223814252763987, 0.0023942093830555677, 0.002341973129659891, 0.0023081048857420683, 0.002270516473799944, 0.002208936493843794, 0.0021970586385577917, 0.002178201451897621, 0.0021364521235227585, 0.0021100000012665987, 0.002085023559629917, 0.0020421550143510103, 0.001962041249498725, 0.001982327550649643, 0.0019002660410478711, 0.0018689747666940093, 0.001904714503325522, 0.0018644578522071242, 0.0018354038475081325, 0.0018044306198135018, 0.0017730466788634658, 0.0017700751777738333, 0.0017606886103749275, 0.001724854577332735], "accs": [29.969999313354492, 35.689998626708984, 41.47999954223633, 45.38999938964844, 49.13999938964844, 51.71999740600586, 54.37999725341797, 56.689998626708984, 57.73999786376953, 59.98999786376953, 61.81999969482422, 63.94999694824219, 64.01000213623047, 65.83000183105469, 66.5999984741211, 67.56999969482422, 67.90999603271484, 69.0199966430664, 69.8699951171875, 70.29999542236328, 71.25, 71.79999542236328, 71.48999786376953, 72.15999603271484, 72.08000183105469, 72.72000122070312, 72.87999725341797, 73.12999725341797, 73.93999481201172, 74.22999572753906, 74.5, 74.1500015258789, 75.08000183105469, 74.63999938964844, 74.87999725341797, 74.77999877929688, 75.30999755859375, 75.15999603271484, 75.4000015258789, 75.22999572753906, 75.50999450683594, 75.41999816894531, 75.33000183105469, 75.47000122070312, 75.5, 76.06999969482422, 76.1500015258789, 76.2699966430664, 76.5, 75.68000030517578, 76.43999481201172, 76.5999984741211, 75.91999816894531, 76.0999984741211, 76.5199966430664, 76.47000122070312, 77.04999542236328, 76.83000183105469, 76.90999603271484, 76.72999572753906, 76.97999572753906, 76.79000091552734, 76.54000091552734, 77.16999816894531, 77.2699966430664, 76.61000061035156, 76.37999725341797, 76.47999572753906, 76.72000122070312, 76.69999694824219, 76.29999542236328, 76.58000183105469, 76.65999603271484, 76.58000183105469, 76.72999572753906, 76.8699951171875, 77.00999450683594, 77.02999877929688, 76.72999572753906, 76.98999786376953, 77.15999603271484, 76.93000030517578, 76.88999938964844, 77.13999938964844, 77.27999877929688, 76.93999481201172, 77.27999877929688, 77.04999542236328, 77.13999938964844, 77.15999603271484, 76.93000030517578, 77.06999969482422, 77.0999984741211, 76.8699951171875, 77.44999694824219, 77.13999938964844, 76.80999755859375, 76.5, 77.11000061035156, 77.00999450683594], "epochs": [0, 1, 2, 3, 4, 5, 6, 7, 8, 9, 10, 11, 12, 13, 14, 15, 16, 17, 18, 19, 20, 21, 22, 23, 24, 25, 26, 27, 28, 29, 30, 31, 32, 33, 34, 35, 36, 37, 38, 39, 40, 41, 42, 43, 44, 45, 46, 47, 48, 49, 50, 51, 52, 53, 54, 55, 56, 57, 58, 59, 60, 61, 62, 63, 64, 65, 66, 67, 68, 69, 70, 71, 72, 73, 74, 75, 76, 77, 78, 79, 80, 81, 82, 83, 84, 85, 86, 87, 88, 89, 90, 91, 92, 93, 94, 95, 96, 97, 98, 99]}