{"train_losses": [0.01200941763818264, 0.00925492774695158, 0.008556092157959938, 0.007682612631469965, 0.007080139592289925, 0.006495043635368347, 0.0060380930081009865, 0.005597351584583521, 0.00533517450094223, 0.0050230734050273895, 0.004806365352123976, 0.004587674047797918, 0.004428203217685223, 0.004241043236106634, 0.00410383939743042, 0.003923348151147366, 0.0037841845769435167, 0.0036744505632668734, 0.003713992889970541, 0.0035284266341477633, 0.0033720682840794325, 0.00326934433542192, 0.0031956275925040245, 0.0031264168210327625, 0.003155561862513423, 0.003013361245393753, 0.0028920506592839956, 0.0028045205399394035, 0.0027670555282384157, 0.0026895583141595125, 0.002654444891959429, 0.0025819302536547184, 0.00252986466512084, 0.0025042055640369654, 0.0027397717349231243, 0.0024922338780015707, 0.00233726785518229, 0.002272167708724737, 0.0023205853067338467, 0.002225523581728339, 0.002223977353423834, 0.0023856766056269407, 0.0021516880951821804, 0.0020527986343950033, 0.0020476835779845715, 0.0019939157646149397, 0.0019872444681823254, 0.0019431037362664938, 0.0019053672440350056, 0.0018877858528867364, 0.0018192464485764503, 0.0018177327001467347, 0.0017910762690007687, 0.0018621499184519053, 0.0017595126992091537, 0.0016766031039878726, 0.00165128568187356, 0.0016500339843332767, 0.0016379430890083313, 0.0015906619373708963, 0.001565038925036788, 0.0015541728353127837, 0.0015493384562432766, 0.0015035977121442556, 0.0016557006165385246, 0.003293449990451336, 0.0017911139875650406, 0.0015493360115215182, 0.00146338006015867, 0.0016815102426335216, 0.0014243548503145576, 0.001399661647155881, 0.001412430894561112, 0.0013657816452905536, 0.0013854160206392407, 0.0013482647482305765, 0.0013195269275456667, 0.0013226497685536742, 0.0012807847233489156, 0.0012947182403877378, 0.0012477078707888722, 0.0012122758198529482, 0.0012436648830771446, 0.0012250624131411314, 0.001209904090501368, 0.0012026933254674077, 0.0011481756810098886, 0.0011827134294435382, 0.001145735033787787, 0.0011552841169759631, 0.0010927445255219936, 0.0011134103406220675, 0.0010702182771638036, 0.0010937951738014817, 0.001038694055750966, 0.001085221883840859, 0.0010505076497793198, 0.0010387313086539507, 0.0010205506114289165, 0.001024730154313147], "accs": [53.81999969482422, 64.30999755859375, 64.0999984741211, 67.65999603271484, 70.1500015258789, 70.7699966430664, 73.70999908447266, 74.20999908447266, 76.00999450683594, 75.55999755859375, 79.18000030517578, 77.88999938964844, 79.80999755859375, 77.66999816894531, 80.79999542236328, 80.41999816894531, 80.80999755859375, 82.45999908447266, 81.50999450683594, 81.95999908447266, 82.68000030517578, 82.81999969482422, 83.0999984741211, 82.83999633789062, 83.08999633789062, 83.20999908447266, 82.83999633789062, 83.97000122070312, 83.54999542236328, 83.57999420166016, 84.44999694824219, 84.04000091552734, 84.07999420166016, 84.5199966430664, 84.07999420166016, 84.22000122070312, 84.27999877929688, 84.65999603271484, 84.65999603271484, 82.90999603271484, 84.45999908447266, 83.31999969482422, 83.82999420166016, 84.12999725341797, 84.27999877929688, 84.8699951171875, 84.8499984741211, 84.22000122070312, 84.6199951171875, 84.65999603271484, 84.9000015258789, 84.90999603271484, 85.06999969482422, 84.43000030517578, 85.72000122070312, 84.63999938964844, 85.43999481201172, 84.97999572753906, 85.43000030517578, 84.90999603271484, 84.72000122070312, 85.69999694824219, 85.68999481201172, 85.30999755859375, 84.72999572753906, 84.12999725341797, 84.8699951171875, 85.3699951171875, 85.25999450683594, 85.56999969482422, 85.47000122070312, 85.68999481201172, 85.31999969482422, 84.79999542236328, 84.94999694824219, 85.16999816894531, 85.18999481201172, 85.16999816894531, 85.04000091552734, 84.90999603271484, 85.0999984741211, 84.93000030517578, 85.43000030517578, 85.33999633789062, 85.47000122070312, 85.29000091552734, 85.25, 85.29000091552734, 85.02999877929688, 85.1500015258789, 85.22000122070312, 86.02999877929688, 85.16999816894531, 85.57999420166016, 85.05999755859375, 85.18000030517578, 85.38999938964844, 85.29999542236328, 85.37999725341797, 85.6199951171875], "epochs": [0, 1, 2, 3, 4, 5, 6, 7, 8, 9, 10, 11, 12, 13, 14, 15, 16, 17, 18, 19, 20, 21, 22, 23, 24, 25, 26, 27, 28, 29, 30, 31, 32, 33, 34, 35, 36, 37, 38, 39, 40, 41, 42, 43, 44, 45, 46, 47, 48, 49, 50, 51, 52, 53, 54, 55, 56, 57, 58, 59, 60, 61, 62, 63, 64, 65, 66, 67, 68, 69, 70, 71, 72, 73, 74, 75, 76, 77, 78, 79, 80, 81, 82, 83, 84, 85, 86, 87, 88, 89, 90, 91, 92, 93, 94, 95, 96, 97, 98, 99]}