{"train_losses": [0.01668427139520645, 0.014651372097432613, 0.013484513387084007, 0.012460651807487011, 0.011687961407005787, 0.011126813478767872, 0.01059573981910944, 0.010077282786369324, 0.0096114631742239, 0.009131846949458122, 0.008754340931773186, 0.008396339602768421, 0.0081122275441885, 0.007779195439070463, 0.007531013805419207, 0.007266865577548742, 0.007035398855805397, 0.006821442861109972, 0.006682595703750849, 0.006499878596514463, 0.006335298530757427, 0.0061303735710680485, 0.006074977107346058, 0.005898789968341589, 0.005764856468886137, 0.005653033964335918, 0.00551810534670949, 0.005413919687271118, 0.005301506724208593, 0.00522930221632123, 0.005150676239281893, 0.005001675803214312, 0.004956068471074104, 0.004827763419598341, 0.0047845011577010155, 0.004685971885919571, 0.004610844887793064, 0.004533136263489723, 0.004460924305021763, 0.004380429163575172, 0.004302785731852055, 0.004220227710902691, 0.004129722714424133, 0.004088467452675104, 0.004055469762533903, 0.003974733408540487, 0.003880420932546258, 0.003809015965089202, 0.003771157469600439, 0.003716727253049612, 0.0036396076902747154, 0.0036143120378255844, 0.0035509008448570967, 0.00349084148183465, 0.0034501326736062765, 0.0034041458275169134, 0.0033606605138629675, 0.0032488638535141945, 0.003239018376916647, 0.0031617458444088697, 0.003139491192996502, 0.0030705220997333527, 0.0030883902218192816, 0.002964867278933525, 0.0029470818117260933, 0.002858672523871064, 0.0028561328072100878, 0.0027910652570426464, 0.0027698243502527475, 0.0027307202108204365, 0.0026766841765493155, 0.0026223149616271257, 0.0026269264053553343, 0.002548272255808115, 0.002524250652641058, 0.0024648646358400583, 0.0024821728002279997, 0.0023789508268237114, 0.002354926196858287, 0.0023575148079544306, 0.002287875860929489, 0.002240886213257909, 0.0022452871780842543, 0.00222266698256135, 0.0021351580508053303, 0.0021509667858481407, 0.0020906603895127773, 0.0020870547741651535, 0.002091645495966077, 0.0020141159184277058, 0.0020224410109221935, 0.0019274830119684339, 0.0019439576426520944, 0.0019067011307924986, 0.0019067444372922182, 0.001869445783086121, 0.0018400632543489337, 0.0018165197689086199, 0.0018010445637628436, 0.0017531850608065724], "accs": [31.009998321533203, 36.40999984741211, 41.689998626708984, 45.59000015258789, 49.77000045776367, 52.30999755859375, 53.65999984741211, 56.73999786376953, 58.65999984741211, 59.69999694824219, 61.209999084472656, 62.72999954223633, 64.94999694824219, 64.90999603271484, 67.02999877929688, 67.73999786376953, 68.31999969482422, 69.11000061035156, 70.0199966430664, 70.19999694824219, 71.11000061035156, 71.47000122070312, 71.62999725341797, 72.43999481201172, 72.40999603271484, 72.65999603271484, 72.88999938964844, 73.29000091552734, 73.33999633789062, 73.18000030517578, 73.8699951171875, 74.22000122070312, 74.2699966430664, 74.0199966430664, 74.22000122070312, 74.8699951171875, 74.70999908447266, 75.48999786376953, 75.27999877929688, 74.70999908447266, 74.68000030517578, 75.66999816894531, 75.9000015258789, 75.95999908447266, 75.91999816894531, 75.62999725341797, 75.80999755859375, 75.62999725341797, 76.62999725341797, 75.6199951171875, 76.19999694824219, 75.47000122070312, 76.23999786376953, 76.04000091552734, 76.08999633789062, 75.80999755859375, 75.83000183105469, 75.8699951171875, 75.97000122070312, 76.11000061035156, 76.08999633789062, 76.25999450683594, 76.3699951171875, 76.04999542236328, 76.31999969482422, 76.4000015258789, 76.30999755859375, 76.20999908447266, 76.7699966430664, 76.75999450683594, 76.3499984741211, 76.47999572753906, 76.29000091552734, 76.22999572753906, 76.52999877929688, 76.48999786376953, 76.13999938964844, 76.33999633789062, 76.58000183105469, 76.30999755859375, 76.4000015258789, 76.33000183105469, 76.58000183105469, 76.61000061035156, 76.61000061035156, 76.37999725341797, 76.45999908447266, 76.83000183105469, 76.65999603271484, 76.58999633789062, 76.54999542236328, 77.11000061035156, 76.54000091552734, 76.91999816894531, 77.05999755859375, 76.73999786376953, 76.90999603271484, 77.0999984741211, 77.1199951171875, 76.93000030517578], "epochs": [0, 1, 2, 3, 4, 5, 6, 7, 8, 9, 10, 11, 12, 13, 14, 15, 16, 17, 18, 19, 20, 21, 22, 23, 24, 25, 26, 27, 28, 29, 30, 31, 32, 33, 34, 35, 36, 37, 38, 39, 40, 41, 42, 43, 44, 45, 46, 47, 48, 49, 50, 51, 52, 53, 54, 55, 56, 57, 58, 59, 60, 61, 62, 63, 64, 65, 66, 67, 68, 69, 70, 71, 72, 73, 74, 75, 76, 77, 78, 79, 80, 81, 82, 83, 84, 85, 86, 87, 88, 89, 90, 91, 92, 93, 94, 95, 96, 97, 98, 99]}