{"train_losses": [0.014675114303827286, 0.011979148723185062, 0.010944456793367863, 0.009805009700357914, 0.009182346984744072, 0.008260620757937431, 0.0076689268462359905, 0.007133175618946552, 0.006680270656943321, 0.006342446897178888, 0.009096108376979828, 0.0065519073978066444, 0.006082064006477594, 0.005669144913554192, 0.005462240893393755, 0.005240094382315874, 0.0053075822070240974, 0.004900278989225626, 0.004870107397437096, 0.004707640036940575, 0.004556223284453154, 0.004389765672385693, 0.004389930982142687, 0.004247850272804499, 0.004653388634324074, 0.004023549612611532, 0.003874414600431919, 0.004118198063224554, 0.003959911875426769, 0.003709725569933653, 0.003596971742808819, 0.0036211686674505472, 0.0034989872947335243, 0.003430016105994582, 0.0033572744578123093, 0.003372152568772435, 0.003336612368002534, 0.0032399832271039486, 0.0038194486405700445, 0.0036010576877743006, 0.00304625672288239, 0.0030398613307625055, 0.002856371458619833, 0.002980579389259219, 0.0028827334754168987, 0.00277476548217237, 0.002661939710378647, 0.0027429023757576942, 0.0026961846742779016, 0.0026192027144134045, 0.0025670246686786413, 0.0024890482891350985, 0.0025265703443437815, 0.0025654069613665342, 0.0025993657764047384, 0.002364360960200429, 0.0023178940173238516, 0.0022995464969426394, 0.0022673001512885094, 0.002291510347276926, 0.0026150010526180267, 0.0022641976829618216, 0.0021180924959480762, 0.002093574032187462, 0.0020997824613004923, 0.002177623799070716, 0.0020983926951885223, 0.002004306996241212, 0.0019673032220453024, 0.001959577202796936, 0.0019826011266559362, 0.0019619527738541365, 0.0019774141255766153, 0.001936295535415411, 0.0018490739166736603, 0.0018295545596629381, 0.001803476014174521, 0.0017947014421224594, 0.0019575825426727533, 0.002238983754068613, 0.0018172978889197111, 0.0017254786798730493, 0.0016615212662145495, 0.001723538269288838, 0.0018970065284520388, 0.002353898948058486, 0.001739502651616931, 0.0016473957803100348, 0.001636831439100206, 0.0016360143199563026, 0.0016119841020554304, 0.00157822051551193, 0.0015953689580783248, 0.001562077784910798, 0.0015330602182075381, 0.0015564817003905773, 0.0015161846531555057, 0.0014885140117257833, 0.0014553882647305727, 0.0015156293520703912], "accs": [31.09000015258789, 52.619998931884766, 51.54999923706055, 60.38999938964844, 62.1099967956543, 65.9000015258789, 68.3499984741211, 70.90999603271484, 72.80999755859375, 68.18999481201172, 70.08000183105469, 71.91999816894531, 73.62999725341797, 75.9000015258789, 74.47999572753906, 72.98999786376953, 75.04999542236328, 77.56999969482422, 78.88999938964844, 79.6199951171875, 77.69999694824219, 78.02999877929688, 73.30999755859375, 79.1500015258789, 81.36000061035156, 80.08999633789062, 80.32999420166016, 75.31999969482422, 81.93999481201172, 82.79000091552734, 81.04000091552734, 81.94999694824219, 81.72999572753906, 80.94999694824219, 81.25, 81.93000030517578, 82.93000030517578, 82.70999908447266, 79.02999877929688, 82.82999420166016, 84.16999816894531, 83.19999694824219, 83.86000061035156, 83.90999603271484, 82.62999725341797, 83.04999542236328, 84.55999755859375, 83.25999450683594, 83.30999755859375, 84.25, 83.66999816894531, 81.4000015258789, 83.47000122070312, 82.80999755859375, 83.7699966430664, 84.07999420166016, 84.91999816894531, 84.70999908447266, 84.08999633789062, 84.25, 84.5, 83.48999786376953, 84.65999603271484, 83.63999938964844, 85.02999877929688, 84.47999572753906, 83.97999572753906, 84.95999908447266, 84.95999908447266, 85.0199966430664, 85.00999450683594, 85.0, 83.8699951171875, 84.16999816894531, 84.16999816894531, 84.97000122070312, 85.20999908447266, 84.80999755859375, 84.80999755859375, 85.1199951171875, 84.72999572753906, 84.79999542236328, 85.30999755859375, 84.79000091552734, 84.0, 84.13999938964844, 85.07999420166016, 85.54000091552734, 85.43000030517578, 85.15999603271484, 85.29999542236328, 85.7699966430664, 85.4000015258789, 84.50999450683594, 85.00999450683594, 84.90999603271484, 85.15999603271484, 84.69999694824219, 84.63999938964844, 85.55999755859375], "epochs": [0, 1, 2, 3, 4, 5, 6, 7, 8, 9, 10, 11, 12, 13, 14, 15, 16, 17, 18, 19, 20, 21, 22, 23, 24, 25, 26, 27, 28, 29, 30, 31, 32, 33, 34, 35, 36, 37, 38, 39, 40, 41, 42, 43, 44, 45, 46, 47, 48, 49, 50, 51, 52, 53, 54, 55, 56, 57, 58, 59, 60, 61, 62, 63, 64, 65, 66, 67, 68, 69, 70, 71, 72, 73, 74, 75, 76, 77, 78, 79, 80, 81, 82, 83, 84, 85, 86, 87, 88, 89, 90, 91, 92, 93, 94, 95, 96, 97, 98, 99]}