{"train_losses": [0.013768519274890423, 0.011565793305635452, 0.010619108565151691, 0.009538245387375355, 0.008632984012365341, 0.007941008545458317, 0.007390751037746668, 0.00693961326032877, 0.006586287636309862, 0.006202215328812599, 0.005963610019534826, 0.005670021753758192, 0.005425423849374056, 0.005167504772543907, 0.005001750774681568, 0.004810390528291464, 0.00463848514482379, 0.004450775682926178, 0.0043661328963935375, 0.004264770541340113, 0.004112388007342815, 0.003941070754081011, 0.0038923146203160286, 0.0037435952108353376, 0.0036650807596743107, 0.0035783653147518635, 0.003469147952273488, 0.003362664021551609, 0.0032845146488398314, 0.0032009517308324575, 0.0031281898263841867, 0.003059128997847438, 0.0030127870850265026, 0.0029063778929412365, 0.0028800012078136206, 0.0027882324066013098, 0.002744919154793024, 0.002667908789590001, 0.002590992720797658, 0.002585587790235877, 0.0024652229622006416, 0.0024789103772491217, 0.0024115457199513912, 0.0023513042833656073, 0.0023160658311098814, 0.002223716117441654, 0.0022156969644129276, 0.0021486587356776, 0.0020814097952097654, 0.0020268040243536234, 0.0020380022469908, 0.00199511437676847, 0.0019255386432632804, 0.0018760799430310726, 0.001868295599706471, 0.0018205262022092938, 0.0017867290880531073, 0.0017389225540682673, 0.001669825753197074, 0.001700310269370675, 0.0016718358965590596, 0.0016188030131161213, 0.0015724134864285588, 0.0015284862602129579, 0.001516461605206132, 0.0014524125726893544, 0.001458192360587418, 0.0014823266537860036, 0.001406499999575317, 0.0014099781401455402, 0.001315897679887712, 0.001323469216004014, 0.0013070801505818963, 0.0012637014733627439, 0.001245144521817565, 0.0012706246925517917, 0.0011982654687017202, 0.001188635709695518, 0.0011361843207851052, 0.0011586286127567291, 0.0011071267072111368, 0.0011143499286845326, 0.0010760721052065492, 0.0010999819496646523, 0.0010890201665461063, 0.001086183707229793, 0.001032721484079957, 0.0010063989320769906, 0.0009716394706629217, 0.0009461839217692614, 0.0009560053586028516, 0.0009351713233627379, 0.0009145913645625114, 0.0009216222097165883, 0.0008965886663645506, 0.0009206226095557213, 0.0008537212270312011, 0.0008277641027234495, 0.0008372166776098311, 0.0008137230761349201], "accs": [44.73999786376953, 51.12999725341797, 56.77000045776367, 60.59000015258789, 65.04000091552734, 67.04999542236328, 68.30999755859375, 69.15999603271484, 71.7699966430664, 71.93999481201172, 73.25999450683594, 73.68999481201172, 74.70999908447266, 74.72000122070312, 76.63999938964844, 76.58000183105469, 77.41999816894531, 77.7699966430664, 77.72000122070312, 77.91999816894531, 78.6500015258789, 79.75, 79.7699966430664, 79.94999694824219, 79.18999481201172, 79.7699966430664, 79.56999969482422, 80.31999969482422, 80.08999633789062, 80.38999938964844, 80.47000122070312, 80.31999969482422, 81.1199951171875, 80.57999420166016, 81.45999908447266, 80.9000015258789, 81.19999694824219, 81.22999572753906, 81.29999542236328, 80.72999572753906, 80.36000061035156, 81.94999694824219, 81.02999877929688, 81.52999877929688, 81.45999908447266, 81.5, 81.50999450683594, 81.56999969482422, 81.3699951171875, 81.7699966430664, 81.25999450683594, 81.5199966430664, 81.52999877929688, 81.5999984741211, 81.69999694824219, 81.1500015258789, 81.81999969482422, 81.5199966430664, 81.97000122070312, 81.77999877929688, 81.6199951171875, 82.54000091552734, 81.70999908447266, 82.15999603271484, 81.69999694824219, 81.72000122070312, 82.43999481201172, 81.68000030517578, 81.7699966430664, 82.2699966430664, 82.3499984741211, 81.72000122070312, 81.8699951171875, 81.7699966430664, 81.73999786376953, 82.00999450683594, 82.52999877929688, 81.86000061035156, 81.86000061035156, 82.4000015258789, 82.3699951171875, 82.18999481201172, 82.4000015258789, 81.8499984741211, 81.75999450683594, 82.61000061035156, 82.37999725341797, 82.0, 81.98999786376953, 82.25, 81.98999786376953, 82.56999969482422, 82.1500015258789, 82.68999481201172, 82.43999481201172, 82.1500015258789, 82.08999633789062, 81.91999816894531, 82.23999786376953, 82.16999816894531], "epochs": [0, 1, 2, 3, 4, 5, 6, 7, 8, 9, 10, 11, 12, 13, 14, 15, 16, 17, 18, 19, 20, 21, 22, 23, 24, 25, 26, 27, 28, 29, 30, 31, 32, 33, 34, 35, 36, 37, 38, 39, 40, 41, 42, 43, 44, 45, 46, 47, 48, 49, 50, 51, 52, 53, 54, 55, 56, 57, 58, 59, 60, 61, 62, 63, 64, 65, 66, 67, 68, 69, 70, 71, 72, 73, 74, 75, 76, 77, 78, 79, 80, 81, 82, 83, 84, 85, 86, 87, 88, 89, 90, 91, 92, 93, 94, 95, 96, 97, 98, 99]}