{"train_losses": [0.016821473836898804, 0.014823922887444496, 0.01361811626702547, 0.012644870206713676, 0.01185147650539875, 0.011209345422685146, 0.010725850239396095, 0.010175402276217937, 0.009744057431817055, 0.009286155924201012, 0.00889234896749258, 0.008531680330634117, 0.00818839855492115, 0.007895932532846928, 0.007610148284584284, 0.0073771364986896515, 0.007118052337318659, 0.006923764478415251, 0.006745188031345606, 0.006617141421884298, 0.006448476575314999, 0.006257496774196625, 0.006188596598803997, 0.005980638321489096, 0.005853688344359398, 0.005769241601228714, 0.005647394806146622, 0.005488827358931303, 0.005380840972065926, 0.005311936605721712, 0.005203304346650839, 0.00517885060980916, 0.005022506695240736, 0.004951629787683487, 0.004861717578023672, 0.004777952097356319, 0.0047217002138495445, 0.00459715211763978, 0.004555862862616777, 0.004489270504564047, 0.004375116899609566, 0.004344659391790628, 0.004300602711737156, 0.004211378283798695, 0.004121393896639347, 0.0040710861794650555, 0.003974402789026499, 0.003921534400433302, 0.0038785783108323812, 0.0037843568716198206, 0.00374607159756124, 0.003740958170965314, 0.003602324053645134, 0.0035654460079967976, 0.00353003921918571, 0.0034631043672561646, 0.003440184285864234, 0.0033556167036294937, 0.003272345522418618, 0.0032693182583898306, 0.0031754078809171915, 0.0031478137243539095, 0.0031050252728164196, 0.003053369466215372, 0.0030386135913431644, 0.002962711965665221, 0.002906471723690629, 0.002922287443652749, 0.0028466868679970503, 0.002817472442984581, 0.0027103452011942863, 0.002695176051929593, 0.002721178811043501, 0.0025882930494844913, 0.002607426606118679, 0.002523037139326334, 0.0025246755685657263, 0.00246442761272192, 0.002423542784526944, 0.002415839582681656, 0.0023889574222266674, 0.0023789796978235245, 0.0022864711936563253, 0.0022926684468984604, 0.002219501184299588, 0.002215810352936387, 0.002181308576837182, 0.00215335376560688, 0.002112009096890688, 0.0020763841457664967, 0.002044516382738948, 0.0020054772030562162, 0.0019846756476908922, 0.0019459809409454465, 0.001958660315722227, 0.001926702680066228, 0.0018639029003679752, 0.0018643164075911045, 0.0018330285092815757, 0.0017910839524120092], "accs": [29.42999839782715, 35.59000015258789, 41.39999771118164, 46.31999969482422, 47.94999694824219, 51.57999801635742, 53.55999755859375, 55.71999740600586, 58.34000015258789, 59.69999694824219, 61.56999969482422, 63.209999084472656, 64.4000015258789, 65.86000061035156, 66.50999450683594, 67.52999877929688, 68.87999725341797, 68.36000061035156, 69.36000061035156, 70.48999786376953, 70.83000183105469, 70.88999938964844, 71.77999877929688, 72.22999572753906, 71.58000183105469, 72.41999816894531, 72.61000061035156, 73.1199951171875, 73.27999877929688, 73.45999908447266, 73.55999755859375, 73.83999633789062, 73.9000015258789, 74.15999603271484, 74.5999984741211, 74.30999755859375, 74.44999694824219, 74.62999725341797, 75.22999572753906, 74.37999725341797, 75.08999633789062, 75.12999725341797, 75.3499984741211, 75.58999633789062, 75.2699966430664, 75.27999877929688, 75.75, 75.5999984741211, 75.79000091552734, 75.37999725341797, 75.6199951171875, 75.55999755859375, 75.91999816894531, 75.8499984741211, 76.00999450683594, 75.8699951171875, 75.86000061035156, 76.04000091552734, 75.69999694824219, 76.56999969482422, 75.95999908447266, 76.04999542236328, 76.16999816894531, 76.40999603271484, 76.20999908447266, 76.15999603271484, 75.47000122070312, 75.18000030517578, 76.47000122070312, 76.0199966430664, 76.25999450683594, 76.0199966430664, 76.22999572753906, 76.15999603271484, 76.37999725341797, 76.04000091552734, 75.5999984741211, 76.22999572753906, 75.62999725341797, 76.29999542236328, 76.15999603271484, 75.73999786376953, 76.18000030517578, 76.2699966430664, 76.1199951171875, 76.30999755859375, 76.06999969482422, 76.40999603271484, 76.25, 76.0, 76.20999908447266, 76.04999542236328, 76.48999786376953, 76.27999877929688, 76.18999481201172, 76.31999969482422, 76.23999786376953, 76.29999542236328, 76.19999694824219, 76.58000183105469], "epochs": [0, 1, 2, 3, 4, 5, 6, 7, 8, 9, 10, 11, 12, 13, 14, 15, 16, 17, 18, 19, 20, 21, 22, 23, 24, 25, 26, 27, 28, 29, 30, 31, 32, 33, 34, 35, 36, 37, 38, 39, 40, 41, 42, 43, 44, 45, 46, 47, 48, 49, 50, 51, 52, 53, 54, 55, 56, 57, 58, 59, 60, 61, 62, 63, 64, 65, 66, 67, 68, 69, 70, 71, 72, 73, 74, 75, 76, 77, 78, 79, 80, 81, 82, 83, 84, 85, 86, 87, 88, 89, 90, 91, 92, 93, 94, 95, 96, 97, 98, 99]}