{"train_losses": [0.019858377054333687, 0.01920987293124199, 0.018078895285725594, 0.01659793220460415, 0.015500130131840706, 0.014719665050506592, 0.01414110604673624, 0.013684757053852081, 0.013286920264363289, 0.012924042530357838, 0.01266568060964346, 0.012367072515189648, 0.012142815627157688, 0.011888805776834488, 0.011672782711684704, 0.011486951261758804, 0.011332633905112743, 0.011229939758777618, 0.011025587096810341, 0.010875687934458256, 0.010781322605907917, 0.010643651708960533, 0.010533531196415424, 0.010440348647534847, 0.010310902260243893, 0.010252128355205059, 0.010143826715648174, 0.010040939785540104, 0.009967850521206856, 0.009866158477962017, 0.009800667874515057, 0.009697213768959045, 0.009605946019291878, 0.009560328908264637, 0.00947045348584652, 0.009381328709423542, 0.00932589452713728, 0.009254345670342445, 0.00920645147562027, 0.009137495420873165, 0.00902867317199707, 0.009004260413348675, 0.008886870928108692, 0.008901183493435383, 0.008803101256489754, 0.008708322420716286, 0.008646761067211628, 0.008642343804240227, 0.008571063168346882, 0.00854884460568428, 0.008468292653560638, 0.008402908220887184, 0.008369640447199345, 0.008321576751768589, 0.008249425329267979, 0.008161352016031742, 0.008160002529621124, 0.008120961487293243, 0.008088982664048672, 0.008031227625906467, 0.008005528710782528, 0.007944285869598389, 0.007932878099381924, 0.007923836819827557, 0.007879653014242649, 0.007797326892614365, 0.007768177427351475, 0.007709844037890434, 0.007649447303265333, 0.0076662274077534676, 0.007609113119542599, 0.007562669459730387, 0.007535876240581274, 0.007495873142033815, 0.007440716493874788, 0.007476153317838907, 0.007422225549817085, 0.007315908558666706, 0.0073582385666668415, 0.007316520903259516, 0.007255110424011946, 0.007255130913108587, 0.0072358883917331696, 0.007184242829680443, 0.007157167885452509, 0.007125531323254108, 0.007083802949637175, 0.0070660593919456005, 0.007049725856631994, 0.007020102348178625, 0.0069947135634720325, 0.0069448803551495075, 0.006983872503042221, 0.006907922215759754, 0.006864593364298344, 0.0068346671760082245, 0.0067966473288834095, 0.006796765141189098, 0.006802195217460394, 0.00677358265966177], "accs": [11.399999618530273, 12.9399995803833, 18.84000015258789, 26.170000076293945, 31.259998321533203, 35.38999938964844, 37.54999923706055, 40.05999755859375, 41.52000045776367, 43.38999938964844, 44.18000030517578, 45.93000030517578, 46.77000045776367, 47.53999710083008, 48.79999923706055, 49.44999694824219, 50.18000030517578, 50.64999771118164, 51.18000030517578, 52.279998779296875, 53.1099967956543, 53.52000045776367, 53.599998474121094, 54.119998931884766, 54.72999954223633, 54.80999755859375, 55.62999725341797, 55.8599967956543, 56.06999969482422, 56.97999954223633, 57.2599983215332, 57.53999710083008, 57.90999984741211, 58.269996643066406, 58.84000015258789, 59.019996643066406, 59.47999954223633, 59.769996643066406, 60.05999755859375, 60.30999755859375, 60.62999725341797, 60.57999801635742, 61.189998626708984, 61.5099983215332, 61.599998474121094, 61.7599983215332, 62.06999969482422, 62.31999969482422, 62.66999816894531, 62.89999771118164, 63.14999771118164, 63.32999801635742, 63.66999816894531, 63.82999801635742, 63.7599983215332, 63.88999938964844, 64.29999542236328, 64.1500015258789, 64.58999633789062, 64.5199966430664, 64.47000122070312, 64.72000122070312, 64.70999908447266, 64.77999877929688, 64.79000091552734, 65.30999755859375, 65.44999694824219, 65.40999603271484, 65.66999816894531, 65.97000122070312, 65.90999603271484, 66.20999908447266, 66.1199951171875, 66.04999542236328, 66.40999603271484, 66.52999877929688, 66.54999542236328, 66.37999725341797, 66.72999572753906, 67.0199966430664, 66.90999603271484, 66.97999572753906, 67.1500015258789, 67.22999572753906, 67.3699951171875, 67.31999969482422, 67.47999572753906, 67.43000030517578, 67.55999755859375, 67.37999725341797, 67.72999572753906, 67.83999633789062, 67.93000030517578, 68.08999633789062, 67.94999694824219, 68.36000061035156, 68.2699966430664, 68.3499984741211, 68.25999450683594, 68.30999755859375], "epochs": [0, 1, 2, 3, 4, 5, 6, 7, 8, 9, 10, 11, 12, 13, 14, 15, 16, 17, 18, 19, 20, 21, 22, 23, 24, 25, 26, 27, 28, 29, 30, 31, 32, 33, 34, 35, 36, 37, 38, 39, 40, 41, 42, 43, 44, 45, 46, 47, 48, 49, 50, 51, 52, 53, 54, 55, 56, 57, 58, 59, 60, 61, 62, 63, 64, 65, 66, 67, 68, 69, 70, 71, 72, 73, 74, 75, 76, 77, 78, 79, 80, 81, 82, 83, 84, 85, 86, 87, 88, 89, 90, 91, 92, 93, 94, 95, 96, 97, 98, 99]}