{"train_losses": [0.01884867064654827, 0.016527948901057243, 0.014613421633839607, 0.013280431739985943, 0.012307160533964634, 0.011603976599872112, 0.01098625361919403, 0.010475213639438152, 0.009968910366296768, 0.009560160338878632, 0.00916613545268774, 0.008771705441176891, 0.008442068472504616, 0.008131686598062515, 0.007848833687603474, 0.007581897545605898, 0.007347443141043186, 0.007143814116716385, 0.006894431076943874, 0.006737046409398317, 0.0065384055487811565, 0.006424888968467712, 0.006229407154023647, 0.0060979160480201244, 0.005955744069069624, 0.005835989955812693, 0.005714898928999901, 0.005592696834355593, 0.005462476518005133, 0.00540460180491209, 0.005256593693047762, 0.005172266624867916, 0.005069269798696041, 0.004993414040654898, 0.0049176630564033985, 0.004800078924745321, 0.004733474925160408, 0.004659466911107302, 0.004582920577377081, 0.004496913868933916, 0.004405289888381958, 0.004370684735476971, 0.004298447631299496, 0.004229857586324215, 0.004157693590968847, 0.004052859731018543, 0.004033359698951244, 0.0039933123625814915, 0.0039005065336823463, 0.0038071635644882917, 0.0037493412382900715, 0.0037281205877661705, 0.0036567363422363997, 0.0035842678043991327, 0.0035382320638746023, 0.0034814730752259493, 0.0034081211779266596, 0.0033373055048286915, 0.003315675538033247, 0.003256188938394189, 0.00323780276812613, 0.0031245718710124493, 0.0031112341675907373, 0.003072703257203102, 0.003028737148270011, 0.003004275495186448, 0.0029218411073088646, 0.00286081968806684, 0.00283210352063179, 0.002782536903396249, 0.0027667745016515255, 0.0027073451783508062, 0.002627445850521326, 0.0026333441492170095, 0.0025494424626231194, 0.0025746163446456194, 0.002500306349247694, 0.0024385799188166857, 0.002414849353954196, 0.0023905527777969837, 0.002343758475035429, 0.0023277432192116976, 0.002293836558237672, 0.00222578551620245, 0.0022387816570699215, 0.0022263191640377045, 0.0021211837884038687, 0.0021110381931066513, 0.0020737042650580406, 0.0020516221411526203, 0.002023347420617938, 0.0020202382002025843, 0.001957610249519348, 0.0019289276096969843, 0.0018876552348956466, 0.0018782851984724402, 0.0018545248312875628, 0.0018611170817166567, 0.001788464142009616, 0.0018319333903491497], "accs": [19.559999465942383, 28.25, 37.709999084472656, 42.86000061035156, 46.91999816894531, 49.72999954223633, 52.87999725341797, 54.82999801635742, 56.349998474121094, 58.439998626708984, 61.07999801635742, 61.78999710083008, 63.519996643066406, 63.96999740600586, 64.97000122070312, 66.41999816894531, 66.7699966430664, 68.5, 69.22999572753906, 69.4000015258789, 69.93999481201172, 70.95999908447266, 70.70999908447266, 71.63999938964844, 71.80999755859375, 72.43999481201172, 72.55999755859375, 72.95999908447266, 72.22999572753906, 73.1199951171875, 73.43000030517578, 73.5999984741211, 73.91999816894531, 73.80999755859375, 74.23999786376953, 74.0999984741211, 74.30999755859375, 74.5999984741211, 74.20999908447266, 74.81999969482422, 75.05999755859375, 75.05999755859375, 75.43000030517578, 75.12999725341797, 75.45999908447266, 75.22000122070312, 75.11000061035156, 75.54999542236328, 75.68000030517578, 75.91999816894531, 76.16999816894531, 75.93999481201172, 75.44999694824219, 75.56999969482422, 75.69999694824219, 75.58999633789062, 76.00999450683594, 76.0199966430664, 75.22000122070312, 75.93000030517578, 75.4000015258789, 76.0999984741211, 76.23999786376953, 75.7699966430664, 75.77999877929688, 76.08000183105469, 76.15999603271484, 76.0199966430664, 75.70999908447266, 75.95999908447266, 76.0999984741211, 76.25999450683594, 75.75, 76.08000183105469, 76.25, 76.3499984741211, 76.23999786376953, 76.65999603271484, 76.43000030517578, 76.29000091552734, 76.7699966430664, 76.52999877929688, 76.43000030517578, 76.20999908447266, 76.5199966430664, 76.33999633789062, 76.15999603271484, 76.2699966430664, 76.72999572753906, 76.54000091552734, 76.47999572753906, 76.29000091552734, 76.83999633789062, 76.79000091552734, 76.50999450683594, 76.75999450683594, 76.52999877929688, 76.47999572753906, 76.80999755859375, 76.88999938964844], "epochs": [0, 1, 2, 3, 4, 5, 6, 7, 8, 9, 10, 11, 12, 13, 14, 15, 16, 17, 18, 19, 20, 21, 22, 23, 24, 25, 26, 27, 28, 29, 30, 31, 32, 33, 34, 35, 36, 37, 38, 39, 40, 41, 42, 43, 44, 45, 46, 47, 48, 49, 50, 51, 52, 53, 54, 55, 56, 57, 58, 59, 60, 61, 62, 63, 64, 65, 66, 67, 68, 69, 70, 71, 72, 73, 74, 75, 76, 77, 78, 79, 80, 81, 82, 83, 84, 85, 86, 87, 88, 89, 90, 91, 92, 93, 94, 95, 96, 97, 98, 99]}