{"train_losses": [0.014494938775897026, 0.011183382011950016, 0.009939364157617092, 0.008985636755824089, 0.008113760501146317, 0.007477035280317068, 0.0069924620911479, 0.0065428768284618855, 0.0061823297291994095, 0.00596217205747962, 0.005639802664518356, 0.005417012143880129, 0.005197624210268259, 0.0063539231196045876, 0.006993429269641638, 0.005466160364449024, 0.005099207162857056, 0.00485990010201931, 0.004697348922491074, 0.004533031024038792, 0.004421580582857132, 0.004267098847776651, 0.004116241820156574, 0.0041099837981164455, 0.0043120780028402805, 0.003886206541210413, 0.003796480828896165, 0.0037024132907390594, 0.003586848732084036, 0.003553973976522684, 0.00347746629267931, 0.0034094820730388165, 0.0034097384195774794, 0.003310609608888626, 0.004094523377716541, 0.004019940737634897, 0.0033546462655067444, 0.003155473619699478, 0.0031506717205047607, 0.0030783824622631073, 0.002987511223182082, 0.002893192693591118, 0.002936325967311859, 0.002916047815233469, 0.0041906218975782394, 0.0031268862076103687, 0.002836952218785882, 0.002777557587251067, 0.0027936550322920084, 0.002682983875274658, 0.002622707048431039, 0.0026414147578179836, 0.0025723979342728853, 0.0029048423748463392, 0.002890503266826272, 0.0024295642506331205, 0.00240323506295681, 0.0024295516777783632, 0.002400772413238883, 0.0024152034893631935, 0.0023268635850399733, 0.002839308464899659, 0.002485397970303893, 0.002278003841638565, 0.0021785451099276543, 0.002181400079280138, 0.002260657027363777, 0.0022036770824342966, 0.0021345701534301043, 0.0020932930056005716, 0.002062020590528846, 0.0020930012688040733, 0.0020108085591346025, 0.0020314613357186317, 0.001960765104740858, 0.0020037051290273666, 0.0020135173108428717, 0.0019532195292413235, 0.0019274346996098757, 0.0018669073469936848, 0.0027178225573152304, 0.002023224951699376, 0.0018027351470664144, 0.0017883542459458113, 0.0018063256284222007, 0.0017808913253247738, 0.0017689978703856468, 0.001826574094593525, 0.0017789549892768264, 0.0017992830835282803, 0.0019232515478506684, 0.0017361632781103253, 0.0017113565700128675, 0.0016746557084843516, 0.0016635279171168804, 0.001661860616877675, 0.0016473449068143964, 0.00160162802785635, 0.001560501172207296, 0.0016123559325933456], "accs": [44.93000030517578, 53.21999740600586, 57.16999816894531, 57.41999816894531, 64.72999572753906, 67.79000091552734, 68.7699966430664, 70.7699966430664, 70.97000122070312, 72.45999908447266, 74.04000091552734, 75.70999908447266, 76.58999633789062, 52.119998931884766, 74.73999786376953, 76.54999542236328, 76.56999969482422, 76.25999450683594, 78.7699966430664, 78.2699966430664, 78.94999694824219, 79.04000091552734, 78.91999816894531, 80.47000122070312, 81.15999603271484, 80.16999816894531, 81.02999877929688, 80.43000030517578, 81.2699966430664, 81.18000030517578, 81.7699966430664, 81.47999572753906, 82.43999481201172, 82.30999755859375, 75.75, 81.48999786376953, 81.54000091552734, 82.1199951171875, 82.50999450683594, 82.37999725341797, 83.43000030517578, 82.86000061035156, 82.22999572753906, 82.8499984741211, 82.90999603271484, 79.97000122070312, 84.37999725341797, 83.18000030517578, 83.44999694824219, 83.18999481201172, 83.68999481201172, 84.04000091552734, 83.86000061035156, 77.50999450683594, 84.22999572753906, 84.18000030517578, 83.69999694824219, 84.0199966430664, 83.97000122070312, 84.12999725341797, 83.75, 82.0199966430664, 84.23999786376953, 84.66999816894531, 84.93999481201172, 84.63999938964844, 84.32999420166016, 83.00999450683594, 84.54000091552734, 84.55999755859375, 83.75999450683594, 84.8499984741211, 84.37999725341797, 83.98999786376953, 84.36000061035156, 84.9000015258789, 83.72999572753906, 83.88999938964844, 85.11000061035156, 83.70999908447266, 83.63999938964844, 84.08999633789062, 84.36000061035156, 83.94999694824219, 84.88999938964844, 84.32999420166016, 84.75999450683594, 84.75, 84.30999755859375, 84.0, 83.88999938964844, 84.7699966430664, 84.65999603271484, 84.55999755859375, 84.38999938964844, 85.02999877929688, 84.69999694824219, 84.81999969482422, 84.25, 84.02999877929688], "epochs": [0, 1, 2, 3, 4, 5, 6, 7, 8, 9, 10, 11, 12, 13, 14, 15, 16, 17, 18, 19, 20, 21, 22, 23, 24, 25, 26, 27, 28, 29, 30, 31, 32, 33, 34, 35, 36, 37, 38, 39, 40, 41, 42, 43, 44, 45, 46, 47, 48, 49, 50, 51, 52, 53, 54, 55, 56, 57, 58, 59, 60, 61, 62, 63, 64, 65, 66, 67, 68, 69, 70, 71, 72, 73, 74, 75, 76, 77, 78, 79, 80, 81, 82, 83, 84, 85, 86, 87, 88, 89, 90, 91, 92, 93, 94, 95, 96, 97, 98, 99]}