{"train_losses": [0.012120489962399006, 0.00930451788008213, 0.008614224381744862, 0.007828607223927975, 0.007153487764298916, 0.006539750378578901, 0.006085615139454603, 0.005695854313671589, 0.005345806945115328, 0.005071502644568682, 0.004824894480407238, 0.004594968631863594, 0.0043664057739079, 0.004220190457999706, 0.0040373546071350574, 0.00391716742888093, 0.0037066100630909204, 0.0036453253123909235, 0.0035402453504502773, 0.0034586291294544935, 0.0034355614334344864, 0.0032319496385753155, 0.0031175019685178995, 0.003095682943239808, 0.0030528276693075895, 0.0028722905553877354, 0.0028194633778184652, 0.002796543762087822, 0.0026860733050853014, 0.002666995394974947, 0.0026232507079839706, 0.0025432007387280464, 0.0025036039296537638, 0.002437783405184746, 0.00240572402253747, 0.0023705775383859873, 0.0022840152960270643, 0.0022612956818193197, 0.002209137659519911, 0.0022000109311193228, 0.0021509937942028046, 0.002091412665322423, 0.002058513229712844, 0.0020283027552068233, 0.002006165450438857, 0.0019624915439635515, 0.0019310492789372802, 0.0018868295010179281, 0.0021465346217155457, 0.0020166016183793545, 0.001807789085432887, 0.0019136960618197918, 0.0018438628176227212, 0.0017244891496375203, 0.0017302915221080184, 0.0016567942220717669, 0.0016227609012275934, 0.0016029819380491972, 0.001601739670149982, 0.0015872841468080878, 0.0015791114419698715, 0.0015301243402063847, 0.0014844255056232214, 0.0015025946777313948, 0.0014382780063897371, 0.0014521221164613962, 0.0014513240894302726, 0.0014190968358889222, 0.0013939025811851025, 0.0013669758336618543, 0.0013407469959929585, 0.0013286760076880455, 0.0012800894910469651, 0.001271890359930694, 0.0012735968921333551, 0.00121133285574615, 0.0011944015277549624, 0.0012318171793594956, 0.001203767373226583, 0.0011709302198141813, 0.0011513145873323083, 0.0011385994730517268, 0.001119066495448351, 0.0011127704055979848, 0.0010956196347251534, 0.0010577475186437368, 0.0010821664473041892, 0.0010612531332299113, 0.0010169445304200053, 0.0010345671325922012, 0.0010430210968479514, 0.0010323462774977088, 0.000988029525615275, 0.001000186544843018, 0.0009504617773927748, 0.0009610431152395904, 0.0009282652172259986, 0.0009851724607869983, 0.0009295287309214473, 0.0008780932403169572], "accs": [54.369998931884766, 61.87999725341797, 63.689998626708984, 67.87999725341797, 69.52999877929688, 71.97000122070312, 73.65999603271484, 73.62999725341797, 75.38999938964844, 77.06999969482422, 76.90999603271484, 78.79999542236328, 80.08999633789062, 79.3499984741211, 79.87999725341797, 80.7699966430664, 80.54000091552734, 81.62999725341797, 81.04000091552734, 81.66999816894531, 82.22000122070312, 81.33999633789062, 80.38999938964844, 82.58999633789062, 82.22000122070312, 82.3499984741211, 81.75999450683594, 82.57999420166016, 82.98999786376953, 82.83999633789062, 82.98999786376953, 82.79999542236328, 82.65999603271484, 83.47000122070312, 82.70999908447266, 83.48999786376953, 83.82999420166016, 83.97999572753906, 84.20999908447266, 83.3499984741211, 83.37999725341797, 83.87999725341797, 83.82999420166016, 83.57999420166016, 83.54000091552734, 83.93999481201172, 83.70999908447266, 84.0199966430664, 82.75, 83.5999984741211, 84.07999420166016, 83.91999816894531, 83.8499984741211, 83.68000030517578, 83.79999542236328, 84.33999633789062, 84.00999450683594, 84.54000091552734, 84.16999816894531, 84.20999908447266, 84.43999481201172, 84.69999694824219, 84.2699966430664, 84.68000030517578, 84.62999725341797, 83.72999572753906, 84.29000091552734, 83.87999725341797, 83.91999816894531, 84.19999694824219, 83.93999481201172, 84.44999694824219, 84.66999816894531, 84.48999786376953, 84.4000015258789, 84.62999725341797, 84.41999816894531, 84.45999908447266, 84.88999938964844, 84.22000122070312, 84.5, 84.50999450683594, 84.38999938964844, 84.54999542236328, 84.18000030517578, 84.54000091552734, 84.30999755859375, 84.25, 84.70999908447266, 83.97999572753906, 84.56999969482422, 84.41999816894531, 84.04000091552734, 84.94999694824219, 84.20999908447266, 84.43000030517578, 84.57999420166016, 85.16999816894531, 85.07999420166016, 84.27999877929688], "epochs": [0, 1, 2, 3, 4, 5, 6, 7, 8, 9, 10, 11, 12, 13, 14, 15, 16, 17, 18, 19, 20, 21, 22, 23, 24, 25, 26, 27, 28, 29, 30, 31, 32, 33, 34, 35, 36, 37, 38, 39, 40, 41, 42, 43, 44, 45, 46, 47, 48, 49, 50, 51, 52, 53, 54, 55, 56, 57, 58, 59, 60, 61, 62, 63, 64, 65, 66, 67, 68, 69, 70, 71, 72, 73, 74, 75, 76, 77, 78, 79, 80, 81, 82, 83, 84, 85, 86, 87, 88, 89, 90, 91, 92, 93, 94, 95, 96, 97, 98, 99]}