{"train_losses": [0.01944083720445633, 0.018976308405399323, 0.017946401610970497, 0.01671011559665203, 0.01566241681575775, 0.014926254749298096, 0.014295765198767185, 0.013848059810698032, 0.013455386273562908, 0.013065225444734097, 0.012757119722664356, 0.012459201738238335, 0.01221450138837099, 0.012000049464404583, 0.011753683909773827, 0.01157703623175621, 0.011390012688934803, 0.011261464096605778, 0.011050797998905182, 0.010927453637123108, 0.01079719327390194, 0.010664471425116062, 0.010489055886864662, 0.010389291681349277, 0.010268062353134155, 0.010138563811779022, 0.010041003115475178, 0.009964621625840664, 0.00983374286442995, 0.009731697849929333, 0.009598929435014725, 0.00949179008603096, 0.009439738467335701, 0.009394829161465168, 0.009278064593672752, 0.009182563051581383, 0.009129656478762627, 0.00903648603707552, 0.008975858800113201, 0.008865033276379108, 0.008826871402561665, 0.008732804097235203, 0.008682513609528542, 0.008645694702863693, 0.008600529283285141, 0.008522091433405876, 0.00846521370112896, 0.008435221388936043, 0.008349588140845299, 0.008292420767247677, 0.008228912949562073, 0.008193022571504116, 0.0081774378195405, 0.008144226856529713, 0.00803937204182148, 0.007992642931640148, 0.008000189438462257, 0.007900496944785118, 0.00787582341581583, 0.00781067181378603, 0.007793667260557413, 0.007754113059490919, 0.007715094834566116, 0.007684485986828804, 0.007647144142538309, 0.00763159291818738, 0.0075498782098293304, 0.00753617100417614, 0.007457321509718895, 0.007472837809473276, 0.007426899392157793, 0.007377571891993284, 0.007344562094658613, 0.0073192305862903595, 0.0072699906304478645, 0.007265606429427862, 0.007244060281664133, 0.0071747940964996815, 0.007180115208029747, 0.007097785361111164, 0.007133726496249437, 0.007094104308634996, 0.007013001479208469, 0.007018961478024721, 0.007009756285697222, 0.006984518375247717, 0.006967206951230764, 0.0069143036380410194, 0.006890138145536184, 0.006880039349198341, 0.006838034372776747, 0.006802497897297144, 0.006775971036404371, 0.006755928974598646, 0.006714999675750732, 0.006690659560263157, 0.0066546062007546425, 0.006661138031631708, 0.006654702592641115, 0.006627373397350311], "accs": [10.969999313354492, 12.719999313354492, 19.40999984741211, 25.119998931884766, 29.6299991607666, 33.369998931884766, 36.21999740600586, 38.23999786376953, 40.09000015258789, 41.89999771118164, 43.2599983215332, 44.46999740600586, 45.61000061035156, 46.57999801635742, 47.93000030517578, 48.56999969482422, 49.39999771118164, 49.849998474121094, 50.66999816894531, 51.38999938964844, 51.80999755859375, 52.459999084472656, 53.03999710083008, 53.94999694824219, 54.029998779296875, 54.709999084472656, 55.47999954223633, 55.849998474121094, 56.31999969482422, 56.94999694824219, 56.84000015258789, 57.31999969482422, 57.65999984741211, 57.82999801635742, 58.65999984741211, 58.87999725341797, 59.40999984741211, 59.65999984741211, 59.779998779296875, 60.19999694824219, 60.29999923706055, 60.69999694824219, 60.62999725341797, 61.0, 61.019996643066406, 61.439998626708984, 61.6099967956543, 61.84000015258789, 62.28999710083008, 62.28999710083008, 62.68000030517578, 62.97999954223633, 62.959999084472656, 63.22999954223633, 63.3599967956543, 63.519996643066406, 63.7599983215332, 63.98999786376953, 64.29000091552734, 64.33000183105469, 64.29999542236328, 64.5, 64.70999908447266, 64.77999877929688, 65.26000213623047, 65.30999755859375, 65.29000091552734, 65.1199951171875, 65.81999969482422, 65.8699951171875, 65.98999786376953, 66.13999938964844, 66.02999877929688, 66.06999969482422, 66.43999481201172, 66.47000122070312, 66.5199966430664, 66.81999969482422, 66.80999755859375, 66.77999877929688, 66.91999816894531, 67.00999450683594, 67.08000183105469, 67.11000061035156, 67.40999603271484, 67.18000030517578, 67.3499984741211, 67.4000015258789, 67.38999938964844, 67.56999969482422, 67.52999877929688, 67.68999481201172, 67.87999725341797, 67.86000061035156, 68.12999725341797, 68.06999969482422, 68.15999603271484, 68.40999603271484, 68.33999633789062, 68.30999755859375], "epochs": [0, 1, 2, 3, 4, 5, 6, 7, 8, 9, 10, 11, 12, 13, 14, 15, 16, 17, 18, 19, 20, 21, 22, 23, 24, 25, 26, 27, 28, 29, 30, 31, 32, 33, 34, 35, 36, 37, 38, 39, 40, 41, 42, 43, 44, 45, 46, 47, 48, 49, 50, 51, 52, 53, 54, 55, 56, 57, 58, 59, 60, 61, 62, 63, 64, 65, 66, 67, 68, 69, 70, 71, 72, 73, 74, 75, 76, 77, 78, 79, 80, 81, 82, 83, 84, 85, 86, 87, 88, 89, 90, 91, 92, 93, 94, 95, 96, 97, 98, 99]}