{"train_losses": [0.01369331032037735, 0.011122774332761765, 0.01051472406834364, 0.009468126110732555, 0.008449963293969631, 0.007702101953327656, 0.007130374666303396, 0.006644340232014656, 0.006176363211125135, 0.0057262093760073185, 0.005464986432343721, 0.005212068557739258, 0.0049455719999969006, 0.004788295365869999, 0.004581585060805082, 0.004401382990181446, 0.004260065965354443, 0.004143492318689823, 0.003974081948399544, 0.0038400008343160152, 0.003758082864806056, 0.0036363794934004545, 0.0035447203554213047, 0.0034432602114975452, 0.0032873854506760836, 0.0031865749042481184, 0.0031156393233686686, 0.0030965411569923162, 0.003011588705703616, 0.0029604921583086252, 0.0028231695760041475, 0.0027344664558768272, 0.0026657141279429197, 0.003082068171352148, 0.0028737273532897234, 0.0025192832108587027, 0.002466206206008792, 0.0024723780807107687, 0.00239518191665411, 0.002432553330436349, 0.002371537499129772, 0.0022808515932410955, 0.0021967727225273848, 0.0021963510662317276, 0.002152929315343499, 0.0022182404063642025, 0.0021266513504087925, 0.0027039784472435713, 0.002229254459962249, 0.0019506019307300448, 0.001911901985295117, 0.0019016298465430737, 0.0019295471720397472, 0.0018734895857051015, 0.0018161471234634519, 0.0018465035827830434, 0.00178896589204669, 0.0018336325883865356, 0.0017420704243704677, 0.001713431323878467, 0.001652010716497898, 0.0016187207074835896, 0.0018794845091179013, 0.0017328695394098759, 0.0016192536568269134, 0.0023548193275928497, 0.0017382183577865362, 0.0015341468388214707, 0.0014979635598137975, 0.001454174635000527, 0.0014863578835502267, 0.0014943360583856702, 0.0014418362407013774, 0.0014243526384234428, 0.0014291994739323854, 0.0013906290987506509, 0.0013203518465161324, 0.0013552244054153562, 0.0013415453722700477, 0.0014603346353396773, 0.0012769075110554695, 0.001274031586945057, 0.001264612888917327, 0.001294580171816051, 0.0011817202903330326, 0.0012236380716785789, 0.0012009082129225135, 0.0012214324669912457, 0.00117356120608747, 0.0014457168290391564, 0.0019214522326365113, 0.0011811377480626106, 0.00109409901779145, 0.001092048711143434, 0.0011040599783882499, 0.0011047766311094165, 0.0010967496782541275, 0.001101005240343511, 0.0010909463744610548, 0.0010269973427057266], "accs": [46.63999938964844, 51.29999923706055, 54.82999801635742, 60.939998626708984, 62.07999801635742, 68.72999572753906, 64.54000091552734, 71.8699951171875, 74.4000015258789, 72.54000091552734, 75.54999542236328, 76.31999969482422, 78.08000183105469, 75.15999603271484, 79.22000122070312, 76.70999908447266, 80.27999877929688, 79.77999877929688, 80.77999877929688, 81.45999908447266, 80.79000091552734, 81.2699966430664, 81.62999725341797, 81.81999969482422, 81.7699966430664, 81.93000030517578, 82.04000091552734, 82.18000030517578, 83.13999938964844, 82.48999786376953, 83.20999908447266, 84.22000122070312, 83.44999694824219, 80.38999938964844, 82.38999938964844, 83.56999969482422, 83.29000091552734, 84.44999694824219, 84.37999725341797, 83.41999816894531, 84.25999450683594, 84.52999877929688, 84.37999725341797, 84.43999481201172, 84.41999816894531, 84.20999908447266, 84.9000015258789, 83.72000122070312, 84.43999481201172, 84.82999420166016, 84.90999603271484, 85.0, 84.12999725341797, 85.13999938964844, 84.80999755859375, 84.18000030517578, 84.58999633789062, 84.94999694824219, 85.00999450683594, 85.1199951171875, 85.37999725341797, 84.97000122070312, 84.54999542236328, 85.32999420166016, 85.32999420166016, 84.79999542236328, 85.0999984741211, 84.75999450683594, 84.91999816894531, 85.5199966430664, 85.25999450683594, 85.43000030517578, 84.79000091552734, 85.5999984741211, 85.11000061035156, 85.75, 85.00999450683594, 85.1500015258789, 84.57999420166016, 85.72999572753906, 85.30999755859375, 84.6500015258789, 85.47000122070312, 84.68000030517578, 85.61000061035156, 85.56999969482422, 85.47000122070312, 85.20999908447266, 85.25999450683594, 85.11000061035156, 85.5999984741211, 85.79999542236328, 85.87999725341797, 85.43000030517578, 85.57999420166016, 84.98999786376953, 84.93999481201172, 85.07999420166016, 84.79999542236328, 85.25999450683594], "epochs": [0, 1, 2, 3, 4, 5, 6, 7, 8, 9, 10, 11, 12, 13, 14, 15, 16, 17, 18, 19, 20, 21, 22, 23, 24, 25, 26, 27, 28, 29, 30, 31, 32, 33, 34, 35, 36, 37, 38, 39, 40, 41, 42, 43, 44, 45, 46, 47, 48, 49, 50, 51, 52, 53, 54, 55, 56, 57, 58, 59, 60, 61, 62, 63, 64, 65, 66, 67, 68, 69, 70, 71, 72, 73, 74, 75, 76, 77, 78, 79, 80, 81, 82, 83, 84, 85, 86, 87, 88, 89, 90, 91, 92, 93, 94, 95, 96, 97, 98, 99]}