{"train_losses": [0.012110304087400436, 0.009307114407420158, 0.008623071946203709, 0.007813352160155773, 0.007102359551936388, 0.006543375551700592, 0.0060593183152377605, 0.005678106099367142, 0.005341243930160999, 0.004979241639375687, 0.004721928853541613, 0.0045181517489254475, 0.004328595008701086, 0.0041348631493747234, 0.0039935908280313015, 0.003819724079221487, 0.0037221836391836405, 0.0035838023759424686, 0.0035819723270833492, 0.0034867129288613796, 0.0032551116310060024, 0.00317207258194685, 0.0031158323399722576, 0.0030144734773784876, 0.0030009266920387745, 0.002910148585215211, 0.0028156295884400606, 0.002764178439974785, 0.0027256938628852367, 0.0027415743097662926, 0.002675666706636548, 0.0025267167948186398, 0.002461985219269991, 0.002400388475507498, 0.002345104468986392, 0.0023096809163689613, 0.0022728461772203445, 0.00223312946036458, 0.0021551295649260283, 0.0021713939495384693, 0.0020987915340811014, 0.002128997351974249, 0.0020151559729129076, 0.0019963905215263367, 0.0019931700080633163, 0.0019323836313560605, 0.001881945412606001, 0.0019206480355933309, 0.0018454546807333827, 0.001811451860703528, 0.0017868990544229746, 0.0017540283733978868, 0.0017271933611482382, 0.001704722293652594, 0.0017671654932200909, 0.0016403592890128493, 0.001601058174856007, 0.001590845873579383, 0.0015634947922080755, 0.001497637596912682, 0.0015156376175582409, 0.0015090531669557095, 0.0014648705255240202, 0.001422025728970766, 0.001418461324647069, 0.0014301515184342861, 0.0014091795310378075, 0.0013855592114850879, 0.0013090120628476143, 0.0013017267920076847, 0.001292107393965125, 0.001313821179792285, 0.0012724800035357475, 0.0012334276689216495, 0.0012476134579628706, 0.0012133764103055, 0.0011976431123912334, 0.0011928440071642399, 0.0011367897968739271, 0.0011386475525796413, 0.0011391425505280495, 0.0012357373489066958, 0.0011751757701858878, 0.0011119927512481809, 0.0010630313772708178, 0.0010508025297895074, 0.0010570724261924624, 0.001033357810229063, 0.0010308921337127686, 0.0010225874138996005, 0.000993062392808497, 0.0010066299000754952, 0.0009564455249346793, 0.0009346370934508741, 0.0008972204523161054, 0.0009216127800755203, 0.0009430305799469352, 0.0009246042463928461, 0.0009058728464879096, 0.0008567026816308498], "accs": [54.04999923706055, 64.13999938964844, 61.88999938964844, 65.83999633789062, 70.00999450683594, 71.58999633789062, 72.88999938964844, 74.25, 76.8699951171875, 76.62999725341797, 78.75999450683594, 79.2699966430664, 79.47999572753906, 79.68000030517578, 80.72999572753906, 79.81999969482422, 81.43000030517578, 81.77999877929688, 81.43999481201172, 82.19999694824219, 82.19999694824219, 81.54000091552734, 82.54999542236328, 82.13999938964844, 83.15999603271484, 82.82999420166016, 83.48999786376953, 83.56999969482422, 82.86000061035156, 82.19999694824219, 84.25, 83.52999877929688, 84.11000061035156, 83.29999542236328, 83.50999450683594, 83.37999725341797, 83.44999694824219, 84.31999969482422, 84.12999725341797, 83.54000091552734, 84.3699951171875, 83.68999481201172, 82.79999542236328, 84.00999450683594, 83.6500015258789, 84.29000091552734, 83.93999481201172, 84.25999450683594, 84.13999938964844, 85.0199966430664, 83.95999908447266, 84.31999969482422, 84.02999877929688, 84.31999969482422, 84.16999816894531, 84.37999725341797, 84.58999633789062, 84.7699966430664, 84.29000091552734, 84.91999816894531, 84.77999877929688, 84.63999938964844, 84.45999908447266, 84.79000091552734, 84.38999938964844, 83.91999816894531, 84.86000061035156, 85.07999420166016, 85.1199951171875, 84.81999969482422, 84.8699951171875, 84.19999694824219, 84.16999816894531, 84.0999984741211, 84.69999694824219, 84.97000122070312, 84.61000061035156, 84.55999755859375, 84.77999877929688, 84.62999725341797, 85.0, 84.45999908447266, 84.47999572753906, 84.97000122070312, 84.23999786376953, 84.3699951171875, 84.56999969482422, 85.22000122070312, 84.81999969482422, 84.77999877929688, 84.98999786376953, 84.31999969482422, 85.32999420166016, 84.82999420166016, 84.54999542236328, 84.88999938964844, 84.2699966430664, 84.15999603271484, 84.61000061035156, 84.8499984741211], "epochs": [0, 1, 2, 3, 4, 5, 6, 7, 8, 9, 10, 11, 12, 13, 14, 15, 16, 17, 18, 19, 20, 21, 22, 23, 24, 25, 26, 27, 28, 29, 30, 31, 32, 33, 34, 35, 36, 37, 38, 39, 40, 41, 42, 43, 44, 45, 46, 47, 48, 49, 50, 51, 52, 53, 54, 55, 56, 57, 58, 59, 60, 61, 62, 63, 64, 65, 66, 67, 68, 69, 70, 71, 72, 73, 74, 75, 76, 77, 78, 79, 80, 81, 82, 83, 84, 85, 86, 87, 88, 89, 90, 91, 92, 93, 94, 95, 96, 97, 98, 99]}