{"train_losses": [0.019328540191054344, 0.018752414733171463, 0.017732951790094376, 0.016610126942396164, 0.0156995989382267, 0.015006514266133308, 0.014409405179321766, 0.01397120300680399, 0.01349294651299715, 0.013125148601830006, 0.012776531279087067, 0.012462887912988663, 0.012195964343845844, 0.01193927600979805, 0.01174495741724968, 0.011526994407176971, 0.011333934031426907, 0.011157656088471413, 0.011000130325555801, 0.010868053883314133, 0.010713168419897556, 0.010597167536616325, 0.010434532538056374, 0.010338527150452137, 0.010194994509220123, 0.010100064799189568, 0.009966605342924595, 0.009851922281086445, 0.009762739762663841, 0.009658319875597954, 0.009529647417366505, 0.009423095732927322, 0.009362182579934597, 0.009258846752345562, 0.009178079664707184, 0.009146091528236866, 0.009025870822370052, 0.008952567353844643, 0.008893625810742378, 0.008835562504827976, 0.008790114894509315, 0.008731558918952942, 0.008669847622513771, 0.008551503531634808, 0.008564841002225876, 0.008496786467730999, 0.008433397859334946, 0.008377550169825554, 0.008336802944540977, 0.008298374712467194, 0.008284871466457844, 0.008178352378308773, 0.008172876201570034, 0.008096075616776943, 0.008034845814108849, 0.007997952401638031, 0.007939968258142471, 0.007914974354207516, 0.007900738157331944, 0.00784267857670784, 0.007793555036187172, 0.007739667780697346, 0.007717391010373831, 0.007723426911979914, 0.007614638656377792, 0.007602362893521786, 0.007603457663208246, 0.0075494940392673016, 0.007521425373852253, 0.007461509667336941, 0.007458715699613094, 0.007419184315949678, 0.00733777042478323, 0.007342086639255285, 0.00734778493642807, 0.00729072792455554, 0.007262879982590675, 0.007195730227977037, 0.007148322649300098, 0.007200748659670353, 0.007102385628968477, 0.007106293924152851, 0.007098424714058638, 0.007058394607156515, 0.0070128594525158405, 0.006987692788243294, 0.0069946530275046825, 0.006946968846023083, 0.0068970718421041965, 0.006939125247299671, 0.006882337387651205, 0.006856386549770832, 0.006868917029350996, 0.006812660489231348, 0.0067831724882125854, 0.00672760047018528, 0.006726189516484737, 0.00667964480817318, 0.0066504268907010555, 0.006659018807113171], "accs": [10.309999465942383, 12.829999923706055, 19.3799991607666, 24.809999465942383, 28.92999839782715, 32.279998779296875, 35.7599983215332, 38.90999984741211, 40.91999816894531, 42.32999801635742, 43.89999771118164, 45.06999969482422, 46.22999954223633, 47.36000061035156, 48.32999801635742, 48.98999786376953, 49.369998931884766, 50.19999694824219, 51.48999786376953, 51.53999710083008, 52.25, 52.73999786376953, 53.439998626708984, 54.029998779296875, 54.55999755859375, 54.849998474121094, 55.3599967956543, 56.09000015258789, 56.099998474121094, 56.689998626708984, 57.459999084472656, 57.68000030517578, 57.98999786376953, 58.279998779296875, 58.5, 59.1099967956543, 59.099998474121094, 59.39999771118164, 59.8599967956543, 59.88999938964844, 60.269996643066406, 60.5, 61.0099983215332, 61.13999938964844, 61.189998626708984, 61.31999969482422, 61.62999725341797, 61.62999725341797, 61.94999694824219, 62.09000015258789, 62.30999755859375, 62.16999816894531, 62.689998626708984, 62.56999969482422, 63.22999954223633, 63.46999740600586, 63.429996490478516, 63.44999694824219, 63.599998474121094, 63.47999954223633, 64.01000213623047, 63.81999969482422, 64.04999542236328, 64.2699966430664, 64.43000030517578, 64.66999816894531, 64.98999786376953, 64.93999481201172, 65.2699966430664, 65.08000183105469, 65.1500015258789, 65.45999908447266, 65.41999816894531, 65.65999603271484, 65.6500015258789, 66.12999725341797, 66.13999938964844, 66.20999908447266, 66.27999877929688, 66.41999816894531, 66.45999908447266, 66.72000122070312, 66.65999603271484, 66.68000030517578, 66.58999633789062, 67.04999542236328, 67.00999450683594, 67.25999450683594, 67.62999725341797, 67.50999450683594, 67.47999572753906, 67.50999450683594, 67.79999542236328, 67.75999450683594, 67.9000015258789, 67.83000183105469, 68.0999984741211, 68.22000122070312, 68.48999786376953, 68.54999542236328], "epochs": [0, 1, 2, 3, 4, 5, 6, 7, 8, 9, 10, 11, 12, 13, 14, 15, 16, 17, 18, 19, 20, 21, 22, 23, 24, 25, 26, 27, 28, 29, 30, 31, 32, 33, 34, 35, 36, 37, 38, 39, 40, 41, 42, 43, 44, 45, 46, 47, 48, 49, 50, 51, 52, 53, 54, 55, 56, 57, 58, 59, 60, 61, 62, 63, 64, 65, 66, 67, 68, 69, 70, 71, 72, 73, 74, 75, 76, 77, 78, 79, 80, 81, 82, 83, 84, 85, 86, 87, 88, 89, 90, 91, 92, 93, 94, 95, 96, 97, 98, 99]}