{"train_losses": [0.018705258145928383, 0.016534358263015747, 0.014827881939709187, 0.013537664897739887, 0.012570447288453579, 0.011801633983850479, 0.011255711317062378, 0.010690875351428986, 0.010221613571047783, 0.00972984079271555, 0.009272842667996883, 0.008867810480296612, 0.008508238941431046, 0.008193551562726498, 0.007879998534917831, 0.00761707266792655, 0.007332524284720421, 0.00711914524435997, 0.006926995702087879, 0.006748962681740522, 0.006600853521376848, 0.006388995796442032, 0.006321161985397339, 0.006123997736722231, 0.0059419432654976845, 0.0058584557846188545, 0.005739439744502306, 0.0056046354584395885, 0.005482620093971491, 0.005425507668405771, 0.0052870335057377815, 0.0052488259971141815, 0.00511515187099576, 0.004967897664755583, 0.004938824102282524, 0.004829405806958675, 0.004770142491906881, 0.004645624663680792, 0.004600927699357271, 0.0045352233573794365, 0.004450538661330938, 0.004372349940240383, 0.004330212716013193, 0.004269872326403856, 0.004167011007666588, 0.004098440054804087, 0.003984771203249693, 0.003969046752899885, 0.003915509674698114, 0.003794246120378375, 0.0038183806464076042, 0.0037788907065987587, 0.003672447521239519, 0.003591559361666441, 0.003566250903531909, 0.0034892165567725897, 0.00345652480609715, 0.0033903412986546755, 0.003327439073473215, 0.0032864168751984835, 0.0032155534718185663, 0.0031863765325397253, 0.0031361915171146393, 0.00305142137221992, 0.0030333802569657564, 0.0029713520780205727, 0.002947537461295724, 0.0029127560555934906, 0.0028349319472908974, 0.0028226906433701515, 0.0027463557198643684, 0.002705787541344762, 0.0027135098353028297, 0.0026209037750959396, 0.0026128904428333044, 0.002548023359850049, 0.0025150764267891645, 0.0024845500010997057, 0.002449261024594307, 0.0024252498988062143, 0.0023967644665390253, 0.002389108994975686, 0.002272873418405652, 0.002226022072136402, 0.0022086775861680508, 0.002225995296612382, 0.0021667296532541513, 0.0021629082038998604, 0.00211753835901618, 0.0020957966335117817, 0.0020515252836048603, 0.002032454824075103, 0.0019982762169092894, 0.0019805082120001316, 0.0019747200421988964, 0.0018962514586746693, 0.0018677284242585301, 0.0018640583148226142, 0.0018271474400535226, 0.0018042154842987657], "accs": [18.779998779296875, 27.6299991607666, 36.06999969482422, 41.709999084472656, 45.21999740600586, 48.98999786376953, 51.15999984741211, 53.8599967956543, 56.189998626708984, 57.66999816894531, 59.79999923706055, 61.869998931884766, 62.54999923706055, 64.19999694824219, 65.45999908447266, 66.61000061035156, 67.23999786376953, 66.9000015258789, 68.88999938964844, 69.81999969482422, 70.30999755859375, 70.13999938964844, 71.20999908447266, 71.54999542236328, 71.72000122070312, 71.83000183105469, 72.18999481201172, 72.8499984741211, 73.06999969482422, 73.11000061035156, 73.29000091552734, 73.52999877929688, 73.56999969482422, 73.73999786376953, 73.95999908447266, 74.47999572753906, 74.0999984741211, 74.06999969482422, 74.7699966430664, 74.11000061035156, 75.27999877929688, 74.88999938964844, 74.97000122070312, 75.04000091552734, 75.05999755859375, 75.23999786376953, 75.4000015258789, 75.16999816894531, 75.3499984741211, 75.3499984741211, 75.27999877929688, 75.13999938964844, 75.93999481201172, 75.70999908447266, 76.0, 75.66999816894531, 75.73999786376953, 75.25, 75.83999633789062, 76.36000061035156, 76.08999633789062, 76.1199951171875, 75.87999725341797, 75.94999694824219, 76.18999481201172, 75.79999542236328, 75.47999572753906, 75.83000183105469, 76.18000030517578, 75.56999969482422, 75.8499984741211, 75.27999877929688, 75.69999694824219, 75.80999755859375, 75.87999725341797, 75.52999877929688, 75.08999633789062, 75.79000091552734, 75.45999908447266, 75.8699951171875, 75.79000091552734, 76.00999450683594, 76.1500015258789, 76.4000015258789, 76.22999572753906, 76.23999786376953, 76.05999755859375, 75.87999725341797, 76.1199951171875, 75.75, 75.97000122070312, 75.70999908447266, 75.63999938964844, 76.54999542236328, 76.56999969482422, 76.08000183105469, 76.08000183105469, 75.5199966430664, 76.02999877929688, 76.06999969482422], "epochs": [0, 1, 2, 3, 4, 5, 6, 7, 8, 9, 10, 11, 12, 13, 14, 15, 16, 17, 18, 19, 20, 21, 22, 23, 24, 25, 26, 27, 28, 29, 30, 31, 32, 33, 34, 35, 36, 37, 38, 39, 40, 41, 42, 43, 44, 45, 46, 47, 48, 49, 50, 51, 52, 53, 54, 55, 56, 57, 58, 59, 60, 61, 62, 63, 64, 65, 66, 67, 68, 69, 70, 71, 72, 73, 74, 75, 76, 77, 78, 79, 80, 81, 82, 83, 84, 85, 86, 87, 88, 89, 90, 91, 92, 93, 94, 95, 96, 97, 98, 99]}