{"train_losses": [0.014575675129890442, 0.011210763826966286, 0.010020820423960686, 0.009072057902812958, 0.008245834149420261, 0.00751451076939702, 0.006953909061849117, 0.006549804005771875, 0.00617443211376667, 0.006025454495102167, 0.006021714303642511, 0.005398231092840433, 0.005201338324695826, 0.004990448243916035, 0.004833541344851255, 0.004695819690823555, 0.007484366185963154, 0.005227964371442795, 0.004699898883700371, 0.004523025825619698, 0.004324411973357201, 0.00423883181065321, 0.004113608039915562, 0.004008916672319174, 0.003906986676156521, 0.003777508158236742, 0.003657372435554862, 0.0036122919991612434, 0.003498939098790288, 0.003816258395090699, 0.0034224027767777443, 0.0033238132018595934, 0.003275125054642558, 0.0032005745451897383, 0.003130055498331785, 0.003101036185398698, 0.003014917019754648, 0.0030232546851038933, 0.00287205190397799, 0.0028989955317229033, 0.0028246550355106592, 0.0028217185754328966, 0.002722800010815263, 0.002650731708854437, 0.002720429329201579, 0.0026247561909258366, 0.0025729427579790354, 0.0065331836231052876, 0.006739651784300804, 0.004422672092914581, 0.0034388441126793623, 0.0030338482465595007, 0.002979317447170615, 0.0029654798563569784, 0.0026376373134553432, 0.0025510983541607857, 0.0025779162533581257, 0.002511682454496622, 0.0024520724546164274, 0.0023998874239623547, 0.0023414897732436657, 0.0028956939931958914, 0.0024164931382983923, 0.002293192781507969, 0.002278858097270131, 0.002292284509167075, 0.002173140412196517, 0.0021528047509491444, 0.002146268729120493, 0.002126703504472971, 0.002087580505758524, 0.0020611637737601995, 0.0020405447576195, 0.0020023752003908157, 0.0020503525156527758, 0.0022397604770958424, 0.0019141596276313066, 0.0019463939825072885, 0.001896020257845521, 0.0018868045881390572, 0.0018605312798172235, 0.0018652377184480429, 0.0017858934588730335, 0.0017563375877216458, 0.001756560057401657, 0.0017394700553268194, 0.0017544671427458525, 0.0017171805957332253, 0.001748179434798658, 0.001667313976213336, 0.0016729526687413454, 0.001659643487073481, 0.001630402053706348, 0.0017126844031736255, 0.0017561382846906781, 0.0016502432990819216, 0.0015743273543193936, 0.0016019608592614532, 0.0015673106536269188, 0.0015965873608365655], "accs": [44.34000015258789, 54.68000030517578, 58.599998474121094, 62.57999801635742, 64.65999603271484, 67.75, 72.0, 71.47000122070312, 73.81999969482422, 72.73999786376953, 74.11000061035156, 75.93000030517578, 76.43000030517578, 76.08999633789062, 78.4000015258789, 77.61000061035156, 74.2699966430664, 76.62999725341797, 79.40999603271484, 76.93000030517578, 80.97000122070312, 80.77999877929688, 80.43999481201172, 80.25999450683594, 81.62999725341797, 81.5, 79.87999725341797, 81.22000122070312, 81.86000061035156, 82.54999542236328, 82.50999450683594, 82.4000015258789, 82.47999572753906, 82.04000091552734, 82.6199951171875, 82.54000091552734, 82.94999694824219, 83.04000091552734, 83.52999877929688, 81.87999725341797, 83.41999816894531, 83.04999542236328, 83.3499984741211, 84.29000091552734, 83.87999725341797, 84.16999816894531, 83.23999786376953, 53.06999969482422, 76.31999969482422, 80.66999816894531, 82.62999725341797, 82.33999633789062, 76.25, 83.16999816894531, 83.72999572753906, 84.00999450683594, 83.98999786376953, 83.7699966430664, 82.1199951171875, 84.41999816894531, 84.13999938964844, 84.0, 84.12999725341797, 84.29000091552734, 84.38999938964844, 84.05999755859375, 83.62999725341797, 84.40999603271484, 84.04999542236328, 83.48999786376953, 83.29000091552734, 84.27999877929688, 83.3499984741211, 84.6500015258789, 80.54999542236328, 84.79999542236328, 84.54999542236328, 84.31999969482422, 84.75, 83.79000091552734, 84.94999694824219, 84.98999786376953, 83.86000061035156, 84.23999786376953, 84.33999633789062, 84.22999572753906, 83.62999725341797, 83.7699966430664, 84.93999481201172, 84.5, 84.00999450683594, 84.22000122070312, 84.30999755859375, 84.38999938964844, 84.0199966430664, 84.18000030517578, 84.6500015258789, 84.32999420166016, 84.22000122070312, 84.56999969482422], "epochs": [0, 1, 2, 3, 4, 5, 6, 7, 8, 9, 10, 11, 12, 13, 14, 15, 16, 17, 18, 19, 20, 21, 22, 23, 24, 25, 26, 27, 28, 29, 30, 31, 32, 33, 34, 35, 36, 37, 38, 39, 40, 41, 42, 43, 44, 45, 46, 47, 48, 49, 50, 51, 52, 53, 54, 55, 56, 57, 58, 59, 60, 61, 62, 63, 64, 65, 66, 67, 68, 69, 70, 71, 72, 73, 74, 75, 76, 77, 78, 79, 80, 81, 82, 83, 84, 85, 86, 87, 88, 89, 90, 91, 92, 93, 94, 95, 96, 97, 98, 99]}