{"train_losses": [0.018815655261278152, 0.017901774495840073, 0.016977619379758835, 0.016055375337600708, 0.015295236371457577, 0.014687824063003063, 0.014158087782561779, 0.013765271753072739, 0.01333570759743452, 0.012998462654650211, 0.012679999694228172, 0.012366310693323612, 0.012145034968852997, 0.011913278140127659, 0.011738724075257778, 0.011533570475876331, 0.011352362111210823, 0.0111801503226161, 0.011040265671908855, 0.010914353653788567, 0.010786749422550201, 0.010662342421710491, 0.010507224127650261, 0.010418814606964588, 0.010281641967594624, 0.010192937217652798, 0.010089571587741375, 0.00995221920311451, 0.009868495166301727, 0.009769625961780548, 0.009651175700128078, 0.009550432674586773, 0.009475413709878922, 0.009392489679157734, 0.009301496669650078, 0.009273271076381207, 0.00916315522044897, 0.009083704091608524, 0.009045564569532871, 0.008987809531390667, 0.008933987468481064, 0.008873053826391697, 0.008816279470920563, 0.008713235147297382, 0.008698633871972561, 0.008644037880003452, 0.0085685346275568, 0.008542977273464203, 0.008502241224050522, 0.008454302325844765, 0.008448201231658459, 0.00834928173571825, 0.008346173912286758, 0.008268493227660656, 0.008209336549043655, 0.008168711327016354, 0.008120219223201275, 0.008094649761915207, 0.008097384124994278, 0.008037744089961052, 0.007984955795109272, 0.007949217222630978, 0.007909591309726238, 0.007903141900897026, 0.007814232259988785, 0.0077988505363464355, 0.007816297002136707, 0.0077449120581150055, 0.007740417495369911, 0.007663214113563299, 0.007658051792532206, 0.0076249768026173115, 0.00754139618948102, 0.007562105543911457, 0.007539019454270601, 0.007509252056479454, 0.007469097152352333, 0.007410261780023575, 0.007375902961939573, 0.007387746591120958, 0.007311811204999685, 0.0073350961320102215, 0.0073036071844398975, 0.007279101759195328, 0.00725893210619688, 0.0072138020768761635, 0.007245602086186409, 0.0071734231896698475, 0.007130319718271494, 0.0071618822403252125, 0.007134437561035156, 0.0070978933945298195, 0.007113881874829531, 0.0070447479374706745, 0.007008746732026339, 0.006982921157032251, 0.006980953738093376, 0.006904375273734331, 0.006893879268318415, 0.006915251724421978], "accs": [13.5, 17.40999984741211, 23.079999923706055, 27.549999237060547, 31.26999855041504, 34.0, 36.73999786376953, 39.39999771118164, 41.029998779296875, 42.5099983215332, 43.849998474121094, 45.07999801635742, 46.39999771118164, 47.61000061035156, 48.48999786376953, 49.12999725341797, 49.62999725341797, 50.55999755859375, 51.2599983215332, 51.84000015258789, 52.189998626708984, 52.73999786376953, 53.459999084472656, 53.87999725341797, 54.23999786376953, 54.90999984741211, 55.119998931884766, 55.82999801635742, 56.029998779296875, 56.3599967956543, 56.94999694824219, 57.21999740600586, 57.38999938964844, 57.66999816894531, 57.79999923706055, 58.44999694824219, 58.54999923706055, 58.8599967956543, 59.43000030517578, 59.3599967956543, 59.72999954223633, 60.0, 60.0, 60.44999694824219, 60.709999084472656, 60.939998626708984, 60.81999969482422, 60.89999771118164, 61.38999938964844, 61.29999923706055, 61.59000015258789, 61.73999786376953, 61.78999710083008, 62.04999923706055, 62.21999740600586, 62.64999771118164, 62.68000030517578, 62.93000030517578, 62.55999755859375, 63.14999771118164, 63.3599967956543, 63.3599967956543, 63.5, 63.84000015258789, 63.88999938964844, 64.02999877929688, 64.29000091552734, 64.27999877929688, 64.62999725341797, 64.58000183105469, 64.90999603271484, 64.87999725341797, 64.8499984741211, 65.06999969482422, 64.97999572753906, 65.43999481201172, 65.3499984741211, 65.72000122070312, 65.66999816894531, 65.87999725341797, 65.8499984741211, 65.93000030517578, 65.9000015258789, 66.23999786376953, 66.26000213623047, 66.43000030517578, 66.52999877929688, 66.83000183105469, 66.93000030517578, 66.90999603271484, 66.97000122070312, 67.0999984741211, 66.93000030517578, 67.33000183105469, 67.3499984741211, 67.1199951171875, 67.44999694824219, 67.68999481201172, 67.63999938964844, 67.54000091552734], "epochs": [0, 1, 2, 3, 4, 5, 6, 7, 8, 9, 10, 11, 12, 13, 14, 15, 16, 17, 18, 19, 20, 21, 22, 23, 24, 25, 26, 27, 28, 29, 30, 31, 32, 33, 34, 35, 36, 37, 38, 39, 40, 41, 42, 43, 44, 45, 46, 47, 48, 49, 50, 51, 52, 53, 54, 55, 56, 57, 58, 59, 60, 61, 62, 63, 64, 65, 66, 67, 68, 69, 70, 71, 72, 73, 74, 75, 76, 77, 78, 79, 80, 81, 82, 83, 84, 85, 86, 87, 88, 89, 90, 91, 92, 93, 94, 95, 96, 97, 98, 99]}