{"train_losses": [0.01359397079795599, 0.01132100448012352, 0.01043243519961834, 0.009529807604849339, 0.008667204529047012, 0.008013814687728882, 0.007408056873828173, 0.00696000549942255, 0.006520399823784828, 0.006213421933352947, 0.005923549644649029, 0.005624211393296719, 0.0053931730799376965, 0.0051851896569132805, 0.004941533785313368, 0.00479570496827364, 0.004603477194905281, 0.004465912468731403, 0.0043178219348192215, 0.004214085638523102, 0.004077639896422625, 0.0039021142292767763, 0.003826612140983343, 0.0037023990880697966, 0.0036506098695099354, 0.0035489723086357117, 0.0033953352831304073, 0.0033542693126946688, 0.003246462671086192, 0.0031984199304133654, 0.0031062737107276917, 0.002995689632371068, 0.0029580288100987673, 0.002935322467237711, 0.0027911493089050055, 0.0027635216247290373, 0.0026815724559128284, 0.0026262858882546425, 0.0025871391408145428, 0.002510316902771592, 0.0024535751435905695, 0.0024205928202718496, 0.0023708015214651823, 0.002337386831641197, 0.00226508523337543, 0.0022067746613174677, 0.0021835253573954105, 0.0021187164820730686, 0.0020757601596415043, 0.002005680464208126, 0.001982789020985365, 0.0019511283608153462, 0.0019108254928141832, 0.0018714729230850935, 0.0018573652487248182, 0.0017646410269662738, 0.0017337171593680978, 0.0017068283632397652, 0.001660238136537373, 0.0016870044637471437, 0.0016025090590119362, 0.0015934417024254799, 0.0015666105318814516, 0.0015548164956271648, 0.0014997645048424602, 0.001469947281293571, 0.0014363698428496718, 0.001391050056554377, 0.0013921336503699422, 0.0013569785514846444, 0.0013716043904423714, 0.0012954208068549633, 0.0012503393227234483, 0.0012909225188195705, 0.0012568417005240917, 0.0011722035706043243, 0.0011921668192371726, 0.001184668974019587, 0.0011462762486189604, 0.001123464317061007, 0.001132505713030696, 0.0010847144294530153, 0.0010926654795184731, 0.0010481943609192967, 0.0010351280216127634, 0.00104311085306108, 0.001007253653369844, 0.0010213770437985659, 0.0009982646442949772, 0.0009750776225700974, 0.0009400597191415727, 0.0009635102469474077, 0.0009028670028783381, 0.000912109506316483, 0.0009212405420839787, 0.0008852140745148063, 0.0008427827851846814, 0.0008391565643250942, 0.0008341719512827694, 0.0008411877206526697], "accs": [46.36000061035156, 52.8599967956543, 57.0, 61.0099983215332, 61.03999710083008, 65.22000122070312, 66.97000122070312, 68.79000091552734, 71.6199951171875, 71.29000091552734, 72.79000091552734, 72.52999877929688, 75.58999633789062, 76.06999969482422, 75.36000061035156, 76.61000061035156, 76.93999481201172, 77.23999786376953, 78.22999572753906, 78.18999481201172, 78.93999481201172, 78.77999877929688, 78.57999420166016, 79.8499984741211, 79.50999450683594, 79.54000091552734, 80.0199966430664, 79.95999908447266, 80.19999694824219, 80.63999938964844, 81.08999633789062, 79.45999908447266, 80.58999633789062, 81.04000091552734, 81.57999420166016, 81.29999542236328, 80.8699951171875, 81.33999633789062, 82.22000122070312, 81.36000061035156, 81.93999481201172, 80.91999816894531, 80.8499984741211, 82.0999984741211, 81.68000030517578, 80.82999420166016, 81.3699951171875, 80.95999908447266, 81.55999755859375, 82.19999694824219, 81.5, 82.41999816894531, 82.16999816894531, 81.41999816894531, 81.8499984741211, 81.02999877929688, 81.7699966430664, 81.95999908447266, 80.81999969482422, 82.68999481201172, 82.22000122070312, 82.22000122070312, 82.5999984741211, 82.15999603271484, 81.8699951171875, 82.30999755859375, 82.47999572753906, 81.62999725341797, 81.19999694824219, 81.43000030517578, 81.97000122070312, 82.68000030517578, 82.43999481201172, 82.04999542236328, 81.70999908447266, 82.72999572753906, 82.04999542236328, 82.83999633789062, 82.02999877929688, 81.95999908447266, 82.20999908447266, 82.3499984741211, 82.33999633789062, 82.44999694824219, 82.44999694824219, 82.30999755859375, 81.93000030517578, 82.1199951171875, 82.5, 82.7699966430664, 81.97999572753906, 82.68999481201172, 82.07999420166016, 82.47000122070312, 82.44999694824219, 82.6500015258789, 82.75, 82.95999908447266, 82.40999603271484, 82.43999481201172], "epochs": [0, 1, 2, 3, 4, 5, 6, 7, 8, 9, 10, 11, 12, 13, 14, 15, 16, 17, 18, 19, 20, 21, 22, 23, 24, 25, 26, 27, 28, 29, 30, 31, 32, 33, 34, 35, 36, 37, 38, 39, 40, 41, 42, 43, 44, 45, 46, 47, 48, 49, 50, 51, 52, 53, 54, 55, 56, 57, 58, 59, 60, 61, 62, 63, 64, 65, 66, 67, 68, 69, 70, 71, 72, 73, 74, 75, 76, 77, 78, 79, 80, 81, 82, 83, 84, 85, 86, 87, 88, 89, 90, 91, 92, 93, 94, 95, 96, 97, 98, 99]}