{"train_losses": [0.01367179211229086, 0.010873045772314072, 0.010597297921776772, 0.00946792121976614, 0.008418070152401924, 0.00777793675661087, 0.007185196503996849, 0.00663980795070529, 0.0060461461544036865, 0.0057928613387048244, 0.005547881126403809, 0.005235668737441301, 0.004941069055348635, 0.0047993785701692104, 0.004590670578181744, 0.0044323476031422615, 0.004258729517459869, 0.004161203280091286, 0.0040008798241615295, 0.003883116878569126, 0.003784470958635211, 0.0036498974077403545, 0.003558494383469224, 0.00340678496286273, 0.003343964461237192, 0.0032297505531460047, 0.0031635910272598267, 0.003093808889389038, 0.0029779167380183935, 0.002983251353725791, 0.0028632553294301033, 0.002773438347503543, 0.003352466970682144, 0.0027768181171268225, 0.002607309492304921, 0.002564536640420556, 0.002521814778447151, 0.002434507943689823, 0.002456208225339651, 0.002567838178947568, 0.0025497302412986755, 0.0022767765913158655, 0.0021937007550150156, 0.0022228751331567764, 0.0021345356944948435, 0.002496408298611641, 0.0021464680321514606, 0.0020316296722739935, 0.0020226386841386557, 0.00198283395729959, 0.0019568488933146, 0.0018963495967909694, 0.0018781796097755432, 0.0018471739022061229, 0.001865697093307972, 0.001784284831956029, 0.0017490285681560636, 0.001742113963700831, 0.0017102764686569571, 0.0017217048443853855, 0.0016463728388771415, 0.0016708715120330453, 0.0016299837734550238, 0.001799444085918367, 0.0033420338295400143, 0.001738106133416295, 0.0015295167686417699, 0.0014816205948591232, 0.0015069817891344428, 0.0014898838708177209, 0.0014958760002627969, 0.0014325990341603756, 0.0014267523074522614, 0.0014509051106870174, 0.0014900690875947475, 0.0016930032288655639, 0.0012918954016640782, 0.0015184571966528893, 0.0012685067486017942, 0.0013009975664317608, 0.0012669037096202374, 0.0012933078687638044, 0.0012429453199729323, 0.0012395309749990702, 0.0012532604159787297, 0.0012384260771796107, 0.001190014067105949, 0.0011425131233409047, 0.0011871695751324296, 0.0011560408165678382, 0.001117285224609077, 0.0015556103317067027, 0.001400110893882811, 0.0011190682416781783, 0.0010675801895558834, 0.001067353063262999, 0.001058513531461358, 0.0010262654395774007, 0.001068063429556787, 0.0010700328275561333], "accs": [46.29999923706055, 57.19999694824219, 55.88999938964844, 60.16999816894531, 63.89999771118164, 64.36000061035156, 63.84000015258789, 72.13999938964844, 71.87999725341797, 74.90999603271484, 74.7699966430664, 75.3699951171875, 77.11000061035156, 78.6199951171875, 75.73999786376953, 77.88999938964844, 79.43999481201172, 80.43000030517578, 80.6500015258789, 80.82999420166016, 81.33999633789062, 81.22000122070312, 81.33999633789062, 83.00999450683594, 81.06999969482422, 81.88999938964844, 83.25999450683594, 82.16999816894531, 83.11000061035156, 82.82999420166016, 82.56999969482422, 81.29000091552734, 82.31999969482422, 83.36000061035156, 84.02999877929688, 83.69999694824219, 83.6500015258789, 83.18000030517578, 83.43999481201172, 76.50999450683594, 83.00999450683594, 84.44999694824219, 84.02999877929688, 84.57999420166016, 84.20999908447266, 83.52999877929688, 84.58999633789062, 84.18000030517578, 84.9000015258789, 84.93999481201172, 84.08999633789062, 84.29000091552734, 84.08999633789062, 83.07999420166016, 84.40999603271484, 84.00999450683594, 84.6199951171875, 84.98999786376953, 84.29999542236328, 84.11000061035156, 84.48999786376953, 84.77999877929688, 85.50999450683594, 81.5999984741211, 84.93000030517578, 85.25, 85.02999877929688, 84.83999633789062, 84.38999938964844, 85.69999694824219, 84.83999633789062, 85.16999816894531, 84.7699966430664, 85.02999877929688, 75.97999572753906, 85.04999542236328, 84.93000030517578, 84.75, 85.1500015258789, 84.81999969482422, 84.54000091552734, 84.55999755859375, 84.6199951171875, 84.50999450683594, 84.8699951171875, 84.88999938964844, 85.18999481201172, 84.87999725341797, 85.38999938964844, 84.93000030517578, 85.36000061035156, 84.0999984741211, 85.41999816894531, 85.72999572753906, 85.32999420166016, 84.94999694824219, 85.30999755859375, 84.75, 85.1199951171875, 84.93000030517578], "epochs": [0, 1, 2, 3, 4, 5, 6, 7, 8, 9, 10, 11, 12, 13, 14, 15, 16, 17, 18, 19, 20, 21, 22, 23, 24, 25, 26, 27, 28, 29, 30, 31, 32, 33, 34, 35, 36, 37, 38, 39, 40, 41, 42, 43, 44, 45, 46, 47, 48, 49, 50, 51, 52, 53, 54, 55, 56, 57, 58, 59, 60, 61, 62, 63, 64, 65, 66, 67, 68, 69, 70, 71, 72, 73, 74, 75, 76, 77, 78, 79, 80, 81, 82, 83, 84, 85, 86, 87, 88, 89, 90, 91, 92, 93, 94, 95, 96, 97, 98, 99]}