{"train_losses": [0.012117613106966019, 0.009190813638269901, 0.008591748774051666, 0.0077674719505012035, 0.007089375983923674, 0.006504590157419443, 0.006043995264917612, 0.005612983833998442, 0.0052268607541918755, 0.004981405101716518, 0.00475355377420783, 0.00453556515276432, 0.0042894319631159306, 0.004117170814424753, 0.003977519925683737, 0.003832286922261119, 0.003723266301676631, 0.0035884403623640537, 0.0034759200643748045, 0.0033646784722805023, 0.0032573454082012177, 0.0031797094270586967, 0.0031074087601155043, 0.0029869521968066692, 0.0029163365252316, 0.0028442174661904573, 0.002753271022811532, 0.002710106549784541, 0.0026184997987002134, 0.0025799034629017115, 0.002538385335355997, 0.002479125512763858, 0.002425987273454666, 0.0023601017892360687, 0.0023164846934378147, 0.0022841354366391897, 0.002219654154032469, 0.002192550804466009, 0.0021150701213628054, 0.0021362483967095613, 0.002074207179248333, 0.0020317514427006245, 0.001955860760062933, 0.0019391056848689914, 0.0019319194834679365, 0.0019050156697630882, 0.001852582674473524, 0.0018113210098817945, 0.0017727497033774853, 0.0017420188523828983, 0.001720751402899623, 0.0017168798949569464, 0.0016631819307804108, 0.0016533142188563943, 0.0016447337111458182, 0.0015751478495076299, 0.0015760082751512527, 0.0016066207317635417, 0.0015294119948521256, 0.001473655691370368, 0.0014804793754592538, 0.0013956698821857572, 0.001418628846295178, 0.0014161259168758988, 0.0013537079794332385, 0.0013483775546774268, 0.0013388096122071147, 0.0013096686452627182, 0.0013108218554407358, 0.0013017532182857394, 0.001277269679121673, 0.0011942043201997876, 0.001221601851284504, 0.0011985538294538856, 0.0011617295676842332, 0.0011238735169172287, 0.0011533944634720683, 0.0011492359917610884, 0.0011128823971375823, 0.0010907015530392528, 0.001126025919802487, 0.0010890483390539885, 0.0010283817537128925, 0.0010585315758362412, 0.0010554934851825237, 0.0009828811744228005, 0.0009962357580661774, 0.0009943078039214015, 0.0010470201959833503, 0.0009330543107353151, 0.0009511847165413201, 0.0009094314882531762, 0.0009347113082185388, 0.0009294530027545989, 0.000893673044629395, 0.0008679471211507916, 0.0008769880514591932, 0.0008948588510975242, 0.0008588616037741303, 0.000803489878308028], "accs": [53.5, 63.29999923706055, 63.029998779296875, 68.08999633789062, 70.11000061035156, 72.5, 75.72999572753906, 74.33000183105469, 77.58999633789062, 77.1199951171875, 78.04999542236328, 78.30999755859375, 78.5999984741211, 79.97000122070312, 79.8499984741211, 81.1500015258789, 81.29999542236328, 81.79000091552734, 81.86000061035156, 81.95999908447266, 82.52999877929688, 82.4000015258789, 83.29000091552734, 82.88999938964844, 83.50999450683594, 82.97999572753906, 82.52999877929688, 83.7699966430664, 83.19999694824219, 82.90999603271484, 83.97000122070312, 83.62999725341797, 84.22999572753906, 83.52999877929688, 84.19999694824219, 83.47000122070312, 83.77999877929688, 84.61000061035156, 83.70999908447266, 83.8699951171875, 83.6199951171875, 84.27999877929688, 84.72000122070312, 84.47999572753906, 84.68000030517578, 84.54000091552734, 84.47000122070312, 84.54999542236328, 84.3499984741211, 84.63999938964844, 85.22999572753906, 84.65999603271484, 84.32999420166016, 84.57999420166016, 84.68999481201172, 84.23999786376953, 84.4000015258789, 84.43000030517578, 84.62999725341797, 84.69999694824219, 84.20999908447266, 84.68000030517578, 84.57999420166016, 84.93999481201172, 84.43999481201172, 85.3699951171875, 83.88999938964844, 84.97999572753906, 85.1500015258789, 84.61000061035156, 84.90999603271484, 85.20999908447266, 84.33999633789062, 84.33999633789062, 85.32999420166016, 84.79999542236328, 84.90999603271484, 84.75999450683594, 85.11000061035156, 84.72000122070312, 84.79000091552734, 85.18000030517578, 84.63999938964844, 85.04000091552734, 84.97000122070312, 85.0, 85.1500015258789, 84.3699951171875, 85.15999603271484, 85.27999877929688, 84.94999694824219, 84.63999938964844, 85.06999969482422, 84.79000091552734, 84.97999572753906, 85.02999877929688, 84.69999694824219, 84.97999572753906, 85.1500015258789, 85.30999755859375], "epochs": [0, 1, 2, 3, 4, 5, 6, 7, 8, 9, 10, 11, 12, 13, 14, 15, 16, 17, 18, 19, 20, 21, 22, 23, 24, 25, 26, 27, 28, 29, 30, 31, 32, 33, 34, 35, 36, 37, 38, 39, 40, 41, 42, 43, 44, 45, 46, 47, 48, 49, 50, 51, 52, 53, 54, 55, 56, 57, 58, 59, 60, 61, 62, 63, 64, 65, 66, 67, 68, 69, 70, 71, 72, 73, 74, 75, 76, 77, 78, 79, 80, 81, 82, 83, 84, 85, 86, 87, 88, 89, 90, 91, 92, 93, 94, 95, 96, 97, 98, 99]}