{"train_losses": [0.013670649379491806, 0.011488247662782669, 0.010504004545509815, 0.009536905214190483, 0.008673045784235, 0.007962964475154877, 0.007428785320371389, 0.006972985807806253, 0.006584415212273598, 0.006243540905416012, 0.005930278915911913, 0.005647256970405579, 0.005390533246099949, 0.005153285805135965, 0.004997286479920149, 0.004770259372889996, 0.004593639634549618, 0.004424144048243761, 0.004296085797250271, 0.0041747852228581905, 0.004023730289191008, 0.003921973519027233, 0.0038170265033841133, 0.0037076061125844717, 0.0036202375777065754, 0.003517856588587165, 0.003424716414883733, 0.0033125337213277817, 0.003186577931046486, 0.0031417226418852806, 0.0031019430607557297, 0.002965533407405019, 0.0028994169551879168, 0.002847407478839159, 0.0028066271916031837, 0.002712177112698555, 0.0026785784866660833, 0.002590065822005272, 0.0025664132554084063, 0.002496577799320221, 0.002453077584505081, 0.0024058043491095304, 0.0023209527134895325, 0.002292776480317116, 0.0022668142337352037, 0.0021987713407725096, 0.002120197517797351, 0.0021167893428355455, 0.002045268192887306, 0.0019971162546426058, 0.0019557508639991283, 0.0019187269499525428, 0.0018829155014827847, 0.001857834286056459, 0.001797625096514821, 0.0017665319610387087, 0.0016913488507270813, 0.001699297921732068, 0.0017025554552674294, 0.0016662091948091984, 0.0015905910404399037, 0.0016134019242599607, 0.0015621038619428873, 0.0015162854688242078, 0.0014869512524455786, 0.0014060520334169269, 0.0014210366643965244, 0.0014067287556827068, 0.001377362059429288, 0.0013555001933127642, 0.0013258809922263026, 0.0013180571841076016, 0.0012401731219142675, 0.0012678446946665645, 0.0012244078097864985, 0.0012133227428421378, 0.0011846614070236683, 0.0011521748965606093, 0.001133961253799498, 0.001112587982788682, 0.0011293072020635009, 0.0010975631885230541, 0.0010984520195052028, 0.0010339866857975721, 0.0010244884761050344, 0.0009909899672493339, 0.0010430127149447799, 0.0010054383892565966, 0.0009803766151890159, 0.0009517474099993706, 0.000919620506465435, 0.000922590319532901, 0.0009163701324723661, 0.0009357974049635231, 0.000884210632648319, 0.0008522708667442203, 0.0008717931341379881, 0.0008445987477898598, 0.0008349634590558708, 0.0008571029175072908], "accs": [44.869998931884766, 52.439998626708984, 55.16999816894531, 59.82999801635742, 64.08999633789062, 65.94999694824219, 69.02999877929688, 69.15999603271484, 71.87999725341797, 72.3499984741211, 69.68999481201172, 75.0199966430664, 75.18999481201172, 75.98999786376953, 77.38999938964844, 77.30999755859375, 77.06999969482422, 77.5999984741211, 78.5, 78.72999572753906, 78.36000061035156, 78.5, 79.29999542236328, 80.15999603271484, 79.83999633789062, 79.82999420166016, 79.79999542236328, 79.7699966430664, 80.57999420166016, 80.83999633789062, 80.63999938964844, 80.68999481201172, 81.43000030517578, 80.79999542236328, 80.86000061035156, 81.5, 81.33999633789062, 81.68000030517578, 81.41999816894531, 81.56999969482422, 80.9000015258789, 81.55999755859375, 82.00999450683594, 81.90999603271484, 81.72000122070312, 81.68999481201172, 81.54999542236328, 82.0199966430664, 81.16999816894531, 82.05999755859375, 82.0199966430664, 81.79999542236328, 81.97000122070312, 82.13999938964844, 81.68000030517578, 81.90999603271484, 81.91999816894531, 82.57999420166016, 81.82999420166016, 81.88999938964844, 82.6199951171875, 82.25999450683594, 81.86000061035156, 81.54000091552734, 82.00999450683594, 82.30999755859375, 82.61000061035156, 81.8499984741211, 82.05999755859375, 81.47999572753906, 81.30999755859375, 82.47000122070312, 82.27999877929688, 81.54999542236328, 82.4000015258789, 82.72999572753906, 82.63999938964844, 81.77999877929688, 82.22999572753906, 82.54000091552734, 82.3699951171875, 82.25, 82.08999633789062, 82.29000091552734, 82.91999816894531, 82.00999450683594, 82.66999816894531, 82.30999755859375, 82.83999633789062, 82.22000122070312, 82.72999572753906, 82.02999877929688, 82.48999786376953, 82.7699966430664, 82.70999908447266, 82.72000122070312, 82.18999481201172, 82.68999481201172, 82.47999572753906, 82.97999572753906], "epochs": [0, 1, 2, 3, 4, 5, 6, 7, 8, 9, 10, 11, 12, 13, 14, 15, 16, 17, 18, 19, 20, 21, 22, 23, 24, 25, 26, 27, 28, 29, 30, 31, 32, 33, 34, 35, 36, 37, 38, 39, 40, 41, 42, 43, 44, 45, 46, 47, 48, 49, 50, 51, 52, 53, 54, 55, 56, 57, 58, 59, 60, 61, 62, 63, 64, 65, 66, 67, 68, 69, 70, 71, 72, 73, 74, 75, 76, 77, 78, 79, 80, 81, 82, 83, 84, 85, 86, 87, 88, 89, 90, 91, 92, 93, 94, 95, 96, 97, 98, 99]}