{"train_losses": [0.015054833143949509, 0.011593438684940338, 0.01028158888220787, 0.009169749915599823, 0.00826358050107956, 0.007483450695872307, 0.006909861229360104, 0.006458207033574581, 0.0061215865425765514, 0.005606942810118198, 0.005403344985097647, 0.005150696728378534, 0.004920003470033407, 0.004722157027572393, 0.004566600546240807, 0.004396471660584211, 0.0042800079099833965, 0.004185307305306196, 0.00398671068251133, 0.0039054176304489374, 0.003784958506003022, 0.0037997483741492033, 0.00368913053534925, 0.0035200093407183886, 0.0034503419883549213, 0.003379740286618471, 0.00333417602814734, 0.003264409489929676, 0.0031912419945001602, 0.0032087196595966816, 0.0030741996597498655, 0.0030723309610038996, 0.0030687337275594473, 0.002996093360707164, 0.0028671803884208202, 0.0031544549856334925, 0.0027843669522553682, 0.0028063934296369553, 0.0027383523993194103, 0.0026652563828974962, 0.002661358332261443, 0.002578596118837595, 0.002544236835092306, 0.0024741750676184893, 0.0024658869951963425, 0.002435281639918685, 0.0024204878136515617, 0.0023601134307682514, 0.002385960193350911, 0.0022701236885041, 0.0023627192713320255, 0.0022569119464606047, 0.008740362711250782, 0.013807009905576706, 0.011787832714617252, 0.010690048336982727, 0.009882381185889244, 0.009178499691188335, 0.00863721314817667, 0.008102190680801868, 0.007578790187835693, 0.007241596467792988, 0.00695770001038909, 0.006646379362791777, 0.006450659595429897, 0.006117112934589386, 0.005888533312827349, 0.00574282743036747, 0.005525285378098488, 0.005348672159016132, 0.005270028952509165, 0.005128598306328058, 0.00517314113676548, 0.004936813376843929, 0.004818462301045656, 0.004711253102868795, 0.004625106230378151, 0.004482257645577192, 0.004491659812629223, 0.004407783504575491, 0.004290544893592596, 0.0042809173464775085, 0.004202201962471008, 0.004152250476181507, 0.004038738086819649, 0.004066217690706253, 0.004003729671239853, 0.003918441478163004, 0.003851144341751933, 0.003770353039726615, 0.0037209484726190567, 0.00365071976557374, 0.003650521393865347, 0.0035474132746458054, 0.003489244030788541, 0.0034639956429600716, 0.003365768352523446, 0.0034522456116974354, 0.0033609922975301743, 0.0033259785268455744], "accs": [43.439998626708984, 52.63999938964844, 55.32999801635742, 63.06999969482422, 66.47999572753906, 67.52999877929688, 66.86000061035156, 70.91999816894531, 74.88999938964844, 74.13999938964844, 75.6500015258789, 77.43000030517578, 78.48999786376953, 78.48999786376953, 79.04999542236328, 78.50999450683594, 78.52999877929688, 79.75999450683594, 80.44999694824219, 81.38999938964844, 80.69999694824219, 80.58999633789062, 81.11000061035156, 81.81999969482422, 81.16999816894531, 82.00999450683594, 82.0999984741211, 82.4000015258789, 82.38999938964844, 82.18999481201172, 82.8499984741211, 82.52999877929688, 82.5199966430664, 83.12999725341797, 74.91999816894531, 82.16999816894531, 82.33999633789062, 83.37999725341797, 82.91999816894531, 82.72000122070312, 83.33999633789062, 82.91999816894531, 83.86000061035156, 83.43000030517578, 83.08999633789062, 83.80999755859375, 83.86000061035156, 83.87999725341797, 83.56999969482422, 83.47000122070312, 83.80999755859375, 83.08999633789062, 27.75, 45.599998474121094, 50.37999725341797, 54.93000030517578, 57.48999786376953, 61.94999694824219, 63.54999923706055, 66.56999969482422, 67.4000015258789, 69.91999816894531, 70.86000061035156, 71.75, 72.98999786376953, 72.93999481201172, 73.1199951171875, 74.65999603271484, 74.50999450683594, 75.0199966430664, 75.93999481201172, 76.87999725341797, 76.9000015258789, 76.88999938964844, 77.54000091552734, 77.44999694824219, 78.5199966430664, 78.1500015258789, 78.5, 78.40999603271484, 78.70999908447266, 78.65999603271484, 78.73999786376953, 79.52999877929688, 79.8699951171875, 79.80999755859375, 79.32999420166016, 79.6199951171875, 79.13999938964844, 79.97000122070312, 79.44999694824219, 80.33999633789062, 80.23999786376953, 80.58999633789062, 80.79999542236328, 80.19999694824219, 80.07999420166016, 80.87999725341797, 80.68000030517578, 80.4000015258789], "epochs": [0, 1, 2, 3, 4, 5, 6, 7, 8, 9, 10, 11, 12, 13, 14, 15, 16, 17, 18, 19, 20, 21, 22, 23, 24, 25, 26, 27, 28, 29, 30, 31, 32, 33, 34, 35, 36, 37, 38, 39, 40, 41, 42, 43, 44, 45, 46, 47, 48, 49, 50, 51, 52, 53, 54, 55, 56, 57, 58, 59, 60, 61, 62, 63, 64, 65, 66, 67, 68, 69, 70, 71, 72, 73, 74, 75, 76, 77, 78, 79, 80, 81, 82, 83, 84, 85, 86, 87, 88, 89, 90, 91, 92, 93, 94, 95, 96, 97, 98, 99]}