{"train_losses": [0.01366918534040451, 0.011433442123234272, 0.010496864095330238, 0.009482755325734615, 0.008602133952081203, 0.007936911657452583, 0.007397225592285395, 0.006906493566930294, 0.006539473310112953, 0.0062363604083657265, 0.005931608844548464, 0.005637330003082752, 0.005465182475745678, 0.005190791562199593, 0.004974470008164644, 0.004838207270950079, 0.004649574868381023, 0.004474349319934845, 0.004340715706348419, 0.004232149105519056, 0.004073745105415583, 0.003972090780735016, 0.003860482480376959, 0.0037337951362133026, 0.003680691821500659, 0.0035572145134210587, 0.0034491063561290503, 0.0033785176929086447, 0.003298406023532152, 0.0032388765830546618, 0.003163372166454792, 0.003060051240026951, 0.0029981164261698723, 0.002912746509537101, 0.0028598541393876076, 0.002791726728901267, 0.0027367379516363144, 0.0026930372696369886, 0.002607128117233515, 0.002564575057476759, 0.002504551550373435, 0.00245655607432127, 0.0023652766831219196, 0.0023280824534595013, 0.002293024677783251, 0.0022739346604794264, 0.002223825082182884, 0.0021105208434164524, 0.002125255763530731, 0.00203258590772748, 0.0019961248617619276, 0.001980540342628956, 0.001935461419634521, 0.0019137014169245958, 0.0018649568082764745, 0.0018168071983382106, 0.001795990508981049, 0.0017772918799892068, 0.001716343336738646, 0.001706194831058383, 0.0016851614927873015, 0.0016126499976962805, 0.001640966860577464, 0.0015575712313875556, 0.0015482701128348708, 0.0014721996849402785, 0.0014411332085728645, 0.001427936484105885, 0.001401575398631394, 0.001438562641851604, 0.0013765281764790416, 0.0013394646812230349, 0.00132976402528584, 0.001309312297962606, 0.0012549774255603552, 0.0012281868839636445, 0.0013016338925808668, 0.0012143071508035064, 0.0011676548747345805, 0.0011670297244563699, 0.0011212609242647886, 0.0011242774780839682, 0.0011154836975038052, 0.0011221276363357902, 0.0010716429678723216, 0.0010803472250699997, 0.0010105539113283157, 0.0010377648286521435, 0.0010184345301240683, 0.0009921692544594407, 0.0009895183611661196, 0.0009758760570548475, 0.0009435979300178587, 0.000926910201087594, 0.0009042444289661944, 0.0009130871621891856, 0.0008709554676897824, 0.0008947263704612851, 0.0008738380856812, 0.0008532314095646143], "accs": [45.20000076293945, 52.84000015258789, 55.23999786376953, 58.519996643066406, 63.429996490478516, 65.01000213623047, 68.97000122070312, 68.62999725341797, 70.29000091552734, 72.06999969482422, 73.19999694824219, 73.22999572753906, 75.8699951171875, 75.04999542236328, 76.54000091552734, 75.33000183105469, 76.7699966430664, 78.4000015258789, 77.83999633789062, 78.38999938964844, 79.1199951171875, 79.93999481201172, 79.22000122070312, 79.00999450683594, 79.04000091552734, 79.25, 79.29999542236328, 80.29999542236328, 79.66999816894531, 80.6199951171875, 80.45999908447266, 80.37999725341797, 80.7699966430664, 80.36000061035156, 80.20999908447266, 80.0999984741211, 80.91999816894531, 81.16999816894531, 81.3699951171875, 80.93000030517578, 79.80999755859375, 80.98999786376953, 81.29999542236328, 81.57999420166016, 81.79999542236328, 81.97999572753906, 82.08999633789062, 81.79000091552734, 81.5199966430664, 81.04999542236328, 81.25, 81.57999420166016, 81.79000091552734, 81.48999786376953, 81.57999420166016, 81.6500015258789, 81.95999908447266, 82.54999542236328, 81.75, 81.8699951171875, 81.11000061035156, 81.13999938964844, 81.47000122070312, 82.18000030517578, 82.05999755859375, 81.69999694824219, 81.50999450683594, 81.72999572753906, 82.23999786376953, 81.19999694824219, 81.79999542236328, 81.79000091552734, 81.91999816894531, 82.05999755859375, 82.25, 82.65999603271484, 81.97999572753906, 81.77999877929688, 82.19999694824219, 81.95999908447266, 82.47000122070312, 82.05999755859375, 82.0, 82.48999786376953, 82.3499984741211, 81.9000015258789, 82.0999984741211, 82.31999969482422, 81.56999969482422, 82.45999908447266, 82.37999725341797, 81.93000030517578, 82.25, 82.37999725341797, 82.5, 82.1199951171875, 81.83999633789062, 82.58999633789062, 82.44999694824219, 82.5], "epochs": [0, 1, 2, 3, 4, 5, 6, 7, 8, 9, 10, 11, 12, 13, 14, 15, 16, 17, 18, 19, 20, 21, 22, 23, 24, 25, 26, 27, 28, 29, 30, 31, 32, 33, 34, 35, 36, 37, 38, 39, 40, 41, 42, 43, 44, 45, 46, 47, 48, 49, 50, 51, 52, 53, 54, 55, 56, 57, 58, 59, 60, 61, 62, 63, 64, 65, 66, 67, 68, 69, 70, 71, 72, 73, 74, 75, 76, 77, 78, 79, 80, 81, 82, 83, 84, 85, 86, 87, 88, 89, 90, 91, 92, 93, 94, 95, 96, 97, 98, 99]}