{"train_losses": [0.012166252359747887, 0.009510592557489872, 0.00871981866657734, 0.007814623415470123, 0.007125630509108305, 0.006465076934546232, 0.006282662972807884, 0.005676973145455122, 0.005311185959726572, 0.005043539218604565, 0.004795953631401062, 0.004604818765074015, 0.00440570805221796, 0.00428509758785367, 0.004098986275494099, 0.003963135648518801, 0.0038781468756496906, 0.003750602249056101, 0.0035300005692988634, 0.00347502320073545, 0.003381408518180251, 0.0033354926854372025, 0.003198511665686965, 0.0031194749753922224, 0.003065515775233507, 0.0029823516961187124, 0.0029035566840320826, 0.0030029546469449997, 0.0028327691834419966, 0.0027189189568161964, 0.0026892658788710833, 0.002769992221146822, 0.002572419587522745, 0.002469570841640234, 0.0024115319829434156, 0.002564201597124338, 0.0023879874497652054, 0.0022909026592969894, 0.0022435898426920176, 0.0021740798838436604, 0.0021630143746733665, 0.00212407810613513, 0.0020995282102376223, 0.0020958054810762405, 0.002293266588822007, 0.0020331507548689842, 0.002040450694039464, 0.003611203283071518, 0.004253584425896406, 0.002770532388240099, 0.0022991595324128866, 0.0020898887887597084, 0.002007437637075782, 0.0019492496503517032, 0.0018735266057774425, 0.001847758307121694, 0.001785655622370541, 0.0017634632531553507, 0.0017650056397542357, 0.0017043636180460453, 0.001668626326136291, 0.001641159295104444, 0.0016347869532182813, 0.0017140833660960197, 0.00159624801017344, 0.0016268353210762143, 0.0015520505839958787, 0.0015215154271572828, 0.0014915125211700797, 0.0028079815674573183, 0.0021003561560064554, 0.001624099095351994, 0.001669886987656355, 0.0015389890177175403, 0.001449618604965508, 0.0014095254009589553, 0.0013601146638393402, 0.0013647950254380703, 0.0013698883121833205, 0.001325490651652217, 0.0013384580379351974, 0.0013248913455754519, 0.0012717043282464147, 0.0012849187478423119, 0.0012602685019373894, 0.0012093334225937724, 0.0012330790050327778, 0.0012432895600795746, 0.001215401804074645, 0.0011671585962176323, 0.0023385263048112392, 0.0015707070706412196, 0.0011822975939139724, 0.0011573287192732096, 0.001109190983697772, 0.0011493964120745659, 0.0011165882460772991, 0.0011202574241906404, 0.0011197894345968962, 0.001054022228345275], "accs": [49.18000030517578, 60.71999740600586, 64.25, 65.81999969482422, 68.97999572753906, 73.55999755859375, 70.66999816894531, 76.12999725341797, 77.6199951171875, 77.27999877929688, 78.22000122070312, 78.75, 80.22000122070312, 80.25, 78.68000030517578, 80.40999603271484, 80.94999694824219, 81.52999877929688, 81.31999969482422, 81.91999816894531, 82.05999755859375, 82.56999969482422, 82.30999755859375, 82.79000091552734, 83.12999725341797, 83.29000091552734, 82.65999603271484, 82.36000061035156, 84.18000030517578, 82.02999877929688, 83.81999969482422, 83.79000091552734, 83.81999969482422, 83.4000015258789, 83.97999572753906, 83.82999420166016, 83.62999725341797, 84.83999633789062, 83.30999755859375, 84.08999633789062, 84.2699966430664, 84.22000122070312, 84.1199951171875, 84.5999984741211, 84.13999938964844, 84.95999908447266, 83.08999633789062, 66.5199966430664, 82.23999786376953, 83.58999633789062, 83.93999481201172, 84.54999542236328, 84.9000015258789, 84.88999938964844, 84.77999877929688, 84.54999542236328, 85.05999755859375, 84.70999908447266, 84.79000091552734, 84.83999633789062, 85.40999603271484, 84.77999877929688, 84.80999755859375, 85.2699966430664, 84.61000061035156, 84.98999786376953, 84.7699966430664, 84.80999755859375, 85.44999694824219, 82.66999816894531, 85.05999755859375, 85.55999755859375, 85.1500015258789, 85.4000015258789, 84.91999816894531, 85.22000122070312, 84.2699966430664, 85.04000091552734, 85.04999542236328, 84.79999542236328, 85.57999420166016, 84.93999481201172, 85.0, 85.31999969482422, 84.82999420166016, 85.43999481201172, 85.13999938964844, 84.65999603271484, 84.95999908447266, 85.1199951171875, 83.48999786376953, 85.18000030517578, 85.58999633789062, 84.93999481201172, 85.73999786376953, 85.37999725341797, 85.38999938964844, 85.25, 85.41999816894531, 85.40999603271484], "epochs": [0, 1, 2, 3, 4, 5, 6, 7, 8, 9, 10, 11, 12, 13, 14, 15, 16, 17, 18, 19, 20, 21, 22, 23, 24, 25, 26, 27, 28, 29, 30, 31, 32, 33, 34, 35, 36, 37, 38, 39, 40, 41, 42, 43, 44, 45, 46, 47, 48, 49, 50, 51, 52, 53, 54, 55, 56, 57, 58, 59, 60, 61, 62, 63, 64, 65, 66, 67, 68, 69, 70, 71, 72, 73, 74, 75, 76, 77, 78, 79, 80, 81, 82, 83, 84, 85, 86, 87, 88, 89, 90, 91, 92, 93, 94, 95, 96, 97, 98, 99]}