{"train_losses": [0.016778679564595222, 0.01483838353306055, 0.013680219650268555, 0.012665250338613987, 0.011917272582650185, 0.011320789344608784, 0.010711077600717545, 0.010185270570218563, 0.009768258780241013, 0.009327590465545654, 0.008932900615036488, 0.008632839657366276, 0.00831574946641922, 0.008063039742410183, 0.007817432284355164, 0.0075676580891013145, 0.007357047405093908, 0.007157374173402786, 0.0069812447763979435, 0.006804733537137508, 0.006647444795817137, 0.006512294057756662, 0.0063470592722296715, 0.006246292032301426, 0.006133066024631262, 0.0059801023453474045, 0.005895039066672325, 0.005807230249047279, 0.005690126214176416, 0.005603774916380644, 0.005515727214515209, 0.005428743548691273, 0.005377490539103746, 0.0052539026364684105, 0.005191114265471697, 0.00511222193017602, 0.005055012181401253, 0.00496944272890687, 0.0048826816491782665, 0.0048203482292592525, 0.004778288770467043, 0.004693076480180025, 0.00463899178430438, 0.0045760017819702625, 0.004557800944894552, 0.004453492350876331, 0.0043956260196864605, 0.0043549919500947, 0.004285480361431837, 0.004204012453556061, 0.004179474897682667, 0.0041010514833033085, 0.004065677057951689, 0.004010943695902824, 0.003932449035346508, 0.003917634952813387, 0.0038537303917109966, 0.0037891631945967674, 0.003777705365791917, 0.00370429758913815, 0.0036881170235574245, 0.003644363721832633, 0.003590610343962908, 0.00349463545717299, 0.0034740371629595757, 0.0034595623146742582, 0.0033621995244175196, 0.003362034447491169, 0.0032965156715363264, 0.003253601025789976, 0.003223971463739872, 0.003207098226994276, 0.0031376942060887814, 0.0031127650290727615, 0.0030589690431952477, 0.0030172918923199177, 0.002972756279632449, 0.002959177363663912, 0.002871433738619089, 0.0028610562440007925, 0.0028442037291824818, 0.002786843804642558, 0.0027477468829602003, 0.0027372632175683975, 0.0027161051984876394, 0.0026806786190718412, 0.0026681346353143454, 0.002623185981065035, 0.0025449919048696756, 0.0025136428885161877, 0.0024708404671400785, 0.0024490326177328825, 0.0024588790256530046, 0.0024326308630406857, 0.0023466460406780243, 0.0023663497995585203, 0.0022907324600964785, 0.0022582022938877344, 0.002250100253149867, 0.0022387728095054626], "accs": [28.81999969482422, 34.5, 40.63999938964844, 44.869998931884766, 48.30999755859375, 50.94999694824219, 53.94999694824219, 55.5099983215332, 56.73999786376953, 59.56999969482422, 60.89999771118164, 62.6099967956543, 63.63999938964844, 65.0199966430664, 65.66999816894531, 66.83999633789062, 67.4000015258789, 67.33000183105469, 68.83999633789062, 69.05999755859375, 69.94999694824219, 70.3499984741211, 70.8699951171875, 71.15999603271484, 71.11000061035156, 71.83999633789062, 72.13999938964844, 71.97999572753906, 72.58999633789062, 73.33000183105469, 73.41999816894531, 73.5199966430664, 73.58999633789062, 73.9000015258789, 73.97999572753906, 74.02999877929688, 74.33000183105469, 74.43000030517578, 74.38999938964844, 74.69999694824219, 74.54000091552734, 74.93999481201172, 74.69999694824219, 75.08999633789062, 74.93999481201172, 75.25999450683594, 75.40999603271484, 75.4000015258789, 75.61000061035156, 75.12999725341797, 75.79999542236328, 76.04999542236328, 75.80999755859375, 75.79999542236328, 75.77999877929688, 76.04000091552734, 76.23999786376953, 75.86000061035156, 75.98999786376953, 75.91999816894531, 76.6500015258789, 76.19999694824219, 76.58000183105469, 76.0199966430664, 76.06999969482422, 76.25, 75.79000091552734, 76.04999542236328, 76.43000030517578, 76.19999694824219, 75.68999481201172, 76.5999984741211, 76.12999725341797, 75.80999755859375, 76.47000122070312, 76.2699966430664, 76.18000030517578, 76.0, 76.27999877929688, 76.43999481201172, 76.27999877929688, 76.30999755859375, 76.33000183105469, 76.69999694824219, 76.16999816894531, 76.48999786376953, 76.6199951171875, 76.37999725341797, 76.65999603271484, 76.98999786376953, 76.00999450683594, 75.91999816894531, 76.47999572753906, 76.37999725341797, 76.43000030517578, 76.93999481201172, 76.58000183105469, 76.1500015258789, 76.36000061035156, 76.88999938964844], "epochs": [0, 1, 2, 3, 4, 5, 6, 7, 8, 9, 10, 11, 12, 13, 14, 15, 16, 17, 18, 19, 20, 21, 22, 23, 24, 25, 26, 27, 28, 29, 30, 31, 32, 33, 34, 35, 36, 37, 38, 39, 40, 41, 42, 43, 44, 45, 46, 47, 48, 49, 50, 51, 52, 53, 54, 55, 56, 57, 58, 59, 60, 61, 62, 63, 64, 65, 66, 67, 68, 69, 70, 71, 72, 73, 74, 75, 76, 77, 78, 79, 80, 81, 82, 83, 84, 85, 86, 87, 88, 89, 90, 91, 92, 93, 94, 95, 96, 97, 98, 99]}