{"train_losses": [0.014626603573560715, 0.011813747696578503, 0.011022833175957203, 0.009945825673639774, 0.009281621314585209, 0.008669795468449593, 0.007822675630450249, 0.007320051547139883, 0.010103604756295681, 0.01285598985850811, 0.011133690364658833, 0.010055867955088615, 0.00926505122333765, 0.008615701459348202, 0.007960463874042034, 0.007553956005722284, 0.007200444582849741, 0.0076303863897919655, 0.006631683092564344, 0.006657054182142019, 0.006120021920651197, 0.005970577243715525, 0.007401461713016033, 0.006065229885280132, 0.0056749614886939526, 0.0055526080541312695, 0.005351003259420395, 0.005217842757701874, 0.005035536363720894, 0.005246874876320362, 0.00503059197217226, 0.004831593483686447, 0.004720483440905809, 0.0047102440148591995, 0.004344172775745392, 0.004447547253221273, 0.0050238799303770065, 0.00428073899820447, 0.004143115598708391, 0.004098189063370228, 0.003978561144322157, 0.003982908092439175, 0.0040682228282094, 0.004206135869026184, 0.0037908132653683424, 0.0037423560861498117, 0.0038483189418911934, 0.003909739665687084, 0.0036391832400113344, 0.0038254051469266415, 0.004152741748839617, 0.0036496813409030437, 0.0033634298015385866, 0.0035188207402825356, 0.0033485826570540667, 0.003373912302777171, 0.0033440678380429745, 0.0034058394376188517, 0.0032295105047523975, 0.00313133024610579, 0.0031008864752948284, 0.003021806478500366, 0.0030583878979086876, 0.0030138976871967316, 0.0030433128122240305, 0.0029361231718212366, 0.0030011010821908712, 0.0029749830719083548, 0.00283074751496315, 0.002761640353128314, 0.0028576268814504147, 0.003583101788535714, 0.0030811370816081762, 0.002766410121694207, 0.0026915371417999268, 0.0026778404135257006, 0.003550726454705, 0.0028010967653244734, 0.002651598071679473, 0.002718080300837755, 0.002593307988718152, 0.0026566009037196636, 0.0025451236870139837, 0.002492958679795265, 0.002476310357451439, 0.00241922028362751, 0.002377921948209405, 0.002707538427785039, 0.002453423338010907, 0.0023426851257681847, 0.002295039827004075, 0.0023152402136474848, 0.0024092199746519327, 0.004005603026598692, 0.003144975518807769, 0.002506362274289131, 0.002301848027855158, 0.002334843622520566, 0.0023013947065919638, 0.002296167891472578], "accs": [43.90999984741211, 48.529998779296875, 52.56999969482422, 57.189998626708984, 60.269996643066406, 63.12999725341797, 66.56999969482422, 68.62999725341797, 31.189998626708984, 47.869998931884766, 51.87999725341797, 56.099998474121094, 61.44999694824219, 63.56999969482422, 67.9000015258789, 66.47999572753906, 65.72000122070312, 70.72999572753906, 70.55999755859375, 71.33999633789062, 73.93999481201172, 75.05999755859375, 72.94999694824219, 72.00999450683594, 75.95999908447266, 75.43999481201172, 73.52999877929688, 77.41999816894531, 78.08000183105469, 73.90999603271484, 75.5199966430664, 74.7699966430664, 78.66999816894531, 78.3699951171875, 78.79999542236328, 62.59000015258789, 77.16999816894531, 79.8699951171875, 79.7699966430664, 80.37999725341797, 79.54000091552734, 77.05999755859375, 79.8699951171875, 80.58999633789062, 80.18999481201172, 81.04999542236328, 76.0999984741211, 79.7699966430664, 80.12999725341797, 76.1500015258789, 80.27999877929688, 81.44999694824219, 80.79000091552734, 80.75999450683594, 81.37999725341797, 80.02999877929688, 80.54999542236328, 81.5199966430664, 82.20999908447266, 81.75999450683594, 81.88999938964844, 81.5999984741211, 82.52999877929688, 80.90999603271484, 82.20999908447266, 81.41999816894531, 82.0199966430664, 82.37999725341797, 81.86000061035156, 81.1199951171875, 80.79999542236328, 80.3499984741211, 82.25, 82.15999603271484, 83.00999450683594, 82.45999908447266, 82.22000122070312, 82.0, 82.43000030517578, 82.11000061035156, 82.22000122070312, 83.3699951171875, 82.47000122070312, 82.65999603271484, 81.79999542236328, 82.66999816894531, 83.02999877929688, 83.12999725341797, 82.75, 82.79000091552734, 83.18000030517578, 83.33999633789062, 82.82999420166016, 78.27999877929688, 82.66999816894531, 83.33999633789062, 83.18999481201172, 82.37999725341797, 83.41999816894531, 82.75999450683594], "epochs": [0, 1, 2, 3, 4, 5, 6, 7, 8, 9, 10, 11, 12, 13, 14, 15, 16, 17, 18, 19, 20, 21, 22, 23, 24, 25, 26, 27, 28, 29, 30, 31, 32, 33, 34, 35, 36, 37, 38, 39, 40, 41, 42, 43, 44, 45, 46, 47, 48, 49, 50, 51, 52, 53, 54, 55, 56, 57, 58, 59, 60, 61, 62, 63, 64, 65, 66, 67, 68, 69, 70, 71, 72, 73, 74, 75, 76, 77, 78, 79, 80, 81, 82, 83, 84, 85, 86, 87, 88, 89, 90, 91, 92, 93, 94, 95, 96, 97, 98, 99]}