{"train_losses": [0.012198889628052711, 0.009425081312656403, 0.008673521690070629, 0.007832346484065056, 0.00714800925925374, 0.006479330826550722, 0.006019128952175379, 0.0056296358816325665, 0.005279190372675657, 0.004926019813865423, 0.004754697438329458, 0.0045410022139549255, 0.004307975526899099, 0.004095840733498335, 0.003985924180597067, 0.003877005772665143, 0.0038638124242424965, 0.003657085821032524, 0.003447185503318906, 0.003327487036585808, 0.003272430971264839, 0.003349835751578212, 0.0031308215111494064, 0.003168815281242132, 0.0029785879887640476, 0.00293487636372447, 0.00281817140057683, 0.002762950723990798, 0.0027303078677505255, 0.0026703537441790104, 0.0025706319138407707, 0.0025169667787849903, 0.0024730158038437366, 0.0023965551517903805, 0.0023852516897022724, 0.0023260759189724922, 0.0022960936184972525, 0.0022438447922468185, 0.0021684346720576286, 0.0021288064308464527, 0.002102210419252515, 0.0020427699200809, 0.0020388239063322544, 0.002040305407717824, 0.001966289710253477, 0.0019255309598520398, 0.001878606271930039, 0.0018528307555243373, 0.0018446050817146897, 0.0018090264638885856, 0.0017627521883696318, 0.0017731406260281801, 0.001734026474878192, 0.0016956065082922578, 0.0016370498342439532, 0.0016607799334451556, 0.0016128449933603406, 0.0017058913363143802, 0.0015815504593774676, 0.0015378367388620973, 0.00150591810233891, 0.0014759092591702938, 0.0014661515597254038, 0.0014613665407523513, 0.0014340840280056, 0.001436775317415595, 0.0014360975474119186, 0.0013753907987847924, 0.0013528098352253437, 0.001275347894988954, 0.001314670080319047, 0.0013122576056048274, 0.001285075442865491, 0.0012854542583227158, 0.0013381200842559338, 0.001211412250995636, 0.001161349704489112, 0.0011883265106007457, 0.0011727767996490002, 0.0011414064792916179, 0.0011285184882581234, 0.001129456446506083, 0.0011001178063452244, 0.0010778929572552443, 0.0010597093496471643, 0.0010462718782946467, 0.0010544275864958763, 0.0010361437452957034, 0.0010337893618270755, 0.0010179087985306978, 0.001021436881273985, 0.000997617607936263, 0.000995868700556457, 0.0009702480747364461, 0.0009482641471549869, 0.0009367383318021894, 0.0009332838817499578, 0.0009625605307519436, 0.000908331829123199, 0.0008851272286847234], "accs": [52.16999816894531, 59.73999786376953, 59.57999801635742, 68.44999694824219, 67.5, 69.5, 70.20999908447266, 73.33999633789062, 76.58000183105469, 77.91999816894531, 78.29999542236328, 78.69999694824219, 79.86000061035156, 78.82999420166016, 79.57999420166016, 80.69999694824219, 80.31999969482422, 81.20999908447266, 81.77999877929688, 81.61000061035156, 82.56999969482422, 80.75999450683594, 82.20999908447266, 82.5999984741211, 82.68999481201172, 82.02999877929688, 82.55999755859375, 81.68999481201172, 82.7699966430664, 82.61000061035156, 83.43999481201172, 83.69999694824219, 83.82999420166016, 83.73999786376953, 83.61000061035156, 83.0199966430664, 83.70999908447266, 83.7699966430664, 83.90999603271484, 83.88999938964844, 83.75999450683594, 83.54999542236328, 83.94999694824219, 84.45999908447266, 83.12999725341797, 84.04999542236328, 84.29000091552734, 83.82999420166016, 84.04999542236328, 84.55999755859375, 83.95999908447266, 84.07999420166016, 84.61000061035156, 84.61000061035156, 83.70999908447266, 83.6199951171875, 83.86000061035156, 84.20999908447266, 84.13999938964844, 84.15999603271484, 84.38999938964844, 84.18999481201172, 84.56999969482422, 83.97000122070312, 84.93999481201172, 84.48999786376953, 84.1199951171875, 84.68999481201172, 84.50999450683594, 84.90999603271484, 84.69999694824219, 84.56999969482422, 84.80999755859375, 84.06999969482422, 84.1199951171875, 85.0, 84.63999938964844, 84.32999420166016, 84.75999450683594, 85.07999420166016, 84.8699951171875, 84.1500015258789, 84.8699951171875, 84.54000091552734, 84.93000030517578, 85.12999725341797, 85.44999694824219, 84.98999786376953, 84.38999938964844, 85.0, 84.68999481201172, 84.6199951171875, 84.70999908447266, 85.25, 84.7699966430664, 84.75, 85.00999450683594, 85.16999816894531, 84.79000091552734, 84.86000061035156], "epochs": [0, 1, 2, 3, 4, 5, 6, 7, 8, 9, 10, 11, 12, 13, 14, 15, 16, 17, 18, 19, 20, 21, 22, 23, 24, 25, 26, 27, 28, 29, 30, 31, 32, 33, 34, 35, 36, 37, 38, 39, 40, 41, 42, 43, 44, 45, 46, 47, 48, 49, 50, 51, 52, 53, 54, 55, 56, 57, 58, 59, 60, 61, 62, 63, 64, 65, 66, 67, 68, 69, 70, 71, 72, 73, 74, 75, 76, 77, 78, 79, 80, 81, 82, 83, 84, 85, 86, 87, 88, 89, 90, 91, 92, 93, 94, 95, 96, 97, 98, 99]}