{"train_losses": [0.012018394656479359, 0.009151344187557697, 0.008488242514431477, 0.007720339111983776, 0.007001578342169523, 0.006412514951080084, 0.006015689577907324, 0.005602709017693996, 0.005292869638651609, 0.005060909781605005, 0.0048057460226118565, 0.004578467924147844, 0.004405745305120945, 0.004233251325786114, 0.004092860501259565, 0.003982941620051861, 0.0038155128713697195, 0.003704586997628212, 0.003615888999775052, 0.00352623057551682, 0.0033540348522365093, 0.0033230572007596493, 0.0032424067612737417, 0.0031263951677829027, 0.003038405440747738, 0.0029977343510836363, 0.0030245354864746332, 0.002810133621096611, 0.0027184938080608845, 0.0027141915634274483, 0.002634768607094884, 0.0025706689339131117, 0.0025546124670654535, 0.0024411799386143684, 0.0024054113309830427, 0.002378284465521574, 0.002339620143175125, 0.0022753854282200336, 0.002224868396297097, 0.0022326172329485416, 0.0021342115942388773, 0.002131315181031823, 0.0038980247918516397, 0.003176018362864852, 0.0022588472347706556, 0.002095050411298871, 0.0020390429999679327, 0.0020059109665453434, 0.0019414201378822327, 0.0019095705356448889, 0.0019359108991920948, 0.0018622614443302155, 0.0018699872307479382, 0.0018135916907340288, 0.0018044880125671625, 0.001749684102833271, 0.0017386953113600612, 0.0017018911894410849, 0.0017135359812527895, 0.0017656420823186636, 0.0016486544627696276, 0.0015740020899102092, 0.0017047625733539462, 0.0017352919094264507, 0.001545776380226016, 0.0014590088976547122, 0.0014856829075142741, 0.001432335120625794, 0.0014274122659116983, 0.0014416626654565334, 0.0013791006058454514, 0.0014160075224936008, 0.001384326140396297, 0.0013478787150233984, 0.0013744401512667537, 0.0013064206577837467, 0.0013169986195862293, 0.0012886227341368794, 0.0012875536922365427, 0.0012269477592781186, 0.0012361560948193073, 0.0012136467266827822, 0.0011993612861260772, 0.0011918545933440328, 0.0011590872891247272, 0.001165366149507463, 0.0011731773847714067, 0.0011745034717023373, 0.0011504552094265819, 0.001120193861424923, 0.0010990111622959375, 0.0010742561426013708, 0.0010942758526653051, 0.0010913655860349536, 0.0010766773484647274, 0.0012078065192326903, 0.0032185085583478212, 0.0012656750623136759, 0.0024138714652508497, 0.0013948151608929038], "accs": [53.0, 64.36000061035156, 61.97999954223633, 68.43999481201172, 71.19999694824219, 73.0, 74.06999969482422, 72.58000183105469, 76.29999542236328, 75.77999877929688, 78.58999633789062, 78.72999572753906, 79.43000030517578, 79.38999938964844, 79.88999938964844, 81.3499984741211, 81.02999877929688, 81.0199966430664, 80.83999633789062, 81.32999420166016, 82.08999633789062, 81.97000122070312, 82.41999816894531, 83.36000061035156, 82.57999420166016, 81.8699951171875, 83.18000030517578, 82.97000122070312, 81.93999481201172, 82.72999572753906, 83.8699951171875, 83.69999694824219, 84.38999938964844, 84.11000061035156, 82.63999938964844, 83.70999908447266, 84.13999938964844, 83.95999908447266, 83.63999938964844, 83.86000061035156, 83.65999603271484, 83.95999908447266, 78.79000091552734, 83.82999420166016, 84.77999877929688, 84.5, 84.68000030517578, 84.45999908447266, 84.3699951171875, 84.30999755859375, 84.52999877929688, 84.30999755859375, 84.22999572753906, 85.0199966430664, 84.73999786376953, 84.06999969482422, 84.77999877929688, 85.0199966430664, 81.93999481201172, 84.22999572753906, 85.25999450683594, 83.8499984741211, 81.43999481201172, 84.88999938964844, 84.36000061035156, 84.83999633789062, 84.81999969482422, 84.8699951171875, 85.06999969482422, 84.77999877929688, 85.02999877929688, 84.18999481201172, 84.22999572753906, 84.72000122070312, 84.93000030517578, 84.72999572753906, 84.72000122070312, 85.11000061035156, 84.54999542236328, 85.00999450683594, 85.13999938964844, 85.43000030517578, 85.02999877929688, 84.8699951171875, 85.06999969482422, 85.43000030517578, 85.30999755859375, 85.20999908447266, 84.97000122070312, 85.07999420166016, 84.52999877929688, 84.70999908447266, 85.18999481201172, 84.72999572753906, 85.79000091552734, 71.93000030517578, 84.72000122070312, 85.54999542236328, 84.6500015258789, 85.04000091552734], "epochs": [0, 1, 2, 3, 4, 5, 6, 7, 8, 9, 10, 11, 12, 13, 14, 15, 16, 17, 18, 19, 20, 21, 22, 23, 24, 25, 26, 27, 28, 29, 30, 31, 32, 33, 34, 35, 36, 37, 38, 39, 40, 41, 42, 43, 44, 45, 46, 47, 48, 49, 50, 51, 52, 53, 54, 55, 56, 57, 58, 59, 60, 61, 62, 63, 64, 65, 66, 67, 68, 69, 70, 71, 72, 73, 74, 75, 76, 77, 78, 79, 80, 81, 82, 83, 84, 85, 86, 87, 88, 89, 90, 91, 92, 93, 94, 95, 96, 97, 98, 99]}