{"train_losses": [0.015184145420789719, 0.012110722251236439, 0.010628506541252136, 0.00943676009774208, 0.008552617393434048, 0.007885805331170559, 0.007236020173877478, 0.006681669037789106, 0.006353645585477352, 0.005970658268779516, 0.005560206715017557, 0.00539481732994318, 0.0050846124067902565, 0.004920709878206253, 0.0047186147421598434, 0.004535406827926636, 0.0044381460174918175, 0.004238474182784557, 0.004104264080524445, 0.003996262792497873, 0.0041066305711865425, 0.0038951884489506483, 0.00373906665481627, 0.0036937245167791843, 0.003624957287684083, 0.003478255122900009, 0.003419511253014207, 0.0033874090295284986, 0.00331467529758811, 0.0032644462771713734, 0.00317195407114923, 0.0031325356103479862, 0.0030441847629845142, 0.0029979238752275705, 0.00294978148303926, 0.002911648480221629, 0.00281346682459116, 0.0027595774736255407, 0.0027964727487415075, 0.002678545657545328, 0.0026957918889820576, 0.0026063183322548866, 0.0025447350926697254, 0.002515220083296299, 0.002494131913408637, 0.002431691624224186, 0.0023630275391042233, 0.0024069559294730425, 0.002320751780644059, 0.0023319546598941088, 0.002292807912454009, 0.002263992093503475, 0.002211452228948474, 0.0022072598803788424, 0.0021225784439593554, 0.0021422388963401318, 0.0021726535633206367, 0.002298519480973482, 0.002150097396224737, 0.0020752311684191227, 0.0020674283150583506, 0.002009395509958267, 0.001992580248042941, 0.001982124987989664, 0.0018816743977367878, 0.0018872070359066129, 0.002284944523125887, 0.0020508135203272104, 0.001927202451042831, 0.001815119874663651, 0.0017764203948900104, 0.001762092113494873, 0.0017560042906552553, 0.0017053749179467559, 0.0016702633583918214, 0.0016943301307037473, 0.0016493350267410278, 0.0016062394715845585, 0.0017004543915390968, 0.0016310657374560833, 0.0016282182186841965, 0.0015793845523148775, 0.0015550104435533285, 0.0014955484075471759, 0.0015429867198690772, 0.001498882076703012, 0.0015072750393301249, 0.0014946121955290437, 0.0013993624597787857, 0.0014337615575641394, 0.0014060864923521876, 0.0013846645597368479, 0.0013704972807317972, 0.0013609399320557714, 0.0013176447246223688, 0.0013925639213994145, 0.0013998084468767047, 0.0013120929943397641, 0.0013172399485483766, 0.001353477593511343], "accs": [42.15999984741211, 51.029998779296875, 58.03999710083008, 58.30999755859375, 64.40999603271484, 68.54999542236328, 69.33999633789062, 69.87999725341797, 72.47999572753906, 74.19999694824219, 73.54999542236328, 75.45999908447266, 76.8499984741211, 77.88999938964844, 78.70999908447266, 79.05999755859375, 79.61000061035156, 80.29000091552734, 79.95999908447266, 80.25, 80.18999481201172, 80.16999816894531, 80.72000122070312, 79.44999694824219, 81.97999572753906, 82.43000030517578, 81.44999694824219, 81.63999938964844, 82.04999542236328, 81.97999572753906, 81.88999938964844, 82.29000091552734, 81.8499984741211, 83.18000030517578, 83.25, 82.0199966430664, 83.0199966430664, 82.6500015258789, 83.0, 83.33999633789062, 83.32999420166016, 82.80999755859375, 82.61000061035156, 82.06999969482422, 82.82999420166016, 83.47000122070312, 83.3499984741211, 82.73999786376953, 83.23999786376953, 83.13999938964844, 83.29000091552734, 83.33999633789062, 84.12999725341797, 83.97000122070312, 83.61000061035156, 83.45999908447266, 83.94999694824219, 83.22999572753906, 83.29999542236328, 83.47000122070312, 84.32999420166016, 83.93000030517578, 83.47999572753906, 83.7699966430664, 84.41999816894531, 83.20999908447266, 83.5, 83.80999755859375, 83.68000030517578, 84.04999542236328, 83.79999542236328, 83.43000030517578, 84.12999725341797, 83.16999816894531, 84.33999633789062, 84.4000015258789, 84.25, 83.98999786376953, 82.8699951171875, 83.61000061035156, 84.1199951171875, 84.12999725341797, 84.32999420166016, 84.04999542236328, 84.31999969482422, 84.07999420166016, 84.2699966430664, 84.0, 84.57999420166016, 83.5999984741211, 83.83999633789062, 84.02999877929688, 84.25999450683594, 84.47000122070312, 83.82999420166016, 84.41999816894531, 84.22000122070312, 84.41999816894531, 84.18000030517578, 84.25999450683594], "epochs": [0, 1, 2, 3, 4, 5, 6, 7, 8, 9, 10, 11, 12, 13, 14, 15, 16, 17, 18, 19, 20, 21, 22, 23, 24, 25, 26, 27, 28, 29, 30, 31, 32, 33, 34, 35, 36, 37, 38, 39, 40, 41, 42, 43, 44, 45, 46, 47, 48, 49, 50, 51, 52, 53, 54, 55, 56, 57, 58, 59, 60, 61, 62, 63, 64, 65, 66, 67, 68, 69, 70, 71, 72, 73, 74, 75, 76, 77, 78, 79, 80, 81, 82, 83, 84, 85, 86, 87, 88, 89, 90, 91, 92, 93, 94, 95, 96, 97, 98, 99]}