{"train_losses": [0.0186900794506073, 0.01623493619263172, 0.014542610384523869, 0.013302536681294441, 0.012386614456772804, 0.011670660227537155, 0.011074455454945564, 0.01060718484222889, 0.010191181674599648, 0.00976506806910038, 0.0093398317694664, 0.009005187079310417, 0.008627219125628471, 0.008290454745292664, 0.007971270941197872, 0.007686134893447161, 0.007443306036293507, 0.007270121946930885, 0.007049014791846275, 0.006827991921454668, 0.006632229313254356, 0.0064758663065731525, 0.006362946704030037, 0.00616534473374486, 0.006058678030967712, 0.005960199516266584, 0.005800881423056126, 0.005697634071111679, 0.005581781268119812, 0.005425625015050173, 0.005354930181056261, 0.005234590265899897, 0.005148229189217091, 0.005058214068412781, 0.004970864858478308, 0.004882117733359337, 0.00478281220421195, 0.004747522994875908, 0.004626980982720852, 0.004541764501482248, 0.004487135447561741, 0.004379245452582836, 0.004300560802221298, 0.004290825687348843, 0.004178412724286318, 0.004103559069335461, 0.004024626687169075, 0.003985919523984194, 0.003933359868824482, 0.0038602114655077457, 0.0037908628582954407, 0.0037350328639149666, 0.0036430677864700556, 0.003609652630984783, 0.0035070094745606184, 0.0034775682725012302, 0.0034454530104994774, 0.0033588302321732044, 0.0033393639605492353, 0.0032933522015810013, 0.0032237013801932335, 0.0031367414630949497, 0.0031399878207594156, 0.0030635325238108635, 0.003040877403691411, 0.0029591394122689962, 0.002905504312366247, 0.002892289776355028, 0.0028095818124711514, 0.0027955113910138607, 0.0027488493360579014, 0.0027164723724126816, 0.002667580731213093, 0.0026264300104230642, 0.0025739879347383976, 0.0025261961854994297, 0.0025508920662105083, 0.0023731247056275606, 0.0024450260680168867, 0.0023718569427728653, 0.002342527499422431, 0.002316906116902828, 0.002257091226056218, 0.002309451811015606, 0.0022125625982880592, 0.002163390861824155, 0.0021287871059030294, 0.002081535989418626, 0.0021321470849215984, 0.0020283537451177835, 0.001989725511521101, 0.002018864033743739, 0.002015206962823868, 0.001934277475811541, 0.0019053359283134341, 0.0018802328268066049, 0.0018502904567867517, 0.0018401502165943384, 0.0018274914473295212, 0.0017481431132182479], "accs": [19.489999771118164, 29.28999900817871, 38.62999725341797, 43.36000061035156, 47.39999771118164, 49.7599983215332, 52.06999969482422, 54.38999938964844, 55.73999786376953, 57.65999984741211, 59.529998779296875, 59.98999786376953, 61.80999755859375, 63.56999969482422, 64.97000122070312, 66.36000061035156, 67.08999633789062, 67.43999481201172, 68.0, 69.70999908447266, 69.73999786376953, 70.25, 70.70999908447266, 71.47999572753906, 71.08000183105469, 71.94999694824219, 72.3699951171875, 72.5, 72.87999725341797, 73.04000091552734, 73.05999755859375, 73.36000061035156, 73.20999908447266, 73.83000183105469, 73.73999786376953, 74.19999694824219, 73.93000030517578, 74.58000183105469, 74.25999450683594, 74.8699951171875, 74.50999450683594, 75.05999755859375, 74.75, 75.13999938964844, 74.65999603271484, 75.43999481201172, 75.00999450683594, 75.45999908447266, 75.13999938964844, 75.5999984741211, 75.36000061035156, 75.93000030517578, 75.73999786376953, 75.91999816894531, 75.95999908447266, 75.41999816894531, 75.62999725341797, 75.72000122070312, 76.15999603271484, 76.11000061035156, 75.93000030517578, 75.87999725341797, 76.02999877929688, 76.05999755859375, 75.93000030517578, 76.29000091552734, 75.93000030517578, 75.97000122070312, 76.33999633789062, 76.33000183105469, 76.33999633789062, 76.18999481201172, 76.0, 76.25, 75.87999725341797, 76.25999450683594, 76.15999603271484, 75.75999450683594, 75.83999633789062, 75.8699951171875, 75.83000183105469, 75.58000183105469, 75.97000122070312, 76.45999908447266, 76.00999450683594, 76.44999694824219, 76.38999938964844, 76.1199951171875, 76.0199966430664, 76.54999542236328, 76.31999969482422, 76.91999816894531, 76.05999755859375, 76.54999542236328, 76.36000061035156, 76.58000183105469, 76.08999633789062, 76.29999542236328, 76.20999908447266, 76.27999877929688], "epochs": [0, 1, 2, 3, 4, 5, 6, 7, 8, 9, 10, 11, 12, 13, 14, 15, 16, 17, 18, 19, 20, 21, 22, 23, 24, 25, 26, 27, 28, 29, 30, 31, 32, 33, 34, 35, 36, 37, 38, 39, 40, 41, 42, 43, 44, 45, 46, 47, 48, 49, 50, 51, 52, 53, 54, 55, 56, 57, 58, 59, 60, 61, 62, 63, 64, 65, 66, 67, 68, 69, 70, 71, 72, 73, 74, 75, 76, 77, 78, 79, 80, 81, 82, 83, 84, 85, 86, 87, 88, 89, 90, 91, 92, 93, 94, 95, 96, 97, 98, 99]}