{"train_losses": [0.019962219521403313, 0.01934782601892948, 0.01822183094918728, 0.01688234508037567, 0.015776803717017174, 0.014912210404872894, 0.014255600981414318, 0.013699387200176716, 0.013288128189742565, 0.012878363020718098, 0.012588930316269398, 0.01224245224148035, 0.011988899670541286, 0.011799400672316551, 0.011607055552303791, 0.011392499320209026, 0.011242404580116272, 0.011093471199274063, 0.010917074978351593, 0.010784134268760681, 0.010635203681886196, 0.01049056276679039, 0.01038585789501667, 0.010260030627250671, 0.010142005048692226, 0.010017037391662598, 0.009906469844281673, 0.009797105565667152, 0.009731123223900795, 0.009622209705412388, 0.00952682550996542, 0.009433663450181484, 0.00935248751193285, 0.00926460325717926, 0.009204446338117123, 0.00909106619656086, 0.00906440895050764, 0.008986671455204487, 0.008889472112059593, 0.00882746372371912, 0.008775526657700539, 0.008741247467696667, 0.008660850115120411, 0.008578374050557613, 0.008549036458134651, 0.008521202951669693, 0.008437234908342361, 0.008385780267417431, 0.008303670212626457, 0.008238360285758972, 0.008226150646805763, 0.008212163113057613, 0.008098266087472439, 0.008102566003799438, 0.008066128008067608, 0.007991982623934746, 0.007929576560854912, 0.007883021607995033, 0.007882684469223022, 0.007814058102667332, 0.007802900858223438, 0.007736642379313707, 0.007720949128270149, 0.007666484918445349, 0.007619194686412811, 0.007622626610100269, 0.007561010774224997, 0.007543495390564203, 0.007496400736272335, 0.007463276386260986, 0.007436529733240604, 0.0073893703520298, 0.007346611935645342, 0.007323278114199638, 0.00728136021643877, 0.007273614872246981, 0.007218522951006889, 0.007225593086332083, 0.007172311656177044, 0.007102597504854202, 0.007111207116395235, 0.007071793079376221, 0.0070532094687223434, 0.00705533055588603, 0.007003409322351217, 0.006988749373704195, 0.006906498223543167, 0.006902281194925308, 0.006890913471579552, 0.006843137089163065, 0.006810330785810947, 0.006804110947996378, 0.006766055710613728, 0.006741201505064964, 0.0067487615160644054, 0.006702069658786058, 0.006653777789324522, 0.006673719733953476, 0.006661962252110243, 0.006622154265642166], "accs": [12.09999942779541, 13.90999984741211, 18.770000457763672, 25.469999313354492, 30.90999984741211, 34.61000061035156, 37.689998626708984, 40.16999816894531, 41.98999786376953, 44.0, 45.029998779296875, 46.48999786376953, 47.55999755859375, 48.28999710083008, 48.75, 50.46999740600586, 50.689998626708984, 51.459999084472656, 52.68000030517578, 53.2599983215332, 53.48999786376953, 53.7599983215332, 54.459999084472656, 54.959999084472656, 55.77000045776367, 56.119998931884766, 56.66999816894531, 57.07999801635742, 57.13999938964844, 57.849998474121094, 58.2599983215332, 58.3599967956543, 59.32999801635742, 59.16999816894531, 59.6099967956543, 59.80999755859375, 60.1099967956543, 60.44999694824219, 60.32999801635742, 60.8599967956543, 60.82999801635742, 61.18000030517578, 61.349998474121094, 61.69999694824219, 61.96999740600586, 62.14999771118164, 62.2599983215332, 62.269996643066406, 62.459999084472656, 62.91999816894531, 63.029998779296875, 63.09000015258789, 63.22999954223633, 63.369998931884766, 63.6099967956543, 63.599998474121094, 63.84000015258789, 64.02999877929688, 64.23999786376953, 64.26000213623047, 64.47000122070312, 64.41999816894531, 64.83000183105469, 64.68000030517578, 65.08999633789062, 64.94999694824219, 65.18999481201172, 65.25, 65.38999938964844, 65.75, 66.06999969482422, 66.04000091552734, 66.02999877929688, 66.16999816894531, 66.3699951171875, 66.38999938964844, 66.5, 66.31999969482422, 66.70999908447266, 66.72999572753906, 66.94999694824219, 66.97000122070312, 67.08999633789062, 67.37999725341797, 67.40999603271484, 67.19999694824219, 67.41999816894531, 67.23999786376953, 67.37999725341797, 67.5199966430664, 67.83000183105469, 67.90999603271484, 67.61000061035156, 68.22999572753906, 67.95999908447266, 68.0199966430664, 68.15999603271484, 68.08000183105469, 68.19999694824219, 68.61000061035156], "epochs": [0, 1, 2, 3, 4, 5, 6, 7, 8, 9, 10, 11, 12, 13, 14, 15, 16, 17, 18, 19, 20, 21, 22, 23, 24, 25, 26, 27, 28, 29, 30, 31, 32, 33, 34, 35, 36, 37, 38, 39, 40, 41, 42, 43, 44, 45, 46, 47, 48, 49, 50, 51, 52, 53, 54, 55, 56, 57, 58, 59, 60, 61, 62, 63, 64, 65, 66, 67, 68, 69, 70, 71, 72, 73, 74, 75, 76, 77, 78, 79, 80, 81, 82, 83, 84, 85, 86, 87, 88, 89, 90, 91, 92, 93, 94, 95, 96, 97, 98, 99]}