{"train_losses": [0.01898929849267006, 0.01810622587800026, 0.016998961567878723, 0.015903295949101448, 0.015048113651573658, 0.014452753588557243, 0.0139091145247221, 0.013532072305679321, 0.013163510710000992, 0.012797356583178043, 0.012527210637927055, 0.012250609695911407, 0.012009936384856701, 0.011831836774945259, 0.011596948839724064, 0.011435352265834808, 0.011238555423915386, 0.01112942211329937, 0.010925677604973316, 0.010807274840772152, 0.010662447661161423, 0.010546431876718998, 0.010363264009356499, 0.0102688604965806, 0.010154704563319683, 0.010041563771665096, 0.00993830244988203, 0.009859398938715458, 0.00974256545305252, 0.009633895941078663, 0.009508846327662468, 0.009416474029421806, 0.009363985620439053, 0.009317413903772831, 0.009210570715367794, 0.009122774936258793, 0.009055810049176216, 0.008952469564974308, 0.008904925547540188, 0.008816947229206562, 0.00876669306308031, 0.008672012947499752, 0.008622193709015846, 0.008581490255892277, 0.00854018609970808, 0.008466902188956738, 0.008398562669754028, 0.008352481760084629, 0.008299743756651878, 0.008214244619011879, 0.008172188885509968, 0.008127032779157162, 0.008130492642521858, 0.008078142069280148, 0.007984277792274952, 0.007943234406411648, 0.007929248735308647, 0.007842715829610825, 0.007810012437403202, 0.007759562693536282, 0.007733804639428854, 0.007706457749009132, 0.007663263473659754, 0.007629630621522665, 0.007598061114549637, 0.007584274280816317, 0.007504031993448734, 0.007483523804694414, 0.007419404573738575, 0.007440729066729546, 0.007389427162706852, 0.0073272245936095715, 0.007302990648895502, 0.007272351533174515, 0.007236137520521879, 0.007217661943286657, 0.007197147235274315, 0.007149566430598497, 0.007134717423468828, 0.007057312410324812, 0.007092620711773634, 0.007056361064314842, 0.006971929222345352, 0.006979312747716904, 0.006965105887502432, 0.00692474702373147, 0.006931683048605919, 0.006870554760098457, 0.006852355785667896, 0.0068249814212322235, 0.006794467568397522, 0.006756611634045839, 0.006747868377715349, 0.006713363341987133, 0.006668698042631149, 0.00664699450135231, 0.006610142067074776, 0.006648617796599865, 0.006617735605686903, 0.006585767026990652], "accs": [13.469999313354492, 17.399999618530273, 23.5, 28.709999084472656, 33.05999755859375, 35.98999786376953, 38.029998779296875, 40.02000045776367, 41.529998779296875, 43.16999816894531, 44.81999969482422, 45.57999801635742, 46.80999755859375, 47.57999801635742, 48.64999771118164, 49.369998931884766, 50.16999816894531, 51.15999984741211, 51.53999710083008, 51.90999984741211, 52.89999771118164, 53.77000045776367, 54.2599983215332, 54.78999710083008, 54.82999801635742, 55.27000045776367, 55.81999969482422, 56.41999816894531, 56.75, 56.94999694824219, 57.5099983215332, 58.1099967956543, 58.80999755859375, 58.6099967956543, 59.0099983215332, 59.44999694824219, 60.0099983215332, 60.209999084472656, 60.5099983215332, 60.72999954223633, 60.89999771118164, 61.07999801635742, 61.04999923706055, 61.5, 61.79999923706055, 61.69999694824219, 62.099998474121094, 62.209999084472656, 62.71999740600586, 62.90999984741211, 63.16999816894531, 63.37999725341797, 63.47999954223633, 63.64999771118164, 64.0999984741211, 63.89999771118164, 64.04000091552734, 64.4000015258789, 64.73999786376953, 64.69999694824219, 65.11000061035156, 65.18999481201172, 65.31999969482422, 65.47999572753906, 65.52999877929688, 65.56999969482422, 65.83000183105469, 65.69999694824219, 65.98999786376953, 66.15999603271484, 66.15999603271484, 66.23999786376953, 66.22000122070312, 66.44999694824219, 66.36000061035156, 66.47999572753906, 66.50999450683594, 67.06999969482422, 66.70999908447266, 66.75, 66.75, 66.98999786376953, 67.41999816894531, 67.50999450683594, 67.68000030517578, 67.48999786376953, 67.62999725341797, 67.8699951171875, 67.52999877929688, 67.63999938964844, 67.63999938964844, 67.87999725341797, 68.18999481201172, 68.16999816894531, 68.29999542236328, 68.41999816894531, 68.29999542236328, 68.58999633789062, 68.47000122070312, 68.50999450683594], "epochs": [0, 1, 2, 3, 4, 5, 6, 7, 8, 9, 10, 11, 12, 13, 14, 15, 16, 17, 18, 19, 20, 21, 22, 23, 24, 25, 26, 27, 28, 29, 30, 31, 32, 33, 34, 35, 36, 37, 38, 39, 40, 41, 42, 43, 44, 45, 46, 47, 48, 49, 50, 51, 52, 53, 54, 55, 56, 57, 58, 59, 60, 61, 62, 63, 64, 65, 66, 67, 68, 69, 70, 71, 72, 73, 74, 75, 76, 77, 78, 79, 80, 81, 82, 83, 84, 85, 86, 87, 88, 89, 90, 91, 92, 93, 94, 95, 96, 97, 98, 99]}