{"train_losses": [0.014665435068309307, 0.011536289937794209, 0.010056680999696255, 0.008979273028671741, 0.008344901725649834, 0.007601235061883926, 0.007078296970576048, 0.006707940716296434, 0.006398290861397982, 0.005935986991971731, 0.005675943568348885, 0.0053932243026793, 0.00518862484022975, 0.004971063230186701, 0.004839750472456217, 0.00467629125341773, 0.004552438389509916, 0.004776051267981529, 0.004315756727010012, 0.004261325113475323, 0.00405191769823432, 0.003923284355551004, 0.003882294287905097, 0.003789273090660572, 0.003699852619320154, 0.003911807667464018, 0.0035383342765271664, 0.003410434117540717, 0.003456277307122946, 0.0033426261506974697, 0.0032349133398383856, 0.003290653694421053, 0.00317338271997869, 0.003050396451726556, 0.0029362610075622797, 0.002917060162872076, 0.002895891899242997, 0.002856727223843336, 0.0027790837921202183, 0.0027942233718931675, 0.002668167930096388, 0.0026478776708245277, 0.002612778916954994, 0.004456107504665852, 0.0032057310454547405, 0.0026964512653648853, 0.002575739286839962, 0.002508247271180153, 0.0025271656922996044, 0.0025167546700686216, 0.0024203788489103317, 0.0023832900915294886, 0.002356269396841526, 0.002368805231526494, 0.0022456643637269735, 0.0022093395236879587, 0.0021720435470342636, 0.0021689552813768387, 0.002141775796189904, 0.0020673363469541073, 0.00205098744481802, 0.0020800908096134663, 0.00199747271835804, 0.002011938951909542, 0.001960928551852703, 0.002006553579121828, 0.0019531685393303633, 0.0019285465823486447, 0.0018961491296067834, 0.0018583439523354173, 0.0017968626925721765, 0.0017965321894735098, 0.0019064570078626275, 0.0017857311759144068, 0.0017369004199281335, 0.001718672108836472, 0.001751811127178371, 0.0017374110175296664, 0.0017104566795751452, 0.001689460827037692, 0.001625462551601231, 0.0016360859153792262, 0.0016696142265573144, 0.0015867192996665835, 0.0015444525051862001, 0.0015541950706392527, 0.0015758329536765814, 0.0015886498149484396, 0.0015708828577771783, 0.0015444799792021513, 0.001496767858043313, 0.0014806539984419942, 0.0015010104980319738, 0.0014388462295755744, 0.0014998173573985696, 0.0013807978248223662, 0.0013601720565930009, 0.0013516026083379984, 0.0013854448916390538, 0.0013914343435317278], "accs": [42.279998779296875, 55.18000030517578, 56.94999694824219, 60.28999710083008, 63.31999969482422, 63.78999710083008, 68.4000015258789, 51.30999755859375, 72.8499984741211, 73.43000030517578, 74.62999725341797, 77.16999816894531, 77.75, 77.40999603271484, 77.79000091552734, 75.61000061035156, 78.2699966430664, 79.04000091552734, 79.58999633789062, 80.38999938964844, 80.22000122070312, 80.91999816894531, 82.43000030517578, 80.86000061035156, 81.93000030517578, 80.38999938964844, 82.98999786376953, 82.54999542236328, 82.4000015258789, 82.45999908447266, 83.8499984741211, 81.79000091552734, 83.00999450683594, 83.4000015258789, 82.38999938964844, 83.3499984741211, 82.58999633789062, 83.56999969482422, 82.91999816894531, 81.66999816894531, 84.1500015258789, 84.44999694824219, 84.19999694824219, 80.55999755859375, 83.44999694824219, 84.18999481201172, 84.6199951171875, 84.16999816894531, 84.04999542236328, 84.69999694824219, 84.29000091552734, 83.65999603271484, 84.15999603271484, 84.4000015258789, 84.97999572753906, 84.05999755859375, 84.52999877929688, 84.70999908447266, 85.04000091552734, 85.1199951171875, 84.5, 84.8699951171875, 85.00999450683594, 84.80999755859375, 84.62999725341797, 84.97000122070312, 85.43000030517578, 85.04999542236328, 85.38999938964844, 85.04000091552734, 85.30999755859375, 84.91999816894531, 84.75, 85.32999420166016, 85.8499984741211, 85.62999725341797, 85.20999908447266, 84.90999603271484, 84.65999603271484, 84.98999786376953, 85.29000091552734, 85.32999420166016, 85.08999633789062, 85.57999420166016, 85.20999908447266, 85.33999633789062, 85.04000091552734, 84.20999908447266, 85.23999786376953, 84.8699951171875, 85.20999908447266, 85.86000061035156, 84.93999481201172, 85.0199966430664, 85.55999755859375, 84.55999755859375, 85.04000091552734, 85.94999694824219, 85.27999877929688, 85.81999969482422], "epochs": [0, 1, 2, 3, 4, 5, 6, 7, 8, 9, 10, 11, 12, 13, 14, 15, 16, 17, 18, 19, 20, 21, 22, 23, 24, 25, 26, 27, 28, 29, 30, 31, 32, 33, 34, 35, 36, 37, 38, 39, 40, 41, 42, 43, 44, 45, 46, 47, 48, 49, 50, 51, 52, 53, 54, 55, 56, 57, 58, 59, 60, 61, 62, 63, 64, 65, 66, 67, 68, 69, 70, 71, 72, 73, 74, 75, 76, 77, 78, 79, 80, 81, 82, 83, 84, 85, 86, 87, 88, 89, 90, 91, 92, 93, 94, 95, 96, 97, 98, 99]}