{"train_losses": [0.013705517165362835, 0.011446530930697918, 0.010477138683199883, 0.009454896673560143, 0.008638500235974789, 0.007930382154881954, 0.007394531276077032, 0.006889160722494125, 0.00655984366312623, 0.006171335931867361, 0.005854765884578228, 0.005635900888592005, 0.005368300247937441, 0.005157504230737686, 0.0049729133024811745, 0.004809665028005838, 0.004611131735146046, 0.004501993767917156, 0.004340578801929951, 0.004212949890643358, 0.0040860604494810104, 0.003989539109170437, 0.003838577540591359, 0.0037528688553720713, 0.003672948107123375, 0.003573756664991379, 0.0034686806611716747, 0.003366748569533229, 0.0032995836809277534, 0.0032160310074687004, 0.0031430437229573727, 0.0030764190014451742, 0.0030038286931812763, 0.002924275817349553, 0.0028444500640034676, 0.002765259239822626, 0.0027687796391546726, 0.0027128709480166435, 0.0026612537913024426, 0.0025313717778772116, 0.0025394479744136333, 0.002457196358591318, 0.0023951176553964615, 0.002362216357141733, 0.0022769460920244455, 0.00225664209574461, 0.002198566449806094, 0.002179123228415847, 0.0021207889076322317, 0.002055798191577196, 0.0020080413669347763, 0.001987217925488949, 0.0019689900800585747, 0.0018984883790835738, 0.0018413243815302849, 0.001815382158383727, 0.001764825196005404, 0.001760766375809908, 0.0017247777432203293, 0.0016982982633635402, 0.001682111294940114, 0.0016479138284921646, 0.001625056378543377, 0.0015984521014615893, 0.001506319735199213, 0.0015108826337382197, 0.001436134334653616, 0.0014288187958300114, 0.0014136399840936065, 0.001433740952052176, 0.0013892336282879114, 0.0013650978216901422, 0.0013407423393800855, 0.0012904431205242872, 0.001298715127632022, 0.0012283050455152988, 0.001247670385055244, 0.0012356146471574903, 0.0012256840709596872, 0.0011211116798222065, 0.0011425656266510487, 0.0011437530629336834, 0.0011369952699169517, 0.0010916809551417828, 0.0011048680171370506, 0.0010642861016094685, 0.0010933728190138936, 0.0010727340122684836, 0.0009868539636954665, 0.0009462094749324024, 0.0009891119552776217, 0.0009995631407946348, 0.000959209050051868, 0.0009327863808721304, 0.000934832263737917, 0.0008989647612906992, 0.0008961713756434619, 0.0008840261725708842, 0.0008809972205199301, 0.0008721529738977551], "accs": [46.16999816894531, 51.529998779296875, 56.32999801635742, 59.22999954223633, 62.279998779296875, 64.36000061035156, 68.33999633789062, 68.3699951171875, 72.05999755859375, 71.73999786376953, 74.1199951171875, 75.08000183105469, 74.4000015258789, 75.18999481201172, 75.94999694824219, 76.1199951171875, 77.13999938964844, 78.12999725341797, 77.27999877929688, 77.9000015258789, 79.31999969482422, 79.25, 79.58999633789062, 78.75999450683594, 79.16999816894531, 79.81999969482422, 80.1500015258789, 80.0999984741211, 79.62999725341797, 80.70999908447266, 79.91999816894531, 80.47999572753906, 81.40999603271484, 80.6199951171875, 81.25999450683594, 80.82999420166016, 79.61000061035156, 80.75, 81.61000061035156, 81.22999572753906, 81.5199966430664, 81.0999984741211, 80.0999984741211, 81.3499984741211, 81.73999786376953, 81.33999633789062, 81.7699966430664, 81.48999786376953, 82.27999877929688, 82.1199951171875, 81.5, 81.72999572753906, 82.15999603271484, 82.16999816894531, 81.98999786376953, 82.11000061035156, 82.0199966430664, 81.69999694824219, 81.68999481201172, 82.22000122070312, 81.77999877929688, 81.80999755859375, 82.25999450683594, 81.79999542236328, 82.29000091552734, 82.0199966430664, 82.08999633789062, 81.3699951171875, 82.22999572753906, 82.6500015258789, 81.55999755859375, 82.19999694824219, 81.79999542236328, 82.11000061035156, 82.07999420166016, 82.41999816894531, 82.18000030517578, 81.79999542236328, 82.37999725341797, 81.83999633789062, 82.1199951171875, 82.41999816894531, 82.6500015258789, 82.75999450683594, 82.25999450683594, 82.29000091552734, 82.54999542236328, 82.08999633789062, 82.50999450683594, 82.1199951171875, 82.52999877929688, 82.54000091552734, 82.93999481201172, 82.83999633789062, 81.97999572753906, 82.6199951171875, 82.20999908447266, 83.02999877929688, 82.30999755859375, 82.16999816894531], "epochs": [0, 1, 2, 3, 4, 5, 6, 7, 8, 9, 10, 11, 12, 13, 14, 15, 16, 17, 18, 19, 20, 21, 22, 23, 24, 25, 26, 27, 28, 29, 30, 31, 32, 33, 34, 35, 36, 37, 38, 39, 40, 41, 42, 43, 44, 45, 46, 47, 48, 49, 50, 51, 52, 53, 54, 55, 56, 57, 58, 59, 60, 61, 62, 63, 64, 65, 66, 67, 68, 69, 70, 71, 72, 73, 74, 75, 76, 77, 78, 79, 80, 81, 82, 83, 84, 85, 86, 87, 88, 89, 90, 91, 92, 93, 94, 95, 96, 97, 98, 99]}