{"train_losses": [0.014941275119781494, 0.011851157993078232, 0.010915165767073631, 0.010063635185360909, 0.008993322029709816, 0.008368726819753647, 0.0078517971560359, 0.007242836058139801, 0.006844676565378904, 0.006561978720128536, 0.006350361742079258, 0.006577581167221069, 0.010502242483198643, 0.0065394737757742405, 0.005913540720939636, 0.005750666838139296, 0.00538258021697402, 0.005323405843228102, 0.005186923313885927, 0.004891067277640104, 0.004751010797917843, 0.0047470382414758205, 0.0045188069343566895, 0.005310424603521824, 0.004497365094721317, 0.004196530673652887, 0.00408409908413887, 0.0046674576587975025, 0.004525552969425917, 0.003958257846534252, 0.0038397428579628468, 0.0038290410302579403, 0.0038037835620343685, 0.003981991205364466, 0.0035780121106654406, 0.003479078644886613, 0.0033873815555125475, 0.0033162999898195267, 0.003232782008126378, 0.0032293752301484346, 0.003147193929180503, 0.003074681619182229, 0.0030215412843972445, 0.0030119738075882196, 0.002969947410747409, 0.0029700796585530043, 0.002815533895045519, 0.0027744437102228403, 0.0027984913904219866, 0.0048643723130226135, 0.003277398180216551, 0.002815211657434702, 0.0026827757246792316, 0.0026768206153064966, 0.002599648665636778, 0.002488872269168496, 0.00254227127879858, 0.0024273742455989122, 0.0024233898147940636, 0.0025429080706089735, 0.002473370172083378, 0.0023882081732153893, 0.002498432295396924, 0.0024093855172395706, 0.002252646954730153, 0.0022909000981599092, 0.0022245002910494804, 0.00221113464795053, 0.0022225624416023493, 0.0021713802125304937, 0.0021114854607731104, 0.0020943565759807825, 0.0020610159263014793, 0.0019761777948588133, 0.001954542240127921, 0.0019458590541034937, 0.001951657934114337, 0.0019469367107376456, 0.001982677960768342, 0.0019459309987723827, 0.0019963555969297886, 0.001895282999612391, 0.0017816242761909962, 0.001800395781174302, 0.0017956874798983335, 0.0017535726074129343, 0.0017522809794172645, 0.0017745026852935553, 0.0017383112572133541, 0.0016718435799703002, 0.0016889306716620922, 0.0016302803996950388, 0.0016699188854545355, 0.0015869855415076017, 0.001627833815291524, 0.0016492997528985143, 0.001637239009141922, 0.0015769439050927758, 0.0015350726898759604, 0.001652783714234829], "accs": [42.63999938964844, 52.209999084472656, 54.94999694824219, 53.27000045776367, 57.34000015258789, 65.22999572753906, 68.41999816894531, 66.73999786376953, 71.25, 69.5199966430664, 74.5999984741211, 65.51000213623047, 65.0199966430664, 71.93000030517578, 74.00999450683594, 70.91999816894531, 75.16999816894531, 76.4000015258789, 75.9000015258789, 76.80999755859375, 70.4000015258789, 77.05999755859375, 78.38999938964844, 79.04000091552734, 80.69999694824219, 79.3699951171875, 81.0, 76.20999908447266, 79.33999633789062, 81.48999786376953, 82.0, 80.22000122070312, 80.81999969482422, 81.62999725341797, 82.54999542236328, 81.7699966430664, 80.75, 83.25999450683594, 81.72000122070312, 82.37999725341797, 83.04000091552734, 83.23999786376953, 83.18000030517578, 83.20999908447266, 83.95999908447266, 83.15999603271484, 83.62999725341797, 84.05999755859375, 84.04999542236328, 80.87999725341797, 83.7699966430664, 84.5199966430664, 84.13999938964844, 84.00999450683594, 84.04000091552734, 84.18999481201172, 84.3699951171875, 84.3499984741211, 83.91999816894531, 84.72999572753906, 84.32999420166016, 83.36000061035156, 84.06999969482422, 84.07999420166016, 84.75, 84.12999725341797, 83.4000015258789, 84.13999938964844, 83.70999908447266, 84.23999786376953, 84.65999603271484, 83.91999816894531, 84.07999420166016, 83.57999420166016, 84.6199951171875, 84.79000091552734, 84.02999877929688, 84.2699966430664, 84.50999450683594, 82.97000122070312, 84.2699966430664, 85.1199951171875, 85.36000061035156, 83.8699951171875, 84.94999694824219, 84.3499984741211, 84.07999420166016, 85.04000091552734, 84.47000122070312, 84.93999481201172, 84.18999481201172, 84.4000015258789, 84.75999450683594, 85.40999603271484, 85.15999603271484, 84.11000061035156, 84.47000122070312, 84.5, 84.77999877929688, 84.12999725341797], "epochs": [0, 1, 2, 3, 4, 5, 6, 7, 8, 9, 10, 11, 12, 13, 14, 15, 16, 17, 18, 19, 20, 21, 22, 23, 24, 25, 26, 27, 28, 29, 30, 31, 32, 33, 34, 35, 36, 37, 38, 39, 40, 41, 42, 43, 44, 45, 46, 47, 48, 49, 50, 51, 52, 53, 54, 55, 56, 57, 58, 59, 60, 61, 62, 63, 64, 65, 66, 67, 68, 69, 70, 71, 72, 73, 74, 75, 76, 77, 78, 79, 80, 81, 82, 83, 84, 85, 86, 87, 88, 89, 90, 91, 92, 93, 94, 95, 96, 97, 98, 99]}