{"train_losses": [0.018958494067192078, 0.018086155876517296, 0.017074160277843475, 0.01604492962360382, 0.015199866145849228, 0.014596369117498398, 0.014054943807423115, 0.013676782138645649, 0.013315215706825256, 0.0129497479647398, 0.012665954418480396, 0.01239429134875536, 0.012172484770417213, 0.011987399309873581, 0.011747367680072784, 0.011600809171795845, 0.011416337452828884, 0.011277828365564346, 0.011101292446255684, 0.010974287055432796, 0.01084995549172163, 0.010726304724812508, 0.010549034923315048, 0.010461748577654362, 0.010356368497014046, 0.010236913338303566, 0.010144345462322235, 0.01006509643048048, 0.009954440407454967, 0.009853887371718884, 0.009717105887830257, 0.009643648751080036, 0.00958059262484312, 0.009538569487631321, 0.009426998905837536, 0.009341106750071049, 0.009279775433242321, 0.009177773259580135, 0.00913143903017044, 0.00903332233428955, 0.008992458693683147, 0.008910749107599258, 0.008841672912240028, 0.00881891418248415, 0.008763068355619907, 0.008701709099113941, 0.008647743612527847, 0.008606725372374058, 0.008534954860806465, 0.008472618646919727, 0.008415618911385536, 0.008363046683371067, 0.008385319262742996, 0.008348804898560047, 0.008236771449446678, 0.008204475976526737, 0.00819708127528429, 0.008112805895507336, 0.008082385174930096, 0.008008834905922413, 0.00800683069974184, 0.007963699288666248, 0.007928012870252132, 0.007903480902314186, 0.007867692969739437, 0.007860686630010605, 0.007779394742101431, 0.007761173415929079, 0.007679857779294252, 0.007707958575338125, 0.007660368457436562, 0.007589265704154968, 0.00758936395868659, 0.007546912878751755, 0.00750427832826972, 0.007502830121666193, 0.00746171735227108, 0.007405070122331381, 0.007408189587295055, 0.0073496694676578045, 0.007367231417447329, 0.00733694015070796, 0.007262437604367733, 0.007261191960424185, 0.007245980203151703, 0.00721073430031538, 0.007202028762549162, 0.0071504260413348675, 0.007142461370676756, 0.007125709671527147, 0.007089581806212664, 0.007056762930005789, 0.007049694657325745, 0.007002607453614473, 0.006977356504648924, 0.006946380250155926, 0.006923701148480177, 0.006931225303560495, 0.006911357864737511, 0.006872595753520727], "accs": [13.5, 16.94999885559082, 22.68000030517578, 27.779998779296875, 31.869998931884766, 35.040000915527344, 37.2599983215332, 39.36000061035156, 40.71999740600586, 42.21999740600586, 43.68000030517578, 44.36000061035156, 45.459999084472656, 46.62999725341797, 47.93000030517578, 48.39999771118164, 49.25, 49.52000045776367, 50.63999938964844, 50.98999786376953, 51.63999938964844, 52.64999771118164, 53.22999954223633, 53.93000030517578, 53.94999694824219, 54.369998931884766, 54.57999801635742, 55.189998626708984, 55.91999816894531, 56.21999740600586, 56.44999694824219, 56.91999816894531, 57.63999938964844, 57.689998626708984, 57.93000030517578, 58.34000015258789, 58.71999740600586, 59.12999725341797, 59.23999786376953, 59.65999984741211, 59.769996643066406, 60.16999816894531, 60.279998779296875, 60.709999084472656, 60.90999984741211, 60.81999969482422, 61.5, 61.6099967956543, 61.8599967956543, 62.119998931884766, 62.1099967956543, 62.48999786376953, 62.43000030517578, 63.12999725341797, 62.90999984741211, 63.13999938964844, 63.2599983215332, 63.429996490478516, 63.769996643066406, 64.11000061035156, 64.12999725341797, 64.3699951171875, 64.27999877929688, 64.3499984741211, 64.8699951171875, 64.55999755859375, 64.81999969482422, 64.77999877929688, 65.02999877929688, 65.22999572753906, 65.40999603271484, 65.58000183105469, 65.54999542236328, 65.79999542236328, 65.97000122070312, 65.6500015258789, 66.1199951171875, 66.33999633789062, 65.8699951171875, 66.25, 66.40999603271484, 66.5, 66.6199951171875, 66.75999450683594, 66.83000183105469, 67.05999755859375, 67.04999542236328, 67.05999755859375, 67.22000122070312, 67.18000030517578, 66.97000122070312, 67.31999969482422, 67.29000091552734, 67.70999908447266, 67.8499984741211, 67.93000030517578, 67.93000030517578, 67.91999816894531, 67.75999450683594, 67.91999816894531], "epochs": [0, 1, 2, 3, 4, 5, 6, 7, 8, 9, 10, 11, 12, 13, 14, 15, 16, 17, 18, 19, 20, 21, 22, 23, 24, 25, 26, 27, 28, 29, 30, 31, 32, 33, 34, 35, 36, 37, 38, 39, 40, 41, 42, 43, 44, 45, 46, 47, 48, 49, 50, 51, 52, 53, 54, 55, 56, 57, 58, 59, 60, 61, 62, 63, 64, 65, 66, 67, 68, 69, 70, 71, 72, 73, 74, 75, 76, 77, 78, 79, 80, 81, 82, 83, 84, 85, 86, 87, 88, 89, 90, 91, 92, 93, 94, 95, 96, 97, 98, 99]}