{"train_losses": [0.01888822391629219, 0.016378575935959816, 0.014646090567111969, 0.013333133421838284, 0.012379652820527554, 0.011684156954288483, 0.011083601973950863, 0.010566839016973972, 0.010086041875183582, 0.009624730795621872, 0.009234704077243805, 0.008834068663418293, 0.008519760333001614, 0.008234302513301373, 0.007912954315543175, 0.007677736226469278, 0.007379703689366579, 0.007219100371003151, 0.0069697764702141285, 0.006777947768568993, 0.006607018411159515, 0.006457278970628977, 0.006243501324206591, 0.006154764909297228, 0.006011417601257563, 0.0058748736046254635, 0.005710095167160034, 0.0055761984549462795, 0.005474081262946129, 0.0053816186264157295, 0.005283690057694912, 0.005142137873917818, 0.005086601246148348, 0.004981315229088068, 0.004925617016851902, 0.004808660130947828, 0.004723719786852598, 0.00463111512362957, 0.004598610568791628, 0.004433378577232361, 0.004447417799383402, 0.004328219685703516, 0.004191618878394365, 0.0041717346757650375, 0.004137337673455477, 0.004049890208989382, 0.003982280381023884, 0.003924946766346693, 0.0038333418779075146, 0.0037849738728255033, 0.0036903705913573503, 0.0036347578279674053, 0.003583471989259124, 0.003563281148672104, 0.0034973027650266886, 0.003404831513762474, 0.0033702782820910215, 0.0033188608940690756, 0.003262359881773591, 0.0032484408002346754, 0.0031525669619441032, 0.0030879364348948, 0.003066927194595337, 0.0030136550776660442, 0.00291080167517066, 0.0029024858959019184, 0.0028268478345125914, 0.0028209874872118235, 0.002764443401247263, 0.0026947404257953167, 0.002638286678120494, 0.0026145302690565586, 0.0025927831884473562, 0.002550798933953047, 0.002516148379072547, 0.002452461514621973, 0.0024338490329682827, 0.0024176628794521093, 0.002370049012824893, 0.002347880508750677, 0.002267998643219471, 0.0022513200528919697, 0.002206980949267745, 0.0021933496464043856, 0.002139519667252898, 0.002116850344464183, 0.002076593693345785, 0.00207552220672369, 0.002039977116510272, 0.001972869271412492, 0.001927449251525104, 0.0019327281042933464, 0.001912920386530459, 0.0019204578129574656, 0.0018615290755406022, 0.0018339508678764105, 0.0017872434109449387, 0.0017338540637865663, 0.001748202950693667, 0.0017543149879202247], "accs": [21.399999618530273, 29.0, 37.68000030517578, 42.869998931884766, 46.59000015258789, 49.97999954223633, 52.68000030517578, 55.29999923706055, 57.1099967956543, 58.80999755859375, 59.06999969482422, 62.15999984741211, 63.6099967956543, 64.12999725341797, 64.98999786376953, 66.56999969482422, 67.37999725341797, 68.05999755859375, 68.72000122070312, 69.6199951171875, 69.27999877929688, 69.88999938964844, 70.54000091552734, 71.44999694824219, 71.56999969482422, 72.0999984741211, 72.30999755859375, 72.58000183105469, 72.75999450683594, 73.83999633789062, 72.66999816894531, 73.75999450683594, 74.18999481201172, 74.25, 74.80999755859375, 74.58999633789062, 74.5, 74.68000030517578, 75.0199966430664, 74.97999572753906, 75.18999481201172, 75.1199951171875, 75.1199951171875, 75.44999694824219, 75.20999908447266, 75.08000183105469, 75.44999694824219, 75.41999816894531, 75.77999877929688, 75.58999633789062, 75.58999633789062, 76.02999877929688, 75.30999755859375, 75.63999938964844, 75.29999542236328, 75.66999816894531, 75.79999542236328, 75.94999694824219, 75.93999481201172, 76.19999694824219, 75.8699951171875, 75.83999633789062, 75.47000122070312, 76.1199951171875, 75.97999572753906, 76.05999755859375, 76.05999755859375, 76.16999816894531, 75.5999984741211, 76.30999755859375, 76.20999908447266, 76.08999633789062, 76.05999755859375, 75.47999572753906, 76.30999755859375, 75.88999938964844, 75.93999481201172, 75.66999816894531, 75.68000030517578, 75.93999481201172, 75.91999816894531, 76.20999908447266, 76.41999816894531, 76.52999877929688, 76.11000061035156, 75.79999542236328, 76.33999633789062, 75.65999603271484, 76.75999450683594, 76.33000183105469, 76.29999542236328, 76.22999572753906, 76.16999816894531, 76.1199951171875, 76.16999816894531, 76.62999725341797, 76.47999572753906, 76.00999450683594, 76.04000091552734, 76.37999725341797], "epochs": [0, 1, 2, 3, 4, 5, 6, 7, 8, 9, 10, 11, 12, 13, 14, 15, 16, 17, 18, 19, 20, 21, 22, 23, 24, 25, 26, 27, 28, 29, 30, 31, 32, 33, 34, 35, 36, 37, 38, 39, 40, 41, 42, 43, 44, 45, 46, 47, 48, 49, 50, 51, 52, 53, 54, 55, 56, 57, 58, 59, 60, 61, 62, 63, 64, 65, 66, 67, 68, 69, 70, 71, 72, 73, 74, 75, 76, 77, 78, 79, 80, 81, 82, 83, 84, 85, 86, 87, 88, 89, 90, 91, 92, 93, 94, 95, 96, 97, 98, 99]}