{"train_losses": [0.013706522062420845, 0.011034652590751648, 0.010484838858246803, 0.009502188302576542, 0.008461995981633663, 0.007765754591673613, 0.007162545807659626, 0.0066171251237392426, 0.0061179641634225845, 0.0058944146148860455, 0.005514718592166901, 0.005207532085478306, 0.004995792172849178, 0.004783983808010817, 0.004619386978447437, 0.004459399729967117, 0.004394014365971088, 0.0041959467343986034, 0.004007257521152496, 0.0038938408251851797, 0.0037849668879061937, 0.0036421893164515495, 0.0036296630278229713, 0.0034743202850222588, 0.003367380006238818, 0.003299610922113061, 0.0031998956110328436, 0.0030780949164181948, 0.002998684300109744, 0.002954640192911029, 0.0028853563126176596, 0.002777306130155921, 0.002750147134065628, 0.0026494557969272137, 0.00263721845112741, 0.0033408498857170343, 0.0031257933005690575, 0.0024682318326085806, 0.0024172193370759487, 0.0024555542040616274, 0.0023495990317314863, 0.0023489086888730526, 0.0022326051257550716, 0.002221488393843174, 0.0021901109721511602, 0.00213626422919333, 0.00209617568179965, 0.002075598342344165, 0.0020017530769109726, 0.0019524461822584271, 0.0019586405251175165, 0.0019189377781003714, 0.0024526941124349833, 0.0030093591194599867, 0.0019427663646638393, 0.0017746848752722144, 0.0017429322469979525, 0.0017475327476859093, 0.001690832432359457, 0.0017149702180176973, 0.0017014630138874054, 0.0016606530407443643, 0.001656256034038961, 0.0016142278909683228, 0.0016033329302445054, 0.0015868527116253972, 0.0015647131949663162, 0.001537507283501327, 0.001507779466919601, 0.0015195071464404464, 0.0014927303418517113, 0.001504872227087617, 0.0029532979242503643, 0.0016238619573414326, 0.0014313030987977982, 0.001368185505270958, 0.0014901034301146865, 0.0013330596266314387, 0.0013426601653918624, 0.001313425600528717, 0.0013157154899090528, 0.0012722256360575557, 0.0013059029588475823, 0.0012800381518900394, 0.0012288130819797516, 0.0012347756419330835, 0.0019006215734407306, 0.0016639416571706533, 0.0012228530831634998, 0.001158225699327886, 0.0011602719314396381, 0.00118226686026901, 0.001167228096164763, 0.0011411249870434403, 0.0011324852239340544, 0.0011316551826894283, 0.0010887545067816973, 0.0010682501597329974, 0.0010725277243182063, 0.001070105005055666], "accs": [45.459999084472656, 55.31999969482422, 56.03999710083008, 60.599998474121094, 62.56999969482422, 65.18999481201172, 69.54999542236328, 69.47999572753906, 74.91999816894531, 73.5, 74.90999603271484, 74.33000183105469, 77.68999481201172, 77.50999450683594, 78.22999572753906, 79.29000091552734, 79.31999969482422, 77.0, 79.47999572753906, 79.81999969482422, 80.20999908447266, 81.0199966430664, 81.11000061035156, 81.66999816894531, 82.40999603271484, 81.95999908447266, 81.5, 82.2699966430664, 82.18000030517578, 83.0, 83.5999984741211, 83.54000091552734, 83.54999542236328, 83.05999755859375, 83.66999816894531, 71.65999603271484, 83.43000030517578, 84.75999450683594, 84.08999633789062, 83.66999816894531, 83.68000030517578, 83.5199966430664, 84.0, 83.93999481201172, 84.0199966430664, 84.2699966430664, 84.38999938964844, 84.16999816894531, 84.47000122070312, 83.93999481201172, 85.22000122070312, 81.11000061035156, 82.69999694824219, 84.68999481201172, 84.94999694824219, 84.77999877929688, 84.94999694824219, 85.07999420166016, 84.72999572753906, 84.7699966430664, 84.72000122070312, 85.13999938964844, 84.58999633789062, 84.9000015258789, 84.54999542236328, 85.15999603271484, 83.93000030517578, 84.44999694824219, 85.37999725341797, 84.22000122070312, 85.20999908447266, 85.13999938964844, 83.75999450683594, 84.82999420166016, 84.97999572753906, 85.0999984741211, 85.4000015258789, 85.0, 85.33999633789062, 84.83999633789062, 84.38999938964844, 84.98999786376953, 84.61000061035156, 85.25999450683594, 84.72000122070312, 85.23999786376953, 82.0, 84.97999572753906, 85.50999450683594, 84.98999786376953, 85.13999938964844, 84.75999450683594, 85.06999969482422, 85.15999603271484, 85.58999633789062, 85.05999755859375, 85.18999481201172, 85.3699951171875, 85.3499984741211, 85.25], "epochs": [0, 1, 2, 3, 4, 5, 6, 7, 8, 9, 10, 11, 12, 13, 14, 15, 16, 17, 18, 19, 20, 21, 22, 23, 24, 25, 26, 27, 28, 29, 30, 31, 32, 33, 34, 35, 36, 37, 38, 39, 40, 41, 42, 43, 44, 45, 46, 47, 48, 49, 50, 51, 52, 53, 54, 55, 56, 57, 58, 59, 60, 61, 62, 63, 64, 65, 66, 67, 68, 69, 70, 71, 72, 73, 74, 75, 76, 77, 78, 79, 80, 81, 82, 83, 84, 85, 86, 87, 88, 89, 90, 91, 92, 93, 94, 95, 96, 97, 98, 99]}