{"train_losses": [0.016659004613757133, 0.01449207216501236, 0.013431403785943985, 0.012467190623283386, 0.011713510379195213, 0.011103794910013676, 0.010604124516248703, 0.010161551646888256, 0.009780235588550568, 0.009360920637845993, 0.008969373069703579, 0.00863631535321474, 0.00832248106598854, 0.007990572601556778, 0.007712922058999538, 0.007477989420294762, 0.007233531214296818, 0.007055449765175581, 0.006852216552942991, 0.006640424486249685, 0.0065191746689379215, 0.006376887671649456, 0.006205849349498749, 0.006051717326045036, 0.005934972781687975, 0.00583960535004735, 0.0056923250667750835, 0.005577889271080494, 0.005480734631419182, 0.005367295350879431, 0.005272526293992996, 0.005149494390934706, 0.00507260300219059, 0.004945429973304272, 0.004918436054140329, 0.004818666726350784, 0.004758676514029503, 0.004692988470196724, 0.004554667975753546, 0.0044720359146595, 0.004431497771292925, 0.004344718065112829, 0.004224229138344526, 0.004235986154526472, 0.004121527541428804, 0.004048494156450033, 0.004007276613265276, 0.003918093163520098, 0.0038688036147505045, 0.0038551222532987595, 0.0037319124676287174, 0.003676193067803979, 0.0036601764149963856, 0.0035665156319737434, 0.003490832634270191, 0.0034590058494359255, 0.003400560235604644, 0.0033269361592829227, 0.003282201709225774, 0.003290550084784627, 0.003181022359058261, 0.00310994079336524, 0.003116413252428174, 0.0030678731855005026, 0.0030315578915178776, 0.0029716198332607746, 0.0029417043551802635, 0.0028801853768527508, 0.0027852372732013464, 0.002774633700028062, 0.002757660811766982, 0.002670509507879615, 0.002656609518453479, 0.0025923587381839752, 0.002576228464022279, 0.0025059166364371777, 0.0025058076716959476, 0.0023593297228217125, 0.002435265341773629, 0.002365821972489357, 0.002360939746722579, 0.002280260669067502, 0.002278658328577876, 0.0022410417441278696, 0.0021763001568615437, 0.002158815972507, 0.0021383874118328094, 0.0021360227838158607, 0.0020553290378302336, 0.0020487369038164616, 0.002024491783231497, 0.002012247685343027, 0.0019488766556605697, 0.0019368125358596444, 0.0018812456401064992, 0.001870220759883523, 0.001838100841268897, 0.0018385618459433317, 0.001816252712160349, 0.0017598383128643036], "accs": [31.170000076293945, 36.959999084472656, 43.029998779296875, 46.71999740600586, 50.279998779296875, 52.029998779296875, 54.16999816894531, 56.32999801635742, 57.27000045776367, 60.119998931884766, 61.119998931884766, 62.31999969482422, 63.28999710083008, 65.37999725341797, 65.80999755859375, 67.0199966430664, 68.22000122070312, 68.52999877929688, 69.55999755859375, 70.0199966430664, 70.79000091552734, 70.94999694824219, 71.25, 71.31999969482422, 72.08000183105469, 72.04000091552734, 72.3699951171875, 72.81999969482422, 72.90999603271484, 73.38999938964844, 73.54999542236328, 73.41999816894531, 73.98999786376953, 74.44999694824219, 74.55999755859375, 74.7699966430664, 74.48999786376953, 74.97999572753906, 74.63999938964844, 75.13999938964844, 74.66999816894531, 75.08999633789062, 75.06999969482422, 75.36000061035156, 75.16999816894531, 76.0999984741211, 75.62999725341797, 75.52999877929688, 75.5, 75.94999694824219, 75.68000030517578, 75.22000122070312, 76.11000061035156, 75.81999969482422, 76.08999633789062, 75.7699966430664, 76.25999450683594, 76.18000030517578, 76.06999969482422, 76.62999725341797, 76.06999969482422, 76.3699951171875, 76.43000030517578, 76.11000061035156, 76.29000091552734, 76.22000122070312, 76.29999542236328, 77.13999938964844, 76.63999938964844, 76.44999694824219, 76.33999633789062, 76.47999572753906, 76.5199966430664, 76.65999603271484, 76.18999481201172, 76.70999908447266, 76.29999542236328, 76.41999816894531, 76.45999908447266, 76.22000122070312, 76.19999694824219, 76.36000061035156, 76.43000030517578, 76.38999938964844, 76.73999786376953, 76.9000015258789, 76.79999542236328, 76.55999755859375, 76.48999786376953, 76.56999969482422, 76.44999694824219, 76.79999542236328, 76.27999877929688, 76.45999908447266, 76.66999816894531, 76.61000061035156, 76.5, 76.47999572753906, 76.68999481201172, 76.97000122070312], "epochs": [0, 1, 2, 3, 4, 5, 6, 7, 8, 9, 10, 11, 12, 13, 14, 15, 16, 17, 18, 19, 20, 21, 22, 23, 24, 25, 26, 27, 28, 29, 30, 31, 32, 33, 34, 35, 36, 37, 38, 39, 40, 41, 42, 43, 44, 45, 46, 47, 48, 49, 50, 51, 52, 53, 54, 55, 56, 57, 58, 59, 60, 61, 62, 63, 64, 65, 66, 67, 68, 69, 70, 71, 72, 73, 74, 75, 76, 77, 78, 79, 80, 81, 82, 83, 84, 85, 86, 87, 88, 89, 90, 91, 92, 93, 94, 95, 96, 97, 98, 99]}