{"train_losses": [0.014938979409635067, 0.011351143941283226, 0.010218980722129345, 0.009324007667601109, 0.00845899898558855, 0.007702643983066082, 0.00721718929708004, 0.006815723143517971, 0.006511961575597525, 0.006216731853783131, 0.006234094500541687, 0.0056945462711155415, 0.0053575546480715275, 0.005242321640253067, 0.005230860318988562, 0.004869311582297087, 0.004706400912255049, 0.005646849982440472, 0.004540229216217995, 0.004342709202319384, 0.004242821130901575, 0.004208323545753956, 0.004098039586097002, 0.003943677060306072, 0.003843696555122733, 0.003768153488636017, 0.0037109169643372297, 0.003629193874076009, 0.0036276073660701513, 0.004419094417244196, 0.0035780370235443115, 0.0033646365627646446, 0.00339072709903121, 0.003277172800153494, 0.003924893215298653, 0.003318948205560446, 0.003160517429932952, 0.003071795217692852, 0.0031797057017683983, 0.0033759595826268196, 0.002935654018074274, 0.002892064396291971, 0.002900949213653803, 0.0028646374121308327, 0.0034999113995581865, 0.004548804368823767, 0.0030980119481682777, 0.002813085913658142, 0.0027314480394124985, 0.0027797920629382133, 0.002681463025510311, 0.0026245974004268646, 0.002642683917656541, 0.002540589077398181, 0.00248396466486156, 0.0024776277132332325, 0.0024559779558330774, 0.002451175358146429, 0.002722200471907854, 0.003440102795138955, 0.002379330573603511, 0.0023212898522615433, 0.0023315486032515764, 0.0022613734472543, 0.002262823050841689, 0.002203216077759862, 0.0022527531255036592, 0.00217820075340569, 0.002638814738020301, 0.0022097527980804443, 0.002071613213047385, 0.0020566906314343214, 0.002029085299000144, 0.0021461776923388243, 0.002114506671205163, 0.002020220272243023, 0.0019793612882494926, 0.0019307241309434175, 0.0020329502876847982, 0.0019260694971308112, 0.0019378314027562737, 0.0019079954363405704, 0.0018469338538125157, 0.0020771471317857504, 0.0020989004988223314, 0.0017528707394376397, 0.001741795102134347, 0.0017430521547794342, 0.0017617096891626716, 0.001723826047964394, 0.0017265861388295889, 0.0016515387687832117, 0.001715472200885415, 0.0016491045244038105, 0.0016594051849097013, 0.0023297234438359737, 0.0017307681264355779, 0.0016708738403394818, 0.0016279343981295824, 0.0015888334019109607], "accs": [39.7599983215332, 51.72999954223633, 57.1099967956543, 60.439998626708984, 62.82999801635742, 66.5199966430664, 68.31999969482422, 69.18999481201172, 72.3699951171875, 73.54999542236328, 71.47000122070312, 75.38999938964844, 76.0999984741211, 76.33999633789062, 77.72999572753906, 77.18000030517578, 78.2699966430664, 78.73999786376953, 80.22999572753906, 80.4000015258789, 80.12999725341797, 79.97999572753906, 79.3499984741211, 79.50999450683594, 81.30999755859375, 80.1199951171875, 80.31999969482422, 80.25, 80.7699966430664, 81.04999542236328, 82.75999450683594, 81.13999938964844, 81.93000030517578, 81.22000122070312, 81.48999786376953, 82.15999603271484, 82.37999725341797, 83.02999877929688, 80.6500015258789, 83.61000061035156, 83.68999481201172, 82.94999694824219, 83.45999908447266, 83.33999633789062, 51.54999923706055, 82.20999908447266, 83.3499984741211, 83.54000091552734, 83.0999984741211, 83.5, 83.47999572753906, 84.04000091552734, 84.04999542236328, 83.66999816894531, 83.45999908447266, 83.7699966430664, 83.47000122070312, 83.16999816894531, 72.86000061035156, 83.2699966430664, 83.82999420166016, 84.0999984741211, 84.08999633789062, 83.97000122070312, 84.31999969482422, 84.20999908447266, 84.25999450683594, 83.90999603271484, 83.81999969482422, 83.5199966430664, 84.5999984741211, 84.6199951171875, 83.79000091552734, 83.72000122070312, 83.8699951171875, 84.68999481201172, 84.75, 84.23999786376953, 83.69999694824219, 84.62999725341797, 84.25999450683594, 84.6199951171875, 84.5999984741211, 84.68999481201172, 84.5, 85.06999969482422, 84.97999572753906, 84.40999603271484, 84.80999755859375, 83.95999908447266, 84.29999542236328, 84.93999481201172, 84.57999420166016, 84.25999450683594, 85.07999420166016, 84.43000030517578, 85.2699966430664, 85.33999633789062, 85.2699966430664, 84.56999969482422], "epochs": [0, 1, 2, 3, 4, 5, 6, 7, 8, 9, 10, 11, 12, 13, 14, 15, 16, 17, 18, 19, 20, 21, 22, 23, 24, 25, 26, 27, 28, 29, 30, 31, 32, 33, 34, 35, 36, 37, 38, 39, 40, 41, 42, 43, 44, 45, 46, 47, 48, 49, 50, 51, 52, 53, 54, 55, 56, 57, 58, 59, 60, 61, 62, 63, 64, 65, 66, 67, 68, 69, 70, 71, 72, 73, 74, 75, 76, 77, 78, 79, 80, 81, 82, 83, 84, 85, 86, 87, 88, 89, 90, 91, 92, 93, 94, 95, 96, 97, 98, 99]}