{"train_losses": [0.019788892939686775, 0.019223734736442566, 0.01817954145371914, 0.01685011014342308, 0.01581687293946743, 0.015047600492835045, 0.014473672956228256, 0.013971591368317604, 0.013539104722440243, 0.013173679821193218, 0.012837989255785942, 0.012567128986120224, 0.012277917936444283, 0.012061633169651031, 0.011810355819761753, 0.011647054925560951, 0.011438210494816303, 0.011337217874825, 0.011231252923607826, 0.01103292964398861, 0.010897708125412464, 0.010749232023954391, 0.010656611062586308, 0.010505247861146927, 0.010353482328355312, 0.01028027106076479, 0.0101460637524724, 0.010067421942949295, 0.009937128983438015, 0.009820474311709404, 0.009717672131955624, 0.009642011485993862, 0.009520972147583961, 0.00944668147712946, 0.009354752488434315, 0.00926913321018219, 0.009191992692649364, 0.00911063514649868, 0.009027162566781044, 0.008969081565737724, 0.008881393820047379, 0.008810553699731827, 0.008758144453167915, 0.008693466894328594, 0.008605489507317543, 0.008532031439244747, 0.00849114265292883, 0.008404740132391453, 0.008354750461876392, 0.008284219540655613, 0.008251816965639591, 0.008237523958086967, 0.00815646443516016, 0.008100687526166439, 0.008038529194891453, 0.008002911694347858, 0.007970573380589485, 0.007899699732661247, 0.00788828358054161, 0.007826064713299274, 0.007773605175316334, 0.0077508664689958096, 0.0076947445049881935, 0.007637757807970047, 0.007632824592292309, 0.007567953784018755, 0.0075174542143940926, 0.007494715973734856, 0.00748350890353322, 0.007429052144289017, 0.0073410263285040855, 0.00736001692712307, 0.00735097099095583, 0.0072807869873940945, 0.007249725982546806, 0.007196427322924137, 0.00715907197445631, 0.007124957162886858, 0.007123962976038456, 0.007125011645257473, 0.007052079774439335, 0.0070241098292171955, 0.0070308418944478035, 0.006970727816224098, 0.006935094483196735, 0.0069314646534621716, 0.006913424469530582, 0.0068770525977015495, 0.0068450490944087505, 0.006812703795731068, 0.006772995926439762, 0.006793160457164049, 0.006774390581995249, 0.0067171743139624596, 0.0067322649993002415, 0.006663172505795956, 0.006656205281615257, 0.006640346720814705, 0.006628114264458418, 0.006551746744662523], "accs": [10.139999389648438, 12.179999351501465, 17.94999885559082, 24.939998626708984, 30.049999237060547, 33.459999084472656, 36.540000915527344, 38.59000015258789, 40.34000015258789, 42.34000015258789, 43.47999954223633, 45.18000030517578, 46.05999755859375, 47.279998779296875, 48.16999816894531, 48.56999969482422, 49.63999938964844, 50.34000015258789, 51.40999984741211, 51.529998779296875, 51.96999740600586, 52.44999694824219, 52.94999694824219, 53.73999786376953, 53.7599983215332, 54.32999801635742, 54.84000015258789, 55.31999969482422, 55.779998779296875, 56.30999755859375, 56.689998626708984, 57.099998474121094, 57.81999969482422, 58.029998779296875, 58.38999938964844, 58.63999938964844, 58.7599983215332, 59.31999969482422, 59.63999938964844, 59.8599967956543, 60.40999984741211, 60.459999084472656, 60.63999938964844, 61.19999694824219, 61.14999771118164, 61.53999710083008, 62.05999755859375, 62.21999740600586, 62.34000015258789, 62.779998779296875, 62.73999786376953, 62.97999954223633, 63.019996643066406, 63.44999694824219, 63.66999816894531, 63.39999771118164, 63.7599983215332, 64.5, 64.18000030517578, 64.58999633789062, 64.5, 64.79000091552734, 64.94999694824219, 65.0999984741211, 65.33999633789062, 65.6500015258789, 65.47000122070312, 65.88999938964844, 65.98999786376953, 66.47000122070312, 66.41999816894531, 66.43999481201172, 66.81999969482422, 66.77999877929688, 66.5999984741211, 66.5, 66.8699951171875, 66.98999786376953, 66.97999572753906, 67.05999755859375, 67.11000061035156, 67.52999877929688, 67.54000091552734, 67.56999969482422, 67.65999603271484, 67.70999908447266, 67.87999725341797, 67.58000183105469, 67.65999603271484, 67.5199966430664, 68.00999450683594, 67.8699951171875, 68.18999481201172, 68.1199951171875, 68.04999542236328, 68.06999969482422, 68.4000015258789, 68.47999572753906, 68.69999694824219, 68.30999755859375], "epochs": [0, 1, 2, 3, 4, 5, 6, 7, 8, 9, 10, 11, 12, 13, 14, 15, 16, 17, 18, 19, 20, 21, 22, 23, 24, 25, 26, 27, 28, 29, 30, 31, 32, 33, 34, 35, 36, 37, 38, 39, 40, 41, 42, 43, 44, 45, 46, 47, 48, 49, 50, 51, 52, 53, 54, 55, 56, 57, 58, 59, 60, 61, 62, 63, 64, 65, 66, 67, 68, 69, 70, 71, 72, 73, 74, 75, 76, 77, 78, 79, 80, 81, 82, 83, 84, 85, 86, 87, 88, 89, 90, 91, 92, 93, 94, 95, 96, 97, 98, 99]}