{"train_losses": [0.01370247919112444, 0.010973133146762848, 0.010552472434937954, 0.009195287711918354, 0.008391712792217731, 0.007601586636155844, 0.007003048434853554, 0.006475449539721012, 0.006091563496738672, 0.0057538715191185474, 0.005419378634542227, 0.005194757133722305, 0.004963330924510956, 0.004785697907209396, 0.004626867361366749, 0.004462273325771093, 0.0042753564193844795, 0.0041215564124286175, 0.003999988082796335, 0.0038707207422703505, 0.003801237093284726, 0.0036333606112748384, 0.0035446565598249435, 0.003439272753894329, 0.003358421614393592, 0.003293059067800641, 0.003144862363114953, 0.0030661311466246843, 0.0030143798794597387, 0.002933255862444639, 0.0028718984685838223, 0.0028195930644869804, 0.0027144658379256725, 0.0027611558325588703, 0.00272065750323236, 0.0025083357468247414, 0.0029824920929968357, 0.002510887337848544, 0.0028227525763213634, 0.002378636971116066, 0.0023025390692055225, 0.002269292948767543, 0.002274883445352316, 0.0022361360024660826, 0.002192149171605706, 0.002169738756492734, 0.002116248244419694, 0.0020898422226309776, 0.0020479855593293905, 0.002019845647737384, 0.00196447572670877, 0.0020675738342106342, 0.0026707774959504604, 0.0020237062126398087, 0.0018182808998972178, 0.0017843081150203943, 0.0017926800064742565, 0.0017664197366684675, 0.0017368433764204383, 0.001722856075502932, 0.001732189324684441, 0.0016810264205560088, 0.0018696822226047516, 0.002038356615230441, 0.0015849897172302008, 0.001531747286207974, 0.0015363837592303753, 0.0015417819377034903, 0.0014866073615849018, 0.001495074830017984, 0.0014518288662657142, 0.0014817420160397887, 0.0014885859563946724, 0.0014089792966842651, 0.0017179716378450394, 0.0018981513567268848, 0.0013518731575459242, 0.0013674166984856129, 0.0014011962339282036, 0.001310613239184022, 0.0012859286507591605, 0.0013803800102323294, 0.0014050296740606427, 0.0012293705949559808, 0.0012188168475404382, 0.0012691080337390304, 0.001200788072310388, 0.0011960371630266309, 0.0011544430162757635, 0.0012079766020178795, 0.0011126395547762513, 0.001160678919404745, 0.0011364821111783385, 0.0013198270462453365, 0.0014425551053136587, 0.0010808344231918454, 0.001037023263052106, 0.0010318728163838387, 0.0010553706670179963, 0.0010779775911942124], "accs": [47.029998779296875, 57.59000015258789, 56.099998474121094, 57.5099983215332, 62.91999816894531, 68.48999786376953, 70.77999877929688, 66.33999633789062, 73.15999603271484, 72.62999725341797, 74.23999786376953, 77.40999603271484, 76.58999633789062, 77.91999816894531, 76.6500015258789, 78.68000030517578, 79.8699951171875, 79.58999633789062, 79.68999481201172, 78.91999816894531, 81.36000061035156, 81.68999481201172, 81.4000015258789, 81.83999633789062, 81.8699951171875, 80.69999694824219, 81.6199951171875, 82.79000091552734, 82.22999572753906, 83.00999450683594, 82.57999420166016, 83.0199966430664, 82.33999633789062, 82.91999816894531, 84.1199951171875, 83.45999908447266, 83.0199966430664, 83.57999420166016, 83.7699966430664, 84.3699951171875, 84.83999633789062, 84.07999420166016, 83.66999816894531, 84.18000030517578, 84.31999969482422, 84.3499984741211, 84.70999908447266, 84.02999877929688, 84.58999633789062, 83.65999603271484, 84.18000030517578, 83.57999420166016, 84.05999755859375, 84.47999572753906, 84.86000061035156, 85.20999908447266, 85.0999984741211, 85.1500015258789, 85.0199966430664, 85.13999938964844, 84.18000030517578, 83.97000122070312, 82.04000091552734, 84.55999755859375, 84.79000091552734, 84.63999938964844, 84.86000061035156, 84.8499984741211, 84.80999755859375, 85.23999786376953, 84.69999694824219, 84.87999725341797, 84.95999908447266, 85.0199966430664, 82.37999725341797, 85.5999984741211, 84.87999725341797, 84.9000015258789, 85.0999984741211, 84.72000122070312, 85.1500015258789, 83.29999542236328, 85.18999481201172, 84.47000122070312, 84.36000061035156, 84.82999420166016, 84.32999420166016, 84.47000122070312, 84.83999633789062, 85.02999877929688, 84.93999481201172, 84.82999420166016, 84.83999633789062, 79.1199951171875, 85.16999816894531, 85.32999420166016, 85.5199966430664, 85.13999938964844, 84.72999572753906, 84.54999542236328], "epochs": [0, 1, 2, 3, 4, 5, 6, 7, 8, 9, 10, 11, 12, 13, 14, 15, 16, 17, 18, 19, 20, 21, 22, 23, 24, 25, 26, 27, 28, 29, 30, 31, 32, 33, 34, 35, 36, 37, 38, 39, 40, 41, 42, 43, 44, 45, 46, 47, 48, 49, 50, 51, 52, 53, 54, 55, 56, 57, 58, 59, 60, 61, 62, 63, 64, 65, 66, 67, 68, 69, 70, 71, 72, 73, 74, 75, 76, 77, 78, 79, 80, 81, 82, 83, 84, 85, 86, 87, 88, 89, 90, 91, 92, 93, 94, 95, 96, 97, 98, 99]}