{"train_losses": [0.012059397995471954, 0.009203072637319565, 0.008622255176305771, 0.0077422503381967545, 0.007028177846223116, 0.006394503638148308, 0.006032244767993689, 0.005602919030934572, 0.005300850607454777, 0.00502553628757596, 0.004815617110580206, 0.004606242291629314, 0.00444904575124383, 0.004259196110069752, 0.004085114225745201, 0.003941585309803486, 0.0038377665914595127, 0.0036727050319314003, 0.003564410610124469, 0.003487126436084509, 0.0034108448307961226, 0.0032923307735472918, 0.0032128305174410343, 0.0031074334401637316, 0.0030067660845816135, 0.0029431884177029133, 0.002929312875494361, 0.0028438069857656956, 0.002840006723999977, 0.0026818199548870325, 0.0026078626979142427, 0.0025335911195725203, 0.0025028891395777464, 0.0024367773439735174, 0.0024459355045109987, 0.002506244694814086, 0.002330620540305972, 0.00226190616376698, 0.0021942383609712124, 0.0021949096117168665, 0.0021188869141042233, 0.0021036886610090733, 0.0031002224422991276, 0.0023731947876513004, 0.00206251023337245, 0.002008325420320034, 0.001948672579601407, 0.0019764448516070843, 0.001905411365441978, 0.001896549598313868, 0.0018723931862041354, 0.0018375895451754332, 0.0017956977244466543, 0.0017837040359154344, 0.0017558879917487502, 0.0016951890429481864, 0.0017116563394665718, 0.0017604086315259337, 0.0016542269149795175, 0.001616614288650453, 0.001558070071041584, 0.001564252539537847, 0.0015450757928192616, 0.001517775235697627, 0.0015069504734128714, 0.0014807821717113256, 0.002014529425650835, 0.0016720970161259174, 0.002489097649231553, 0.001482421881519258, 0.001379738561809063, 0.0013338943244889379, 0.0013615773059427738, 0.0013350116787478328, 0.0013746584299951792, 0.0013286947505548596, 0.0013137233909219503, 0.001276317983865738, 0.001269473577849567, 0.0013072772417217493, 0.0012016785331070423, 0.0012406405294314027, 0.0012246783589944243, 0.0012087647337466478, 0.00118873524479568, 0.0011842239182442427, 0.0011595817049965262, 0.001180342398583889, 0.0011372050503268838, 0.0010961845982819796, 0.0011182803427800536, 0.0012508996296674013, 0.0011158834677189589, 0.0019994108006358147, 0.0015057987766340375, 0.0010723306331783533, 0.0010340986773371696, 0.001330409082584083, 0.0018343647243455052, 0.0017768634716048837], "accs": [54.5, 63.39999771118164, 60.56999969482422, 63.2599983215332, 69.02999877929688, 72.69999694824219, 75.22000122070312, 75.70999908447266, 77.98999786376953, 77.08999633789062, 76.6500015258789, 77.77999877929688, 78.15999603271484, 77.5999984741211, 79.27999877929688, 79.88999938964844, 80.52999877929688, 80.1500015258789, 81.61000061035156, 81.40999603271484, 81.77999877929688, 81.98999786376953, 82.25999450683594, 82.61000061035156, 82.23999786376953, 83.56999969482422, 83.0199966430664, 82.72999572753906, 83.1500015258789, 83.75999450683594, 83.93999481201172, 82.44999694824219, 83.95999908447266, 84.04999542236328, 83.30999755859375, 83.13999938964844, 84.30999755859375, 83.97999572753906, 83.97000122070312, 83.81999969482422, 84.45999908447266, 84.06999969482422, 83.40999603271484, 83.55999755859375, 84.20999908447266, 84.20999908447266, 84.43000030517578, 84.66999816894531, 84.36000061035156, 84.94999694824219, 84.11000061035156, 84.94999694824219, 84.65999603271484, 84.45999908447266, 84.79999542236328, 84.75, 84.08999633789062, 84.13999938964844, 85.0199966430664, 84.62999725341797, 84.98999786376953, 84.8699951171875, 84.62999725341797, 84.65999603271484, 85.25999450683594, 84.68000030517578, 84.7699966430664, 75.15999603271484, 84.97000122070312, 85.31999969482422, 85.48999786376953, 85.5199966430664, 85.13999938964844, 84.5999984741211, 85.05999755859375, 85.50999450683594, 84.4000015258789, 84.69999694824219, 84.83999633789062, 85.13999938964844, 85.3499984741211, 84.91999816894531, 85.43999481201172, 85.11000061035156, 84.41999816894531, 85.33999633789062, 85.68000030517578, 84.65999603271484, 85.20999908447266, 84.68000030517578, 85.22000122070312, 85.18999481201172, 85.19999694824219, 81.5999984741211, 85.61000061035156, 85.68000030517578, 85.23999786376953, 80.23999786376953, 78.4000015258789, 84.18000030517578], "epochs": [0, 1, 2, 3, 4, 5, 6, 7, 8, 9, 10, 11, 12, 13, 14, 15, 16, 17, 18, 19, 20, 21, 22, 23, 24, 25, 26, 27, 28, 29, 30, 31, 32, 33, 34, 35, 36, 37, 38, 39, 40, 41, 42, 43, 44, 45, 46, 47, 48, 49, 50, 51, 52, 53, 54, 55, 56, 57, 58, 59, 60, 61, 62, 63, 64, 65, 66, 67, 68, 69, 70, 71, 72, 73, 74, 75, 76, 77, 78, 79, 80, 81, 82, 83, 84, 85, 86, 87, 88, 89, 90, 91, 92, 93, 94, 95, 96, 97, 98, 99]}