{"train_losses": [0.012053600512444973, 0.009189699776470661, 0.008560717105865479, 0.007706465665251017, 0.006975965574383736, 0.006432816386222839, 0.00596326170489192, 0.00555988447740674, 0.005186442285776138, 0.0049366699531674385, 0.0047176131047308445, 0.004458220209926367, 0.0042726113460958, 0.004104010295122862, 0.003974521066993475, 0.003839201061055064, 0.003659826470538974, 0.0035892631858587265, 0.003440782194957137, 0.0033948300406336784, 0.0032879821956157684, 0.0031218877993524075, 0.0030487817712128162, 0.0030214665457606316, 0.0029371660202741623, 0.0028540242929011583, 0.002809414640069008, 0.0027534703258424997, 0.002659822115674615, 0.002612535608932376, 0.002572527388110757, 0.002584297675639391, 0.002491978695616126, 0.002426933031529188, 0.0023529822938144207, 0.0023084431886672974, 0.0022371201775968075, 0.002209410071372986, 0.0021939834114164114, 0.002118616597726941, 0.0020956506486982107, 0.002106347819790244, 0.002072549657896161, 0.002002404537051916, 0.00201382115483284, 0.0019509026315063238, 0.0019378559663891792, 0.0025188878644257784, 0.001973265316337347, 0.0018445452442392707, 0.0018374132923781872, 0.0018101241439580917, 0.001750335213728249, 0.0017376651521772146, 0.0017274048877879977, 0.0016574261244386435, 0.0016510894056409597, 0.0016009437385946512, 0.0015946414787322283, 0.0015387374442070723, 0.0015638901386409998, 0.0015066071646288037, 0.001494868891313672, 0.0014823592500761151, 0.0014182853046804667, 0.0014342976501211524, 0.001399052212946117, 0.0013426034711301327, 0.0013618534430861473, 0.0013597817160189152, 0.0013400637544691563, 0.001305546029470861, 0.0012566986260935664, 0.0012949436204507947, 0.001281375647522509, 0.0012283902615308762, 0.0012465144973248243, 0.001238847034983337, 0.0011864019325003028, 0.0011782459914684296, 0.0011572627117857337, 0.001130108255892992, 0.0011314285220578313, 0.00110513879917562, 0.0010864257346838713, 0.001097636646591127, 0.0010458242613822222, 0.0010653341887518764, 0.0010257321409881115, 0.0010287282057106495, 0.001035525114275515, 0.0010120566003024578, 0.0009877266129478812, 0.000992687069810927, 0.0009749545715749264, 0.0009379544062539935, 0.0009614555165171623, 0.0009527457295916975, 0.0009152867132797837, 0.0009095240384340286], "accs": [55.41999816894531, 61.849998474121094, 64.76000213623047, 67.88999938964844, 69.0999984741211, 70.56999969482422, 73.56999969482422, 75.29999542236328, 77.33999633789062, 76.75, 78.70999908447266, 78.8499984741211, 79.83999633789062, 80.04999542236328, 80.75999450683594, 80.88999938964844, 81.44999694824219, 82.0999984741211, 82.15999603271484, 81.77999877929688, 82.04000091552734, 82.43999481201172, 82.88999938964844, 82.75, 82.25999450683594, 82.69999694824219, 83.91999816894531, 82.58999633789062, 83.47000122070312, 83.79999542236328, 83.0, 83.50999450683594, 83.29999542236328, 83.33999633789062, 83.3499984741211, 84.04999542236328, 83.95999908447266, 83.87999725341797, 84.23999786376953, 83.8699951171875, 84.22000122070312, 83.57999420166016, 84.31999969482422, 84.15999603271484, 83.5199966430664, 83.79999542236328, 82.4000015258789, 83.88999938964844, 84.5199966430664, 84.69999694824219, 85.27999877929688, 84.25999450683594, 85.0, 84.41999816894531, 84.56999969482422, 83.5199966430664, 84.86000061035156, 84.8699951171875, 84.91999816894531, 85.0199966430664, 84.57999420166016, 84.5999984741211, 84.95999908447266, 84.81999969482422, 84.55999755859375, 84.63999938964844, 84.41999816894531, 85.04999542236328, 84.8699951171875, 84.97000122070312, 84.54999542236328, 84.58999633789062, 84.93000030517578, 84.73999786376953, 84.0, 84.66999816894531, 84.73999786376953, 84.81999969482422, 84.1500015258789, 84.95999908447266, 84.81999969482422, 84.97000122070312, 85.41999816894531, 85.29999542236328, 85.23999786376953, 84.69999694824219, 84.75999450683594, 84.6199951171875, 85.25999450683594, 85.19999694824219, 85.1199951171875, 85.2699966430664, 85.04999542236328, 85.30999755859375, 85.55999755859375, 84.79999542236328, 85.30999755859375, 85.32999420166016, 85.05999755859375, 84.68999481201172], "epochs": [0, 1, 2, 3, 4, 5, 6, 7, 8, 9, 10, 11, 12, 13, 14, 15, 16, 17, 18, 19, 20, 21, 22, 23, 24, 25, 26, 27, 28, 29, 30, 31, 32, 33, 34, 35, 36, 37, 38, 39, 40, 41, 42, 43, 44, 45, 46, 47, 48, 49, 50, 51, 52, 53, 54, 55, 56, 57, 58, 59, 60, 61, 62, 63, 64, 65, 66, 67, 68, 69, 70, 71, 72, 73, 74, 75, 76, 77, 78, 79, 80, 81, 82, 83, 84, 85, 86, 87, 88, 89, 90, 91, 92, 93, 94, 95, 96, 97, 98, 99]}