{"train_losses": [0.014341568574309349, 0.010993106290698051, 0.009792699478566647, 0.008887355215847492, 0.008027096278965473, 0.007411106955260038, 0.006914885714650154, 0.00649689557030797, 0.006154587026685476, 0.005845444742590189, 0.005570279899984598, 0.005304880905896425, 0.005221279803663492, 0.004965201485902071, 0.004822765477001667, 0.004661979153752327, 0.0056318966671824455, 0.0058565447106957436, 0.004616332706063986, 0.004414329305291176, 0.004293470177799463, 0.004187693819403648, 0.004091601353138685, 0.00395639892667532, 0.00383727066218853, 0.0037634852342307568, 0.003669964848086238, 0.004422483500093222, 0.0036589233204722404, 0.0034423531033098698, 0.0033851165790110826, 0.0033630202524363995, 0.003280260134488344, 0.0032536990474909544, 0.003176325699314475, 0.0031082371715456247, 0.003061877563595772, 0.0037407143972814083, 0.004057183861732483, 0.003225098131224513, 0.003020636271685362, 0.002882219385355711, 0.002871760865673423, 0.0028141408693045378, 0.0027945288456976414, 0.0028824321925640106, 0.0027687158435583115, 0.002754879416897893, 0.0027871672064065933, 0.0029550958424806595, 0.002698998898267746, 0.0025199828669428825, 0.002565565751865506, 0.002490521175786853, 0.0024362578988075256, 0.0024126775097101927, 0.0023551885969936848, 0.002324736677110195, 0.0023787759710103273, 0.0022992074955254793, 0.002276870422065258, 0.002223612042143941, 0.0021923163440078497, 0.0021613608114421368, 0.0021753632463514805, 0.002129137748852372, 0.0020586764439940453, 0.0021022825967520475, 0.002084474079310894, 0.001986504066735506, 0.0019462608033791184, 0.002008219715207815, 0.0019551352597773075, 0.001908813719637692, 0.0019354383694007993, 0.0018796460935845971, 0.00183337670750916, 0.001866011181846261, 0.0018715549958869815, 0.0017845986876636744, 0.0017880782252177596, 0.0018163493368774652, 0.0017452288884669542, 0.0017232518875971437, 0.0017153134103864431, 0.0017091555055230856, 0.0016515254974365234, 0.0016790752997621894, 0.0016658046515658498, 0.0017058789962902665, 0.001667443779297173, 0.0016326777404174209, 0.001617893693037331, 0.0016219153767451644, 0.001571720582433045, 0.0015677593182772398, 0.0015232348814606667, 0.0015583576168864965, 0.0014863660326227546, 0.00149371603038162], "accs": [43.37999725341797, 54.65999984741211, 56.15999984741211, 61.12999725341797, 66.88999938964844, 68.68999481201172, 69.97000122070312, 70.04999542236328, 74.08999633789062, 74.33000183105469, 74.54000091552734, 71.29000091552734, 78.05999755859375, 77.12999725341797, 77.58999633789062, 76.5, 51.73999786376953, 77.50999450683594, 79.20999908447266, 79.66999816894531, 78.75999450683594, 78.97999572753906, 79.8499984741211, 80.93999481201172, 80.8499984741211, 81.88999938964844, 80.8699951171875, 80.06999969482422, 81.95999908447266, 80.97000122070312, 81.5, 82.54000091552734, 82.30999755859375, 82.75999450683594, 82.33999633789062, 82.7699966430664, 82.93000030517578, 71.8699951171875, 82.56999969482422, 83.04999542236328, 82.86000061035156, 83.57999420166016, 82.6199951171875, 83.5, 83.29000091552734, 83.3499984741211, 83.02999877929688, 84.40999603271484, 83.16999816894531, 81.65999603271484, 83.88999938964844, 83.94999694824219, 83.98999786376953, 83.62999725341797, 83.66999816894531, 84.04999542236328, 83.1500015258789, 84.29999542236328, 83.97999572753906, 84.11000061035156, 84.54999542236328, 84.43000030517578, 84.29999542236328, 84.94999694824219, 84.52999877929688, 83.75, 84.23999786376953, 84.50999450683594, 83.93000030517578, 84.1199951171875, 84.06999969482422, 83.83999633789062, 83.8499984741211, 83.25999450683594, 84.55999755859375, 85.23999786376953, 85.02999877929688, 84.7699966430664, 84.8499984741211, 84.30999755859375, 84.25, 85.04000091552734, 84.75999450683594, 85.12999725341797, 84.38999938964844, 84.61000061035156, 84.68000030517578, 84.95999908447266, 85.18999481201172, 84.77999877929688, 84.25, 84.13999938964844, 84.50999450683594, 84.1500015258789, 84.69999694824219, 84.65999603271484, 84.2699966430664, 85.41999816894531, 85.5199966430664, 84.98999786376953], "epochs": [0, 1, 2, 3, 4, 5, 6, 7, 8, 9, 10, 11, 12, 13, 14, 15, 16, 17, 18, 19, 20, 21, 22, 23, 24, 25, 26, 27, 28, 29, 30, 31, 32, 33, 34, 35, 36, 37, 38, 39, 40, 41, 42, 43, 44, 45, 46, 47, 48, 49, 50, 51, 52, 53, 54, 55, 56, 57, 58, 59, 60, 61, 62, 63, 64, 65, 66, 67, 68, 69, 70, 71, 72, 73, 74, 75, 76, 77, 78, 79, 80, 81, 82, 83, 84, 85, 86, 87, 88, 89, 90, 91, 92, 93, 94, 95, 96, 97, 98, 99]}