{"train_losses": [0.018477531149983406, 0.016413098201155663, 0.014684295281767845, 0.013438106514513493, 0.01248884480446577, 0.011786868795752525, 0.011151500977575779, 0.010574450716376305, 0.010109423659741879, 0.009604017250239849, 0.009170648641884327, 0.008829182013869286, 0.008504539728164673, 0.008181357756257057, 0.007882964797317982, 0.0076444377191364765, 0.007392545696347952, 0.007153667509555817, 0.006925699766725302, 0.006761064752936363, 0.006576292682439089, 0.006421044003218412, 0.006234782747924328, 0.006082724314182997, 0.005984960123896599, 0.005837889853864908, 0.005743343848735094, 0.005624125711619854, 0.005473007448017597, 0.0054171038791537285, 0.005264107137918472, 0.005184580106288195, 0.0051144929602742195, 0.004978665150702, 0.004927433095872402, 0.004796832799911499, 0.0047523886896669865, 0.004605450201779604, 0.004585736431181431, 0.004480976611375809, 0.0043984269723296165, 0.004322357475757599, 0.004259270615875721, 0.004206465091556311, 0.004123684484511614, 0.004078666679561138, 0.003994134720414877, 0.003939203917980194, 0.00388724054209888, 0.0038183454889804125, 0.0037303874269127846, 0.003682696493342519, 0.0036445651203393936, 0.0035994143690913916, 0.003470680210739374, 0.0034515145234763622, 0.0033841109834611416, 0.0033285177778452635, 0.0033065718598663807, 0.003235033480450511, 0.003168307477608323, 0.003132401965558529, 0.003120637033134699, 0.0030213557183742523, 0.002988120075315237, 0.002977852476760745, 0.0028401915915310383, 0.002869612304493785, 0.002752896398305893, 0.002745827194303274, 0.002681158948689699, 0.0026986689772456884, 0.0026608635671436787, 0.00260684615932405, 0.0025580967776477337, 0.0025278523098677397, 0.0024814147036522627, 0.002476047957316041, 0.002413795329630375, 0.002364572836086154, 0.0023031842429190874, 0.002301177941262722, 0.002240915084257722, 0.002237111795693636, 0.0021720826625823975, 0.002158959861844778, 0.00212092068977654, 0.002094826428219676, 0.0020479147788137197, 0.0020089352037757635, 0.0019857208244502544, 0.001978581538423896, 0.0019512547878548503, 0.0019454259891062975, 0.0018992024706676602, 0.0018851174972951412, 0.0017923309933394194, 0.001812034286558628, 0.001767387380823493, 0.0017611891962587833], "accs": [19.65999984741211, 27.51999855041504, 36.209999084472656, 41.82999801635742, 46.119998931884766, 49.189998626708984, 51.62999725341797, 54.72999954223633, 55.72999954223633, 58.349998474121094, 59.709999084472656, 61.0099983215332, 63.47999954223633, 64.45999908447266, 65.08999633789062, 66.72999572753906, 66.2699966430664, 67.75, 68.68999481201172, 69.54000091552734, 69.88999938964844, 71.1199951171875, 71.08000183105469, 71.33999633789062, 71.69999694824219, 71.73999786376953, 72.5199966430664, 72.43000030517578, 72.95999908447266, 73.56999969482422, 73.83000183105469, 73.6199951171875, 74.47999572753906, 74.16999816894531, 74.79000091552734, 74.61000061035156, 74.30999755859375, 74.54000091552734, 75.3699951171875, 75.27999877929688, 75.3699951171875, 75.25, 75.40999603271484, 75.87999725341797, 75.56999969482422, 75.91999816894531, 75.95999908447266, 75.77999877929688, 75.97999572753906, 75.7699966430664, 76.05999755859375, 75.8699951171875, 76.29000091552734, 76.47000122070312, 76.08999633789062, 76.22999572753906, 76.5999984741211, 76.65999603271484, 77.02999877929688, 76.7699966430664, 76.3499984741211, 76.12999725341797, 76.56999969482422, 76.47000122070312, 76.3699951171875, 76.25, 76.7699966430664, 76.68000030517578, 76.94999694824219, 76.41999816894531, 76.18000030517578, 76.97000122070312, 76.43999481201172, 76.79000091552734, 76.73999786376953, 76.68999481201172, 76.8699951171875, 76.65999603271484, 76.93000030517578, 76.61000061035156, 77.27999877929688, 76.50999450683594, 76.9000015258789, 76.83000183105469, 76.69999694824219, 76.29999542236328, 76.8699951171875, 76.81999969482422, 76.56999969482422, 76.91999816894531, 76.54999542236328, 76.62999725341797, 77.00999450683594, 77.12999725341797, 76.83000183105469, 76.77999877929688, 76.95999908447266, 76.95999908447266, 76.93000030517578, 76.83000183105469], "epochs": [0, 1, 2, 3, 4, 5, 6, 7, 8, 9, 10, 11, 12, 13, 14, 15, 16, 17, 18, 19, 20, 21, 22, 23, 24, 25, 26, 27, 28, 29, 30, 31, 32, 33, 34, 35, 36, 37, 38, 39, 40, 41, 42, 43, 44, 45, 46, 47, 48, 49, 50, 51, 52, 53, 54, 55, 56, 57, 58, 59, 60, 61, 62, 63, 64, 65, 66, 67, 68, 69, 70, 71, 72, 73, 74, 75, 76, 77, 78, 79, 80, 81, 82, 83, 84, 85, 86, 87, 88, 89, 90, 91, 92, 93, 94, 95, 96, 97, 98, 99]}