{"train_losses": [0.01482860092073679, 0.011468663811683655, 0.010098847560584545, 0.008930166251957417, 0.008203044533729553, 0.007426351308822632, 0.006973684299737215, 0.00641730148345232, 0.005960602313280106, 0.0056531792506575584, 0.005361712537705898, 0.005096005741506815, 0.004890110809355974, 0.004688327666372061, 0.004466245416551828, 0.004363653250038624, 0.004221463110297918, 0.004108082037419081, 0.003940843045711517, 0.003900556592270732, 0.0037061586044728756, 0.0037195233162492514, 0.003603696823120117, 0.003506439970806241, 0.003534012008458376, 0.0034049968235194683, 0.0033030027989298105, 0.0032641454599797726, 0.003157202387228608, 0.0031068052630871534, 0.0032559658866375685, 0.0032798186875879765, 0.0029843233060091734, 0.0029516802169382572, 0.0028677619993686676, 0.0027548251673579216, 0.0027595222927629948, 0.0027061961591243744, 0.0026507568545639515, 0.002615139354020357, 0.0025665191933512688, 0.0025138589553534985, 0.0025633738841861486, 0.002574936719611287, 0.002556147752329707, 0.00239136116579175, 0.0023440562654286623, 0.002288889605551958, 0.002324877306818962, 0.0022799409925937653, 0.0022216415964066982, 0.002141357632353902, 0.002150181448087096, 0.0021399708930402994, 0.0020907942671328783, 0.0020073503255844116, 0.0019720441196113825, 0.0019849627278745174, 0.0019991968292742968, 0.0019169944571331143, 0.001954165752977133, 0.0019226542208343744, 0.0018874126253649592, 0.0019295987440273166, 0.0018468621419742703, 0.0017939851386472583, 0.0017648322973400354, 0.001763255218975246, 0.0017461973475292325, 0.0016853244742378592, 0.0018561804899945855, 0.001695343409664929, 0.001780955819413066, 0.001714761951006949, 0.0016589387087151408, 0.0015512482495978475, 0.001684257760643959, 0.0016044455114752054, 0.0015735486522316933, 0.0014883317053318024, 0.0015091318637132645, 0.001558808609843254, 0.0019228555029258132, 0.001499502337537706, 0.0016478982288390398, 0.001472364878281951, 0.0014266807120293379, 0.00140613061375916, 0.0013856515288352966, 0.0013768189819529653, 0.0013750088401138783, 0.001314935740083456, 0.001261411001905799, 0.0012691384181380272, 0.001281694625504315, 0.0012649854179471731, 0.0013474579900503159, 0.0012310731690376997, 0.0011763593647629023, 0.0011827475391328335], "accs": [41.52000045776367, 52.12999725341797, 60.439998626708984, 62.769996643066406, 64.26000213623047, 68.9000015258789, 71.04999542236328, 71.37999725341797, 74.8699951171875, 75.11000061035156, 76.54000091552734, 76.18999481201172, 77.79999542236328, 78.52999877929688, 79.68999481201172, 79.25, 79.72000122070312, 80.32999420166016, 80.72000122070312, 81.2699966430664, 81.38999938964844, 79.91999816894531, 80.98999786376953, 82.32999420166016, 80.48999786376953, 81.97000122070312, 82.37999725341797, 82.02999877929688, 82.0, 81.90999603271484, 79.80999755859375, 82.2699966430664, 82.5999984741211, 83.18999481201172, 83.27999877929688, 82.70999908447266, 83.18000030517578, 83.47999572753906, 83.37999725341797, 83.30999755859375, 82.79000091552734, 83.72999572753906, 82.13999938964844, 81.8699951171875, 83.40999603271484, 83.72000122070312, 83.61000061035156, 84.3499984741211, 82.7699966430664, 82.8499984741211, 83.90999603271484, 84.06999969482422, 81.98999786376953, 83.36000061035156, 83.9000015258789, 84.11000061035156, 83.7699966430664, 83.79000091552734, 83.5, 84.4000015258789, 84.54000091552734, 84.54999542236328, 83.7699966430664, 83.95999908447266, 84.38999938964844, 82.97000122070312, 84.08999633789062, 84.95999908447266, 84.20999908447266, 83.7699966430664, 83.27999877929688, 84.1199951171875, 83.22000122070312, 83.97999572753906, 84.77999877929688, 84.2699966430664, 83.30999755859375, 83.79000091552734, 83.32999420166016, 84.30999755859375, 84.55999755859375, 84.43999481201172, 84.37999725341797, 84.1500015258789, 83.7699966430664, 84.45999908447266, 84.54999542236328, 84.56999969482422, 84.33999633789062, 84.04000091552734, 84.3499984741211, 84.47000122070312, 84.81999969482422, 83.94999694824219, 84.2699966430664, 83.32999420166016, 84.79999542236328, 85.1500015258789, 84.83999633789062, 84.57999420166016], "epochs": [0, 1, 2, 3, 4, 5, 6, 7, 8, 9, 10, 11, 12, 13, 14, 15, 16, 17, 18, 19, 20, 21, 22, 23, 24, 25, 26, 27, 28, 29, 30, 31, 32, 33, 34, 35, 36, 37, 38, 39, 40, 41, 42, 43, 44, 45, 46, 47, 48, 49, 50, 51, 52, 53, 54, 55, 56, 57, 58, 59, 60, 61, 62, 63, 64, 65, 66, 67, 68, 69, 70, 71, 72, 73, 74, 75, 76, 77, 78, 79, 80, 81, 82, 83, 84, 85, 86, 87, 88, 89, 90, 91, 92, 93, 94, 95, 96, 97, 98, 99]}