{"train_losses": [0.01941807009279728, 0.01835687644779682, 0.017193248495459557, 0.016014160588383675, 0.0150733208283782, 0.014380733482539654, 0.01380860060453415, 0.0133200129494071, 0.012958439998328686, 0.012590019032359123, 0.012342897243797779, 0.012029903009533882, 0.011802352033555508, 0.0116179333999753, 0.011450354941189289, 0.011246799491345882, 0.011111616156995296, 0.010983739048242569, 0.010791684500873089, 0.010693983174860477, 0.010534688830375671, 0.010395578108727932, 0.010289383120834827, 0.010178652592003345, 0.010055622085928917, 0.009942937642335892, 0.00983781460672617, 0.009725296869874, 0.00965262483805418, 0.00955849327147007, 0.00947471521794796, 0.009386694058775902, 0.009292198345065117, 0.00920637883245945, 0.009140756912529469, 0.009035526774823666, 0.008996140211820602, 0.008934722281992435, 0.008848099038004875, 0.008763590827584267, 0.008727991953492165, 0.008701911196112633, 0.00861921813338995, 0.008529537357389927, 0.008505660109221935, 0.008469609543681145, 0.008393230848014355, 0.00834757462143898, 0.008271642960608006, 0.008203260600566864, 0.008173280395567417, 0.008175889030098915, 0.008060245774686337, 0.008059087209403515, 0.008033938705921173, 0.00795220211148262, 0.007889154367148876, 0.007845567539334297, 0.007840314880013466, 0.00777528528124094, 0.007769788149744272, 0.007685864809900522, 0.0076858471147716045, 0.007640878204256296, 0.007594762369990349, 0.00757660623639822, 0.00751968240365386, 0.00750842085108161, 0.007468733470886946, 0.007427832577377558, 0.007399304769933224, 0.007355017121881247, 0.00731764268130064, 0.00727548124268651, 0.007249852642416954, 0.007246248424053192, 0.007192892488092184, 0.007185238413512707, 0.0071452921256423, 0.007062135264277458, 0.007068954408168793, 0.007048525847494602, 0.00701578613370657, 0.007005408871918917, 0.006980452220886946, 0.006952982395887375, 0.006885772570967674, 0.006898986175656319, 0.006854782346636057, 0.006814810447394848, 0.006790807470679283, 0.006767697166651487, 0.006748050916939974, 0.006724937353283167, 0.006731140427291393, 0.0066895028576254845, 0.006628255359828472, 0.006642518565058708, 0.00663574505597353, 0.006595256272703409], "accs": [14.4399995803833, 17.6299991607666, 23.51999855041504, 29.489999771118164, 34.209999084472656, 36.65999984741211, 39.27000045776367, 41.689998626708984, 43.279998779296875, 44.86000061035156, 45.84000015258789, 47.32999801635742, 48.209999084472656, 48.959999084472656, 48.96999740600586, 50.619998931884766, 51.3599967956543, 51.79999923706055, 52.62999725341797, 53.28999710083008, 53.79999923706055, 54.03999710083008, 54.79999923706055, 55.38999938964844, 56.099998474121094, 56.459999084472656, 57.38999938964844, 57.369998931884766, 57.48999786376953, 58.16999816894531, 58.369998931884766, 58.21999740600586, 59.43000030517578, 59.38999938964844, 59.6099967956543, 59.689998626708984, 59.93000030517578, 60.66999816894531, 60.349998474121094, 61.03999710083008, 61.34000015258789, 61.62999725341797, 61.869998931884766, 61.84000015258789, 62.29999923706055, 62.519996643066406, 62.5, 62.66999816894531, 62.81999969482422, 62.97999954223633, 62.97999954223633, 63.29999923706055, 63.38999938964844, 63.54999923706055, 64.11000061035156, 64.1500015258789, 64.33000183105469, 64.22999572753906, 64.5199966430664, 64.68999481201172, 64.68000030517578, 64.79999542236328, 64.9000015258789, 64.90999603271484, 65.40999603271484, 65.40999603271484, 65.47000122070312, 65.55999755859375, 65.68000030517578, 66.11000061035156, 65.98999786376953, 66.0199966430664, 66.06999969482422, 66.2699966430664, 66.37999725341797, 66.54999542236328, 66.56999969482422, 66.6500015258789, 66.93999481201172, 66.86000061035156, 67.2699966430664, 67.38999938964844, 67.41999816894531, 67.33000183105469, 67.58000183105469, 67.79000091552734, 67.68000030517578, 67.69999694824219, 67.61000061035156, 67.81999969482422, 67.95999908447266, 67.8499984741211, 68.0, 68.30999755859375, 68.16999816894531, 68.25999450683594, 68.66999816894531, 68.40999603271484, 68.5, 68.81999969482422], "epochs": [0, 1, 2, 3, 4, 5, 6, 7, 8, 9, 10, 11, 12, 13, 14, 15, 16, 17, 18, 19, 20, 21, 22, 23, 24, 25, 26, 27, 28, 29, 30, 31, 32, 33, 34, 35, 36, 37, 38, 39, 40, 41, 42, 43, 44, 45, 46, 47, 48, 49, 50, 51, 52, 53, 54, 55, 56, 57, 58, 59, 60, 61, 62, 63, 64, 65, 66, 67, 68, 69, 70, 71, 72, 73, 74, 75, 76, 77, 78, 79, 80, 81, 82, 83, 84, 85, 86, 87, 88, 89, 90, 91, 92, 93, 94, 95, 96, 97, 98, 99]}