{"train_losses": [0.013531766831874847, 0.011228992603719234, 0.010283799842000008, 0.009394892491400242, 0.008493857458233833, 0.007855411618947983, 0.007302444893866777, 0.006862499285489321, 0.006434253882616758, 0.006108985282480717, 0.005848763510584831, 0.005512813106179237, 0.005300154443830252, 0.005058429203927517, 0.004850975703448057, 0.004716234747320414, 0.004497012589126825, 0.004373723641037941, 0.004168859217315912, 0.004095487762242556, 0.003921577241271734, 0.003757363185286522, 0.003658300032839179, 0.0035526230931282043, 0.0034736560191959143, 0.003382165217772126, 0.0032265931367874146, 0.0031684166751801968, 0.0030918519478291273, 0.002994842827320099, 0.0029178131371736526, 0.0028302373830229044, 0.002758175600320101, 0.0027182025369256735, 0.0026215144898742437, 0.0026046058628708124, 0.0024787550792098045, 0.0024512046948075294, 0.002389497822150588, 0.0023286291398108006, 0.002249237848445773, 0.00227212137542665, 0.0021636534947901964, 0.0021682900842279196, 0.0020631616935133934, 0.0020206270273774862, 0.001991629134863615, 0.001939475303515792, 0.0018553122645244002, 0.0018054705578833818, 0.0017907118890434504, 0.0017698007868602872, 0.001764995395205915, 0.001674352795816958, 0.001671594800427556, 0.0016119950450956821, 0.0015901278238743544, 0.001524640596471727, 0.001527674263343215, 0.001452912692911923, 0.0014284770004451275, 0.0014510599430650473, 0.0014001444214954972, 0.001371322083286941, 0.0013292164076119661, 0.001312125357799232, 0.0013050357811152935, 0.0012640206841751933, 0.0012505680788308382, 0.001239236444234848, 0.0012049779761582613, 0.0011802114313468337, 0.0011924747377634048, 0.0011819124920293689, 0.0011214863043278456, 0.0011103180004283786, 0.0010959772625938058, 0.0010743204038590193, 0.0010689758928492665, 0.0010294974781572819, 0.0010344056645408273, 0.0010286225005984306, 0.0009946442442014813, 0.00098896911367774, 0.0009648415143601596, 0.000947261112742126, 0.0009413128136657178, 0.0009642924997024238, 0.00091199652524665, 0.0009163880022242665, 0.0008661229512654245, 0.0008839591173455119, 0.0008627813658677042, 0.0008595624822191894, 0.0008627634379081428, 0.000815734441857785, 0.000820260844193399, 0.0008167993510141969, 0.0007798424921929836, 0.0008052008342929184], "accs": [46.55999755859375, 53.53999710083008, 55.81999969482422, 61.90999984741211, 64.47999572753906, 65.40999603271484, 68.56999969482422, 70.56999969482422, 72.83000183105469, 71.12999725341797, 73.8699951171875, 73.63999938964844, 75.25, 76.11000061035156, 77.00999450683594, 76.81999969482422, 77.27999877929688, 79.13999938964844, 79.70999908447266, 78.90999603271484, 79.52999877929688, 79.56999969482422, 80.00999450683594, 81.08999633789062, 81.23999786376953, 81.08999633789062, 81.52999877929688, 81.13999938964844, 81.47999572753906, 81.75999450683594, 81.06999969482422, 81.06999969482422, 81.7699966430664, 82.50999450683594, 82.70999908447266, 82.6500015258789, 82.1199951171875, 82.12999725341797, 82.68000030517578, 82.47000122070312, 82.0, 82.27999877929688, 81.5199966430664, 83.02999877929688, 83.07999420166016, 82.58999633789062, 83.18000030517578, 82.68999481201172, 82.79000091552734, 83.25, 82.8699951171875, 82.93000030517578, 82.93999481201172, 82.69999694824219, 82.90999603271484, 82.29000091552734, 82.95999908447266, 82.88999938964844, 82.6199951171875, 83.0199966430664, 83.29000091552734, 83.02999877929688, 83.36000061035156, 82.98999786376953, 82.95999908447266, 82.95999908447266, 83.3499984741211, 83.43000030517578, 82.30999755859375, 83.04999542236328, 82.97999572753906, 83.0999984741211, 82.68000030517578, 83.18999481201172, 83.16999816894531, 83.37999725341797, 83.4000015258789, 82.87999725341797, 82.93999481201172, 83.55999755859375, 83.29999542236328, 83.58999633789062, 83.61000061035156, 83.02999877929688, 83.80999755859375, 83.0199966430664, 83.72999572753906, 83.22000122070312, 84.18000030517578, 83.41999816894531, 83.73999786376953, 83.3699951171875, 82.98999786376953, 83.29000091552734, 83.43999481201172, 83.86000061035156, 83.29999542236328, 83.47000122070312, 83.73999786376953, 83.68000030517578], "epochs": [0, 1, 2, 3, 4, 5, 6, 7, 8, 9, 10, 11, 12, 13, 14, 15, 16, 17, 18, 19, 20, 21, 22, 23, 24, 25, 26, 27, 28, 29, 30, 31, 32, 33, 34, 35, 36, 37, 38, 39, 40, 41, 42, 43, 44, 45, 46, 47, 48, 49, 50, 51, 52, 53, 54, 55, 56, 57, 58, 59, 60, 61, 62, 63, 64, 65, 66, 67, 68, 69, 70, 71, 72, 73, 74, 75, 76, 77, 78, 79, 80, 81, 82, 83, 84, 85, 86, 87, 88, 89, 90, 91, 92, 93, 94, 95, 96, 97, 98, 99]}