{"train_losses": [0.016876617446541786, 0.014617115259170532, 0.013368170708417892, 0.012397789396345615, 0.011620092205703259, 0.011016682721674442, 0.010472865775227547, 0.009960759431123734, 0.009508753195405006, 0.0091100437566638, 0.008757762610912323, 0.008369771763682365, 0.008062651380896568, 0.007799947168678045, 0.007533270865678787, 0.007309822365641594, 0.007078241556882858, 0.006898314692080021, 0.0066951364278793335, 0.006553365383297205, 0.00634961761534214, 0.006223117001354694, 0.006118751130998135, 0.00595244113355875, 0.005838489625602961, 0.00572808226570487, 0.005618267226964235, 0.005513620562851429, 0.005377060268074274, 0.005314957816153765, 0.005198065657168627, 0.0050852796994149685, 0.004999571014195681, 0.004924035165458918, 0.004846785683184862, 0.004745657555758953, 0.004658012185245752, 0.004588436800986528, 0.004520951304584742, 0.004439034033566713, 0.0043492927215993404, 0.004327207338064909, 0.00421380577608943, 0.0041773999109864235, 0.004096175543963909, 0.0040275040082633495, 0.003982569091022015, 0.0039028904866427183, 0.0038320310413837433, 0.0037344673182815313, 0.003713855752721429, 0.003665854688733816, 0.00364892790094018, 0.003550400957465172, 0.0035287889186292887, 0.0034142581280320883, 0.0033679918851703405, 0.00330850831232965, 0.0032871123403310776, 0.0032379995100200176, 0.003185030072927475, 0.0030916151590645313, 0.003107808530330658, 0.0030101421289145947, 0.002998045878484845, 0.0029727909713983536, 0.0028842876199632883, 0.002806754782795906, 0.0028041654732078314, 0.002769226673990488, 0.002753895241767168, 0.002697447082027793, 0.002617018297314644, 0.002602477092295885, 0.002506324788555503, 0.0025386514607816935, 0.0024883344303816557, 0.0024623326025903225, 0.0023958003148436546, 0.0023777594324201345, 0.0023133724462240934, 0.002301512286067009, 0.0022472026757895947, 0.0022040989715605974, 0.0022400834131985903, 0.002165695186704397, 0.0021311594173312187, 0.002093618270009756, 0.00205039419233799, 0.002048610243946314, 0.0020243381150066853, 0.0020013670437037945, 0.001969782402738929, 0.0018910184735432267, 0.0018925305921584368, 0.0018821023404598236, 0.0018458642298355699, 0.001808547298423946, 0.0017762508941814303, 0.0017940826946869493], "accs": [30.26999855041504, 36.82999801635742, 42.73999786376953, 46.43000030517578, 50.06999969482422, 52.90999984741211, 55.05999755859375, 56.98999786376953, 58.439998626708984, 60.40999984741211, 62.63999938964844, 63.849998474121094, 64.81999969482422, 65.11000061035156, 66.06999969482422, 67.20999908447266, 67.73999786376953, 68.75, 69.54999542236328, 69.56999969482422, 70.20999908447266, 70.86000061035156, 70.2699966430664, 71.54999542236328, 71.91999816894531, 72.00999450683594, 72.43999481201172, 72.33999633789062, 72.36000061035156, 72.54999542236328, 73.47000122070312, 73.43999481201172, 73.25, 74.16999816894531, 74.41999816894531, 74.4000015258789, 74.41999816894531, 74.62999725341797, 74.29999542236328, 74.69999694824219, 75.02999877929688, 74.83000183105469, 75.43999481201172, 75.6500015258789, 75.75999450683594, 75.02999877929688, 75.23999786376953, 75.68000030517578, 75.30999755859375, 75.47999572753906, 75.72000122070312, 74.95999908447266, 75.69999694824219, 75.27999877929688, 75.55999755859375, 75.31999969482422, 75.77999877929688, 75.41999816894531, 75.75999450683594, 75.50999450683594, 75.61000061035156, 75.75, 75.94999694824219, 76.23999786376953, 75.77999877929688, 75.5199966430664, 76.0199966430664, 76.00999450683594, 75.97000122070312, 76.58000183105469, 76.1199951171875, 75.94999694824219, 75.8499984741211, 76.11000061035156, 76.0999984741211, 75.97999572753906, 75.75, 76.08000183105469, 76.0999984741211, 76.27999877929688, 76.18999481201172, 76.50999450683594, 76.4000015258789, 76.61000061035156, 76.27999877929688, 76.65999603271484, 75.5999984741211, 75.83999633789062, 75.97000122070312, 76.25, 76.38999938964844, 76.06999969482422, 76.18999481201172, 76.44999694824219, 75.93999481201172, 76.1500015258789, 76.47999572753906, 76.29999542236328, 76.0999984741211, 76.13999938964844], "epochs": [0, 1, 2, 3, 4, 5, 6, 7, 8, 9, 10, 11, 12, 13, 14, 15, 16, 17, 18, 19, 20, 21, 22, 23, 24, 25, 26, 27, 28, 29, 30, 31, 32, 33, 34, 35, 36, 37, 38, 39, 40, 41, 42, 43, 44, 45, 46, 47, 48, 49, 50, 51, 52, 53, 54, 55, 56, 57, 58, 59, 60, 61, 62, 63, 64, 65, 66, 67, 68, 69, 70, 71, 72, 73, 74, 75, 76, 77, 78, 79, 80, 81, 82, 83, 84, 85, 86, 87, 88, 89, 90, 91, 92, 93, 94, 95, 96, 97, 98, 99]}