{"train_losses": [0.015986695885658264, 0.013031057082116604, 0.011791243217885494, 0.010719708167016506, 0.00970886554569006, 0.008933335542678833, 0.008376349695026875, 0.007792275864630938, 0.007398904301226139, 0.006921070162206888, 0.006547534838318825, 0.0062737902626395226, 0.005937171634286642, 0.00568191334605217, 0.00541369803249836, 0.005224705208092928, 0.005008174106478691, 0.004746279213577509, 0.004673704504966736, 0.004485612735152245, 0.004350251518189907, 0.004129642620682716, 0.004057938698679209, 0.0038944955449551344, 0.0038174150977283716, 0.0036765786353498697, 0.003563493490219116, 0.003488186514005065, 0.0033846404403448105, 0.003309013554826379, 0.0032100791577249765, 0.0031330531928688288, 0.0030256265308707952, 0.0029624965973198414, 0.0028932057321071625, 0.002786718774586916, 0.002762881340458989, 0.002638693666085601, 0.002592454431578517, 0.00253427610732615, 0.0024499287828803062, 0.0024198624305427074, 0.002376814605668187, 0.002297986764460802, 0.002269720658659935, 0.0022133581805974245, 0.0021496627014130354, 0.0021503709722310305, 0.0020273716654628515, 0.0019464145880192518, 0.0019891776610165834, 0.0019389119697734714, 0.0018469019560143352, 0.0018079242436215281, 0.0017831167206168175, 0.001746538793668151, 0.0017283501802012324, 0.0016724533634260297, 0.0015984501224011183, 0.0016330411890521646, 0.0015538641018792987, 0.00154603470582515, 0.0015171775594353676, 0.0014497761148959398, 0.0014580243732780218, 0.0014358049957081676, 0.0014355627354234457, 0.001352826482616365, 0.0013603660045191646, 0.0013208198361098766, 0.001271206303499639, 0.0012933311518281698, 0.0012632504804059863, 0.0012032398954033852, 0.0012139220489189029, 0.0012277348432689905, 0.0011868986766785383, 0.0011484428541734815, 0.0011404233518987894, 0.0011186598567292094, 0.001114651677198708, 0.0010862505296245217, 0.0010566875571385026, 0.0010543285170570016, 0.00103368004783988, 0.0009651666041463614, 0.0010027484968304634, 0.001028666622005403, 0.0009708894649520516, 0.0009572184644639492, 0.0009456091793254018, 0.0009344855207018554, 0.0009419042617082596, 0.0008792409207671881, 0.0009048836072906852, 0.0008779671043157578, 0.0008593642269261181, 0.00083093874854967, 0.0008236161665990949, 0.0008113959920592606], "accs": [36.32999801635742, 45.12999725341797, 51.30999755859375, 55.849998474121094, 59.5, 62.55999755859375, 64.1199951171875, 65.94999694824219, 66.52999877929688, 68.58000183105469, 70.25999450683594, 71.2699966430664, 72.3499984741211, 74.54999542236328, 70.47999572753906, 75.54000091552734, 76.91999816894531, 77.33999633789062, 77.38999938964844, 76.93999481201172, 78.62999725341797, 76.40999603271484, 79.65999603271484, 80.43000030517578, 79.57999420166016, 80.8699951171875, 80.79000091552734, 80.04999542236328, 80.0, 81.05999755859375, 81.45999908447266, 80.08999633789062, 81.90999603271484, 81.13999938964844, 81.52999877929688, 81.66999816894531, 81.73999786376953, 81.68999481201172, 81.44999694824219, 81.8699951171875, 81.81999969482422, 82.6500015258789, 81.5999984741211, 82.5999984741211, 82.5999984741211, 82.62999725341797, 82.82999420166016, 82.00999450683594, 82.02999877929688, 82.22999572753906, 82.43999481201172, 82.15999603271484, 81.95999908447266, 82.37999725341797, 82.72999572753906, 82.54000091552734, 81.72000122070312, 83.0, 82.00999450683594, 83.13999938964844, 83.1199951171875, 82.7699966430664, 82.66999816894531, 83.0, 82.56999969482422, 83.04000091552734, 82.87999725341797, 82.95999908447266, 82.57999420166016, 82.62999725341797, 82.07999420166016, 83.1199951171875, 82.30999755859375, 82.31999969482422, 82.95999908447266, 82.43999481201172, 82.90999603271484, 83.25, 83.12999725341797, 82.88999938964844, 83.4000015258789, 83.1500015258789, 83.02999877929688, 83.0199966430664, 82.3699951171875, 82.88999938964844, 82.5, 83.29999542236328, 82.75, 83.0, 83.32999420166016, 83.02999877929688, 83.61000061035156, 83.47999572753906, 83.15999603271484, 83.13999938964844, 82.87999725341797, 82.81999969482422, 82.8699951171875, 83.47999572753906], "epochs": [0, 1, 2, 3, 4, 5, 6, 7, 8, 9, 10, 11, 12, 13, 14, 15, 16, 17, 18, 19, 20, 21, 22, 23, 24, 25, 26, 27, 28, 29, 30, 31, 32, 33, 34, 35, 36, 37, 38, 39, 40, 41, 42, 43, 44, 45, 46, 47, 48, 49, 50, 51, 52, 53, 54, 55, 56, 57, 58, 59, 60, 61, 62, 63, 64, 65, 66, 67, 68, 69, 70, 71, 72, 73, 74, 75, 76, 77, 78, 79, 80, 81, 82, 83, 84, 85, 86, 87, 88, 89, 90, 91, 92, 93, 94, 95, 96, 97, 98, 99]}