{"train_losses": [0.019293874502182007, 0.01818617433309555, 0.01698649674654007, 0.01571597158908844, 0.014880714938044548, 0.014252790249884129, 0.013764850795269012, 0.013375519774854183, 0.013021580874919891, 0.012696523219347, 0.012454336509108543, 0.012172899208962917, 0.0119711859151721, 0.011738283559679985, 0.011532370001077652, 0.01136049535125494, 0.011228899471461773, 0.01113441213965416, 0.010928577743470669, 0.01079772599041462, 0.01070560421794653, 0.01056814193725586, 0.010461333207786083, 0.01036668661981821, 0.010253515094518661, 0.010191751644015312, 0.010091980919241905, 0.009983588941395283, 0.009899199940264225, 0.00981783214956522, 0.00974512379616499, 0.009639753960072994, 0.009566189721226692, 0.00950178224593401, 0.009420995600521564, 0.009345268830657005, 0.009300033561885357, 0.00921647623181343, 0.00916566513478756, 0.009103238582611084, 0.00899441633373499, 0.00898333266377449, 0.008849048987030983, 0.00886215828359127, 0.008769435808062553, 0.008688833564519882, 0.008635430596768856, 0.008625524118542671, 0.008559605106711388, 0.008530404418706894, 0.008445601910352707, 0.00837165117263794, 0.008363012224435806, 0.008298543281853199, 0.008229855448007584, 0.008164804428815842, 0.008147813379764557, 0.00811108760535717, 0.008082922548055649, 0.008032919839024544, 0.008008064702153206, 0.00794188305735588, 0.007932053878903389, 0.007920128293335438, 0.00786583311855793, 0.007797395810484886, 0.007765475194901228, 0.007710978388786316, 0.007651939522475004, 0.007658993359655142, 0.007599218748509884, 0.007550033275038004, 0.007544235792011023, 0.0075007714331150055, 0.0074430108070373535, 0.007463542744517326, 0.007408163044601679, 0.00733542162925005, 0.007349349558353424, 0.007307428400963545, 0.007259012665599585, 0.0072495583444833755, 0.007222050800919533, 0.007185074966400862, 0.007159608416259289, 0.007119744084775448, 0.007077795919030905, 0.0070559438318014145, 0.007039972580969334, 0.007008911110460758, 0.0069952914491295815, 0.0069617340341210365, 0.006982532329857349, 0.0069089727476239204, 0.006863742601126432, 0.006822061724960804, 0.0067902556620538235, 0.006796231493353844, 0.006805165205150843, 0.006772058550268412], "accs": [13.380000114440918, 16.889999389648438, 24.719999313354492, 30.06999969482422, 34.43000030517578, 37.47999954223633, 39.2599983215332, 41.47999954223633, 42.64999771118164, 44.11000061035156, 45.279998779296875, 46.82999801635742, 47.62999725341797, 48.62999725341797, 49.16999816894531, 50.029998779296875, 50.84000015258789, 51.77000045776367, 52.14999771118164, 52.88999938964844, 53.22999954223633, 53.93000030517578, 54.12999725341797, 54.619998931884766, 55.37999725341797, 55.34000015258789, 56.03999710083008, 55.98999786376953, 56.75, 57.12999725341797, 57.56999969482422, 57.93000030517578, 58.05999755859375, 58.32999801635742, 58.98999786376953, 58.98999786376953, 59.55999755859375, 59.599998474121094, 59.96999740600586, 60.099998474121094, 60.459999084472656, 60.6099967956543, 60.89999771118164, 61.3599967956543, 61.2599983215332, 61.90999984741211, 61.91999816894531, 62.279998779296875, 62.369998931884766, 62.5099983215332, 62.66999816894531, 62.869998931884766, 63.22999954223633, 63.30999755859375, 63.62999725341797, 63.47999954223633, 63.89999771118164, 64.12999725341797, 64.04000091552734, 64.40999603271484, 64.47000122070312, 64.58999633789062, 64.77999877929688, 64.98999786376953, 65.01000213623047, 65.05999755859375, 65.37999725341797, 65.30999755859375, 65.52999877929688, 65.3499984741211, 65.6199951171875, 65.81999969482422, 65.93000030517578, 66.06999969482422, 66.05999755859375, 66.26000213623047, 66.50999450683594, 66.80999755859375, 66.8499984741211, 66.88999938964844, 67.13999938964844, 66.91999816894531, 67.0, 67.05999755859375, 67.27999877929688, 67.36000061035156, 67.44999694824219, 67.45999908447266, 67.66999816894531, 67.75999450683594, 67.90999603271484, 67.86000061035156, 67.9000015258789, 68.13999938964844, 68.15999603271484, 68.5199966430664, 68.47000122070312, 68.58999633789062, 68.58999633789062, 68.75], "epochs": [0, 1, 2, 3, 4, 5, 6, 7, 8, 9, 10, 11, 12, 13, 14, 15, 16, 17, 18, 19, 20, 21, 22, 23, 24, 25, 26, 27, 28, 29, 30, 31, 32, 33, 34, 35, 36, 37, 38, 39, 40, 41, 42, 43, 44, 45, 46, 47, 48, 49, 50, 51, 52, 53, 54, 55, 56, 57, 58, 59, 60, 61, 62, 63, 64, 65, 66, 67, 68, 69, 70, 71, 72, 73, 74, 75, 76, 77, 78, 79, 80, 81, 82, 83, 84, 85, 86, 87, 88, 89, 90, 91, 92, 93, 94, 95, 96, 97, 98, 99]}