{"train_losses": [0.013719473965466022, 0.011389652267098427, 0.010434762574732304, 0.009396135807037354, 0.008624591864645481, 0.007949530147016048, 0.007430781610310078, 0.006997714750468731, 0.006585706025362015, 0.006222874391824007, 0.005900395568460226, 0.005653248634189367, 0.005376679357141256, 0.005167477298527956, 0.004948371089994907, 0.004740940872579813, 0.004616170655936003, 0.0044194553047418594, 0.004262461792677641, 0.004179553594440222, 0.004035769030451775, 0.003890783293172717, 0.0037808024790138006, 0.00369338714517653, 0.0035847185645252466, 0.0034895988646894693, 0.0033880993723869324, 0.0033119027502834797, 0.003274840535596013, 0.003182892454788089, 0.0030827366281300783, 0.0029690121300518513, 0.002914026379585266, 0.002866726368665695, 0.0028168170247226954, 0.0027245916426181793, 0.002690159482881427, 0.0026204464957118034, 0.002551928162574768, 0.0025226431898772717, 0.0024599444586783648, 0.0024074746761471033, 0.0023312533739954233, 0.0022713630460202694, 0.0022883268538862467, 0.0021886364556849003, 0.00213658157736063, 0.002179010771214962, 0.0020653933752328157, 0.0020374420564621687, 0.002001325599849224, 0.001976628787815571, 0.0018995469436049461, 0.0018285914557054639, 0.0018451291834935546, 0.0017674346454441547, 0.0017537330277264118, 0.0017425311962142587, 0.0016315920511260629, 0.0016551229637116194, 0.001607721671462059, 0.0016261065611615777, 0.0015534203266724944, 0.001549105392768979, 0.0015109438681975007, 0.0014651212841272354, 0.0014734664000570774, 0.00144562020432204, 0.0013816234422847629, 0.001346806762740016, 0.0013436799636110663, 0.0012879103887826204, 0.0013205476570874453, 0.0012676190817728639, 0.0012412701034918427, 0.0011869866866618395, 0.0011699090246111155, 0.0011400310322642326, 0.0011408670106902719, 0.00113969505764544, 0.001170181087218225, 0.0011203500907868147, 0.0011447251308709383, 0.00105446542147547, 0.0010420343605801463, 0.0009768769377842546, 0.0010510222055017948, 0.001011103973723948, 0.0009724983246996999, 0.0009539297316223383, 0.0009611828136257827, 0.0008989734342321754, 0.000925106811337173, 0.0009046726627275348, 0.0008685412467457354, 0.0008954832446761429, 0.0008762030629441142, 0.000862748536746949, 0.0008235155255533755, 0.0008551266510039568], "accs": [46.119998931884766, 51.82999801635742, 55.93000030517578, 59.44999694824219, 64.01000213623047, 65.47000122070312, 67.25999450683594, 71.55999755859375, 71.90999603271484, 72.93999481201172, 74.18999481201172, 73.97000122070312, 75.73999786376953, 75.6500015258789, 77.58000183105469, 76.31999969482422, 77.29999542236328, 78.4000015258789, 77.6500015258789, 77.83000183105469, 79.0, 78.68999481201172, 79.8499984741211, 79.61000061035156, 79.45999908447266, 80.43000030517578, 79.73999786376953, 80.29999542236328, 80.29000091552734, 80.43999481201172, 81.12999725341797, 80.68999481201172, 81.31999969482422, 81.05999755859375, 81.41999816894531, 80.11000061035156, 81.20999908447266, 81.97999572753906, 81.87999725341797, 81.5199966430664, 81.12999725341797, 81.43000030517578, 81.97000122070312, 81.30999755859375, 81.6500015258789, 82.08999633789062, 82.02999877929688, 82.0, 81.6500015258789, 81.5199966430664, 81.44999694824219, 81.54000091552734, 81.94999694824219, 81.22999572753906, 81.72000122070312, 82.13999938964844, 82.18999481201172, 82.23999786376953, 82.08999633789062, 81.93000030517578, 81.48999786376953, 82.55999755859375, 81.97999572753906, 82.48999786376953, 82.04999542236328, 82.05999755859375, 82.6500015258789, 82.7699966430664, 82.16999816894531, 82.72999572753906, 83.04999542236328, 82.47999572753906, 83.0199966430664, 82.1500015258789, 82.27999877929688, 83.12999725341797, 82.56999969482422, 82.36000061035156, 82.2699966430664, 82.48999786376953, 82.27999877929688, 82.48999786376953, 82.6199951171875, 82.0, 81.82999420166016, 82.16999816894531, 82.45999908447266, 82.68000030517578, 83.04000091552734, 82.37999725341797, 82.88999938964844, 82.4000015258789, 82.52999877929688, 83.02999877929688, 82.6500015258789, 82.63999938964844, 81.68999481201172, 82.32999420166016, 83.18999481201172, 82.31999969482422], "epochs": [0, 1, 2, 3, 4, 5, 6, 7, 8, 9, 10, 11, 12, 13, 14, 15, 16, 17, 18, 19, 20, 21, 22, 23, 24, 25, 26, 27, 28, 29, 30, 31, 32, 33, 34, 35, 36, 37, 38, 39, 40, 41, 42, 43, 44, 45, 46, 47, 48, 49, 50, 51, 52, 53, 54, 55, 56, 57, 58, 59, 60, 61, 62, 63, 64, 65, 66, 67, 68, 69, 70, 71, 72, 73, 74, 75, 76, 77, 78, 79, 80, 81, 82, 83, 84, 85, 86, 87, 88, 89, 90, 91, 92, 93, 94, 95, 96, 97, 98, 99]}