{"train_losses": [0.013816253282129765, 0.011080615222454071, 0.010487028397619724, 0.00929727591574192, 0.00852298829704523, 0.00774398585781455, 0.007093245629221201, 0.006542029790580273, 0.006181324366480112, 0.005800508428364992, 0.0055066547356545925, 0.005257423035800457, 0.005042336415499449, 0.004800182767212391, 0.004565494135022163, 0.004431467037647963, 0.004284643102437258, 0.004070685710757971, 0.004010317847132683, 0.0038744763005524874, 0.0038323530461639166, 0.0036754601169377565, 0.0035824845544993877, 0.003476554062217474, 0.003356748493388295, 0.0032879733480513096, 0.003255183110013604, 0.003147547133266926, 0.0030413579661399126, 0.003005814040079713, 0.002916827332228422, 0.0028529136907309294, 0.0027666259557008743, 0.002682791091501713, 0.00262042717076838, 0.0026083148550242186, 0.0025571035221219063, 0.002495324006304145, 0.002412599977105856, 0.003653822001069784, 0.0025445541832596064, 0.002364842453971505, 0.0022452883422374725, 0.002274345373734832, 0.00219476199708879, 0.002177613787353039, 0.002148325787857175, 0.002134164096787572, 0.002080695005133748, 0.002022230066359043, 0.0020352057181298733, 0.0019851946271955967, 0.0019486650126054883, 0.00188407301902771, 0.001860286109149456, 0.0018652438884600997, 0.0018602977506816387, 0.0017566682072356343, 0.0017198222922161222, 0.0017240409506484866, 0.0016443164786323905, 0.0016491353744640946, 0.0016254992224276066, 0.0021498294081538916, 0.0016348609933629632, 0.0015596958110108972, 0.0015373460482805967, 0.0015235221944749355, 0.001522775273770094, 0.0015085858758538961, 0.0015116238500922918, 0.0014697948936372995, 0.001437480328604579, 0.0015301142120733857, 0.0033880153205245733, 0.0016584944678470492, 0.0014653073158115149, 0.0013577967183664441, 0.0013151399325579405, 0.001354561885818839, 0.0012994275894016027, 0.0013600102392956614, 0.0012896397383883595, 0.0012855575187131763, 0.001265235128812492, 0.0012613560538738966, 0.0012529229279607534, 0.0012500733137130737, 0.0012287669815123081, 0.0011930924374610186, 0.0011716863373294473, 0.0011561954161152244, 0.0011603356106206775, 0.0011560581624507904, 0.0011740548070520163, 0.001518495031632483, 0.0017440883675590158, 0.0011217689607292414, 0.0010530335130169988, 0.0010488302214071155], "accs": [45.27000045776367, 54.29999923706055, 57.63999938964844, 63.939998626708984, 63.46999740600586, 68.58000183105469, 70.88999938964844, 69.56999969482422, 70.9000015258789, 73.58000183105469, 76.94999694824219, 77.00999450683594, 76.20999908447266, 79.04999542236328, 78.63999938964844, 78.40999603271484, 80.06999969482422, 79.33999633789062, 80.16999816894531, 79.5, 79.62999725341797, 80.91999816894531, 81.44999694824219, 82.0, 82.0999984741211, 82.48999786376953, 82.68000030517578, 81.83999633789062, 81.90999603271484, 83.18999481201172, 82.68999481201172, 82.68999481201172, 83.47000122070312, 83.04000091552734, 82.70999908447266, 82.88999938964844, 83.04999542236328, 83.87999725341797, 83.41999816894531, 83.15999603271484, 84.4000015258789, 84.68000030517578, 84.07999420166016, 83.75, 83.29000091552734, 83.86000061035156, 83.97999572753906, 84.15999603271484, 84.61000061035156, 84.68000030517578, 84.5199966430664, 84.23999786376953, 84.70999908447266, 84.13999938964844, 84.86000061035156, 84.50999450683594, 84.6199951171875, 84.93999481201172, 84.7699966430664, 84.80999755859375, 84.93000030517578, 84.93000030517578, 84.31999969482422, 84.68999481201172, 84.77999877929688, 84.5199966430664, 84.66999816894531, 85.04999542236328, 85.22000122070312, 84.93999481201172, 84.93999481201172, 85.41999816894531, 85.1199951171875, 74.4000015258789, 84.57999420166016, 85.20999908447266, 85.44999694824219, 85.0199966430664, 85.27999877929688, 85.04999542236328, 85.06999969482422, 84.47999572753906, 85.0999984741211, 84.93000030517578, 85.08999633789062, 85.04999542236328, 84.75, 84.68000030517578, 84.72999572753906, 85.41999816894531, 84.91999816894531, 84.80999755859375, 85.11000061035156, 85.15999603271484, 84.91999816894531, 83.02999877929688, 85.48999786376953, 85.5, 85.40999603271484, 85.44999694824219], "epochs": [0, 1, 2, 3, 4, 5, 6, 7, 8, 9, 10, 11, 12, 13, 14, 15, 16, 17, 18, 19, 20, 21, 22, 23, 24, 25, 26, 27, 28, 29, 30, 31, 32, 33, 34, 35, 36, 37, 38, 39, 40, 41, 42, 43, 44, 45, 46, 47, 48, 49, 50, 51, 52, 53, 54, 55, 56, 57, 58, 59, 60, 61, 62, 63, 64, 65, 66, 67, 68, 69, 70, 71, 72, 73, 74, 75, 76, 77, 78, 79, 80, 81, 82, 83, 84, 85, 86, 87, 88, 89, 90, 91, 92, 93, 94, 95, 96, 97, 98, 99]}