{"train_losses": [0.013556634075939655, 0.011369382962584496, 0.010433517396450043, 0.009377007372677326, 0.00842694379389286, 0.0077872322872281075, 0.007282118778675795, 0.006753047462552786, 0.006382854655385017, 0.0060994247905910015, 0.005787982605397701, 0.005534108262509108, 0.005304696969687939, 0.005034280475229025, 0.004829099867492914, 0.004714115988463163, 0.00450528971850872, 0.004325230140239, 0.004195221234112978, 0.0040740701369941235, 0.003939407411962748, 0.0038060469087213278, 0.0036730284336954355, 0.0035698830615729094, 0.0035271416418254375, 0.0033814269118010998, 0.0032507777214050293, 0.003165880450978875, 0.0031060457695275545, 0.0030151463579386473, 0.002933917799964547, 0.002845819341018796, 0.00277833454310894, 0.0026905809063464403, 0.0026687548961490393, 0.0025827083736658096, 0.002536254934966564, 0.00246642017737031, 0.002376977587118745, 0.0023595723323524, 0.002278538653627038, 0.0022167598363012075, 0.0021584315691143274, 0.0021025543101131916, 0.0020907034631818533, 0.002034140983596444, 0.0019683977589011192, 0.0019022200722247362, 0.0019048196263611317, 0.001849074847996235, 0.0017636144766584039, 0.0017427023267373443, 0.0017664028564468026, 0.0017050039023160934, 0.001622984535060823, 0.0016189516754820943, 0.001567579573020339, 0.001523838727734983, 0.001482851803302765, 0.0015099734300747514, 0.0014791851863265038, 0.0014134548837319016, 0.0014177450211718678, 0.001375854597426951, 0.0013088383711874485, 0.0013111487496644258, 0.0012644706293940544, 0.0012521394528448582, 0.0012349156895652413, 0.0012335145147517323, 0.0012300480157136917, 0.001203663181513548, 0.0011482004774734378, 0.0011493792990222573, 0.0011395253241062164, 0.0011223523179069161, 0.0010837373556569219, 0.0010665435111150146, 0.00105897500179708, 0.0010332884266972542, 0.0010155158815905452, 0.001019867486320436, 0.0010038834298029542, 0.0009618228068575263, 0.0009678026544861495, 0.0009719851659610868, 0.000929207366425544, 0.0009192964062094688, 0.0009058138239197433, 0.0009009960922412574, 0.0009029705543071032, 0.0009007600019685924, 0.0008708515088073909, 0.0008728195680305362, 0.0008448616717942059, 0.0008443603292107582, 0.0008188225910998881, 0.0008542427094653249, 0.0008045475697144866, 0.0007974895997904241], "accs": [46.34000015258789, 53.06999969482422, 56.89999771118164, 60.93000030517578, 64.81999969482422, 66.6199951171875, 69.47000122070312, 68.6500015258789, 70.29000091552734, 71.31999969482422, 75.15999603271484, 72.38999938964844, 76.29999542236328, 76.54999542236328, 77.3699951171875, 77.3499984741211, 77.18000030517578, 79.22999572753906, 78.37999725341797, 79.08999633789062, 79.40999603271484, 79.72999572753906, 79.98999786376953, 80.38999938964844, 80.94999694824219, 80.83999633789062, 81.5, 80.63999938964844, 81.47999572753906, 81.79999542236328, 82.30999755859375, 81.38999938964844, 81.30999755859375, 81.9000015258789, 82.13999938964844, 81.93999481201172, 81.56999969482422, 82.58999633789062, 81.63999938964844, 81.95999908447266, 81.43999481201172, 82.52999877929688, 82.7699966430664, 82.62999725341797, 82.47999572753906, 82.3699951171875, 82.45999908447266, 82.75, 82.69999694824219, 81.75999450683594, 82.63999938964844, 82.1199951171875, 82.04000091552734, 83.04999542236328, 82.62999725341797, 82.32999420166016, 83.08999633789062, 82.48999786376953, 82.48999786376953, 83.12999725341797, 82.66999816894531, 82.72000122070312, 82.41999816894531, 82.97999572753906, 83.15999603271484, 82.29000091552734, 83.25, 83.07999420166016, 83.15999603271484, 82.58999633789062, 82.22999572753906, 83.29999542236328, 82.57999420166016, 82.83999633789062, 82.62999725341797, 82.5199966430664, 83.0999984741211, 82.77999877929688, 82.66999816894531, 83.07999420166016, 82.47999572753906, 83.72999572753906, 83.54000091552734, 83.61000061035156, 83.06999969482422, 83.38999938964844, 82.80999755859375, 83.0999984741211, 82.82999420166016, 83.29999542236328, 83.30999755859375, 82.54000091552734, 83.0, 83.06999969482422, 83.43000030517578, 82.91999816894531, 83.57999420166016, 83.2699966430664, 83.29000091552734, 83.45999908447266], "epochs": [0, 1, 2, 3, 4, 5, 6, 7, 8, 9, 10, 11, 12, 13, 14, 15, 16, 17, 18, 19, 20, 21, 22, 23, 24, 25, 26, 27, 28, 29, 30, 31, 32, 33, 34, 35, 36, 37, 38, 39, 40, 41, 42, 43, 44, 45, 46, 47, 48, 49, 50, 51, 52, 53, 54, 55, 56, 57, 58, 59, 60, 61, 62, 63, 64, 65, 66, 67, 68, 69, 70, 71, 72, 73, 74, 75, 76, 77, 78, 79, 80, 81, 82, 83, 84, 85, 86, 87, 88, 89, 90, 91, 92, 93, 94, 95, 96, 97, 98, 99]}