{"train_losses": [0.015222392976284027, 0.011752596125006676, 0.010350094176828861, 0.009448370896279812, 0.008522648364305496, 0.00801457092165947, 0.007574311923235655, 0.007036460563540459, 0.006478543393313885, 0.006152310408651829, 0.005835813470184803, 0.005516209173947573, 0.005356573965400457, 0.005050386302173138, 0.004881327506154776, 0.004863595589995384, 0.004635633900761604, 0.004414783790707588, 0.004351326730102301, 0.004221083130687475, 0.004154618829488754, 0.003979131113737822, 0.0039166961796581745, 0.0038093652110546827, 0.0037115782033652067, 0.003657823195680976, 0.003550213295966387, 0.003590633161365986, 0.00359196774661541, 0.0034577520564198494, 0.0032926739659160376, 0.00332171400077641, 0.0032026981934905052, 0.0031287691090255976, 0.0031076495070010424, 0.0030984121840447187, 0.0029878660570830107, 0.003346013370901346, 0.0031029428355395794, 0.0029808806721121073, 0.002865319838747382, 0.002825402654707432, 0.002775432076305151, 0.002745145233348012, 0.0027498016133904457, 0.0026079448871314526, 0.00255543552339077, 0.002515215892344713, 0.0024902275763452053, 0.002534341299906373, 0.002477696631103754, 0.0024651940912008286, 0.0024169820826500654, 0.0023368115071207285, 0.0023595893289893866, 0.0022898565512150526, 0.0022978808265179396, 0.0021901519503444433, 0.0021896425168961287, 0.002191640669479966, 0.0022188383154571056, 0.002175341360270977, 0.002145846374332905, 0.0020366390235722065, 0.0021266310941427946, 0.0021286786068230867, 0.0021200627088546753, 0.001971742371097207, 0.0019173641921952367, 0.0019468236714601517, 0.001943608047440648, 0.001892286934889853, 0.001856656395830214, 0.0018401198321953416, 0.0017709184903651476, 0.0018074840772897005, 0.0017557641258463264, 0.0017379607306793332, 0.0017487116856500506, 0.0017144978046417236, 0.0016847675433382392, 0.0016705089947208762, 0.0018676879117265344, 0.001603048644028604, 0.0016101882793009281, 0.0016056624008342624, 0.0015487147029489279, 0.001551515655592084, 0.0015738412039354444, 0.0016939167398959398, 0.001497411634773016, 0.0014424510300159454, 0.0014533399371430278, 0.0014590061036869884, 0.0014772063586860895, 0.00146511010825634, 0.0014285502256825566, 0.001382035086862743, 0.0013902169885113835, 0.001349917845800519], "accs": [39.95000076293945, 51.05999755859375, 52.32999801635742, 55.52000045776367, 62.05999755859375, 67.79999542236328, 62.78999710083008, 71.77999877929688, 71.6199951171875, 71.1199951171875, 74.5, 76.29000091552734, 75.72000122070312, 76.4000015258789, 76.33000183105469, 78.75999450683594, 77.97000122070312, 79.87999725341797, 79.87999725341797, 79.29000091552734, 79.57999420166016, 79.97999572753906, 80.77999877929688, 81.06999969482422, 81.25, 81.27999877929688, 80.6500015258789, 79.27999877929688, 81.0199966430664, 81.45999908447266, 82.25999450683594, 81.48999786376953, 81.61000061035156, 82.25999450683594, 82.13999938964844, 81.58999633789062, 82.61000061035156, 80.55999755859375, 83.43000030517578, 83.29000091552734, 82.18000030517578, 83.94999694824219, 82.81999969482422, 82.63999938964844, 83.32999420166016, 83.73999786376953, 83.40999603271484, 82.70999908447266, 82.70999908447266, 83.33999633789062, 83.45999908447266, 83.20999908447266, 83.48999786376953, 83.55999755859375, 83.1500015258789, 83.6199951171875, 83.43000030517578, 82.93000030517578, 84.2699966430664, 83.95999908447266, 83.82999420166016, 83.32999420166016, 83.0, 83.9000015258789, 83.65999603271484, 83.54000091552734, 84.04000091552734, 83.40999603271484, 82.95999908447266, 82.18999481201172, 83.40999603271484, 84.07999420166016, 84.50999450683594, 83.43000030517578, 82.68000030517578, 83.93000030517578, 84.29000091552734, 83.72999572753906, 83.86000061035156, 83.47999572753906, 83.70999908447266, 83.19999694824219, 83.93999481201172, 83.66999816894531, 83.44999694824219, 84.08999633789062, 84.38999938964844, 83.94999694824219, 84.27999877929688, 84.1500015258789, 84.47000122070312, 83.98999786376953, 84.5999984741211, 84.90999603271484, 83.8499984741211, 84.12999725341797, 84.2699966430664, 83.56999969482422, 84.23999786376953, 84.41999816894531], "epochs": [0, 1, 2, 3, 4, 5, 6, 7, 8, 9, 10, 11, 12, 13, 14, 15, 16, 17, 18, 19, 20, 21, 22, 23, 24, 25, 26, 27, 28, 29, 30, 31, 32, 33, 34, 35, 36, 37, 38, 39, 40, 41, 42, 43, 44, 45, 46, 47, 48, 49, 50, 51, 52, 53, 54, 55, 56, 57, 58, 59, 60, 61, 62, 63, 64, 65, 66, 67, 68, 69, 70, 71, 72, 73, 74, 75, 76, 77, 78, 79, 80, 81, 82, 83, 84, 85, 86, 87, 88, 89, 90, 91, 92, 93, 94, 95, 96, 97, 98, 99]}