{"train_losses": [0.01879959926009178, 0.01784178614616394, 0.016865568235516548, 0.015913208946585655, 0.01514599472284317, 0.01453311461955309, 0.014004658907651901, 0.013612533919513226, 0.013186611235141754, 0.012857495807111263, 0.012528793886303902, 0.012231366708874702, 0.012009851634502411, 0.01176929660141468, 0.011595486663281918, 0.011374215595424175, 0.011202996596693993, 0.011025261133909225, 0.010888486169278622, 0.010743391700088978, 0.010608704760670662, 0.010501386597752571, 0.010328921489417553, 0.010246600024402142, 0.010107364505529404, 0.010018007829785347, 0.009904097765684128, 0.009779871441423893, 0.009692260064184666, 0.009580097161233425, 0.00946213398128748, 0.009369020350277424, 0.009296209551393986, 0.009194421581923962, 0.00909293070435524, 0.009085075929760933, 0.008976579643785954, 0.008908946067094803, 0.008842289447784424, 0.008792828768491745, 0.008743935264647007, 0.008688976056873798, 0.008619706146419048, 0.008507609367370605, 0.008510827086865902, 0.008456110954284668, 0.00838781800121069, 0.008340923115611076, 0.008300055749714375, 0.008247903548181057, 0.008239968679845333, 0.008138860575854778, 0.008143700659275055, 0.008063438348472118, 0.007996166124939919, 0.007954724133014679, 0.007904084399342537, 0.007883721962571144, 0.007867016829550266, 0.007807137444615364, 0.007749458309262991, 0.007727886084467173, 0.007686859928071499, 0.007692363578826189, 0.007577840238809586, 0.007566974498331547, 0.007565902080386877, 0.0075165340676903725, 0.007485257461667061, 0.0074304137378931046, 0.007429016754031181, 0.007389741018414497, 0.007306080777198076, 0.00731231365352869, 0.007313269656151533, 0.007262663450092077, 0.00724495155736804, 0.0071559171192348, 0.0071349297650158405, 0.007145004812628031, 0.007067100144922733, 0.00707887252792716, 0.007057023700326681, 0.007010974455624819, 0.00701105035841465, 0.0069582220166921616, 0.006982974708080292, 0.0069181714206933975, 0.006865399423986673, 0.006896166130900383, 0.00686417892575264, 0.006839165464043617, 0.006835529580712318, 0.006783347111195326, 0.0067573413252830505, 0.006708295550197363, 0.00670512393116951, 0.006642448715865612, 0.00662380363792181, 0.006646962836384773], "accs": [13.719999313354492, 17.639999389648438, 23.709999084472656, 28.219999313354492, 31.869998931884766, 34.80999755859375, 37.959999084472656, 40.13999938964844, 41.65999984741211, 43.25, 45.28999710083008, 45.94999694824219, 47.16999816894531, 48.459999084472656, 49.30999755859375, 49.84000015258789, 50.86000061035156, 51.0, 52.029998779296875, 52.25, 52.97999954223633, 53.52000045776367, 54.06999969482422, 54.7599983215332, 55.40999984741211, 55.64999771118164, 55.69999694824219, 56.529998779296875, 57.3599967956543, 57.349998474121094, 57.349998474121094, 57.7599983215332, 58.459999084472656, 58.37999725341797, 58.599998474121094, 59.0, 59.43000030517578, 59.689998626708984, 60.13999938964844, 60.12999725341797, 60.18000030517578, 60.68000030517578, 60.869998931884766, 61.099998474121094, 61.41999816894531, 61.599998474121094, 61.599998474121094, 61.69999694824219, 61.84000015258789, 62.34000015258789, 62.529998779296875, 62.6099967956543, 62.81999969482422, 63.07999801635742, 63.39999771118164, 63.37999725341797, 63.71999740600586, 63.5099983215332, 63.55999755859375, 63.599998474121094, 64.19999694824219, 64.18000030517578, 64.27999877929688, 64.36000061035156, 64.43000030517578, 64.69999694824219, 65.0199966430664, 65.06999969482422, 65.18000030517578, 65.43000030517578, 65.4000015258789, 65.56999969482422, 65.72000122070312, 65.83000183105469, 65.86000061035156, 66.0199966430664, 66.1500015258789, 66.33000183105469, 66.63999938964844, 66.58000183105469, 66.8699951171875, 66.93999481201172, 66.83000183105469, 67.0, 66.91999816894531, 67.18000030517578, 67.16999816894531, 67.6199951171875, 67.47000122070312, 67.61000061035156, 67.45999908447266, 67.54999542236328, 67.83000183105469, 68.05999755859375, 68.12999725341797, 68.22000122070312, 68.33000183105469, 68.31999969482422, 68.3699951171875, 68.3699951171875], "epochs": [0, 1, 2, 3, 4, 5, 6, 7, 8, 9, 10, 11, 12, 13, 14, 15, 16, 17, 18, 19, 20, 21, 22, 23, 24, 25, 26, 27, 28, 29, 30, 31, 32, 33, 34, 35, 36, 37, 38, 39, 40, 41, 42, 43, 44, 45, 46, 47, 48, 49, 50, 51, 52, 53, 54, 55, 56, 57, 58, 59, 60, 61, 62, 63, 64, 65, 66, 67, 68, 69, 70, 71, 72, 73, 74, 75, 76, 77, 78, 79, 80, 81, 82, 83, 84, 85, 86, 87, 88, 89, 90, 91, 92, 93, 94, 95, 96, 97, 98, 99]}