{"train_losses": [0.013679093681275845, 0.010935336351394653, 0.010578317567706108, 0.009339142590761185, 0.008487082086503506, 0.007662902120500803, 0.007065823767334223, 0.006584080867469311, 0.006160359364002943, 0.005807468667626381, 0.005453030113130808, 0.0052307830192148685, 0.004925841931253672, 0.004766873084008694, 0.004602833651006222, 0.004426231607794762, 0.004258052911609411, 0.004110618960112333, 0.003930711653083563, 0.003895296948030591, 0.0037187174893915653, 0.003688989207148552, 0.003526876447722316, 0.0035901570226997137, 0.003350895596668124, 0.0032256466802209616, 0.0031442574691027403, 0.0031042741611599922, 0.0029559547547250986, 0.002908836817368865, 0.002829808508977294, 0.002776737092062831, 0.002745336852967739, 0.0027057372499257326, 0.002647169167175889, 0.0025607156567275524, 0.00248519703745842, 0.0024526414927095175, 0.0024036273825913668, 0.002381063997745514, 0.0023923979606479406, 0.002372777322307229, 0.0022020882461220026, 0.0021664558444172144, 0.002141726203262806, 0.0021108274813741446, 0.002142558339983225, 0.002063081134110689, 0.0020008296705782413, 0.0019400964956730604, 0.0020794488955289125, 0.0020175152458250523, 0.0018835784867405891, 0.0018573458073660731, 0.0017816665349528193, 0.0017671366222202778, 0.0017185560427606106, 0.0017267836956307292, 0.001678216503933072, 0.0016687031602486968, 0.0016291032079607248, 0.0016347832279279828, 0.0016219608951359987, 0.0016576338093727827, 0.0036349256988614798, 0.0017046352149918675, 0.0015543111367151141, 0.0014981655403971672, 0.001474499935284257, 0.0014692655531689525, 0.001420890330336988, 0.0014195623807609081, 0.0014308037934824824, 0.00142816046718508, 0.0016560829244554043, 0.0014060214161872864, 0.0013341428712010384, 0.0013181227259337902, 0.0013020370388403535, 0.0012818637769669294, 0.0014604120515286922, 0.0012718202779069543, 0.0012359964894130826, 0.0012334909988567233, 0.0011911579640582204, 0.001201970037072897, 0.001150646829046309, 0.0011833898024633527, 0.0011668511433526874, 0.0011690850369632244, 0.001112143392674625, 0.0011067211162298918, 0.00154130591545254, 0.0010829624952748418, 0.0010863237548619509, 0.001041906070895493, 0.0010438355384394526, 0.0010340791195631027, 0.0010187249863520265, 0.0023035258054733276], "accs": [44.46999740600586, 54.37999725341797, 53.55999755859375, 60.40999984741211, 63.79999923706055, 70.47999572753906, 67.4000015258789, 71.54999542236328, 72.25999450683594, 72.63999938964844, 75.47000122070312, 76.86000061035156, 77.72000122070312, 77.52999877929688, 79.30999755859375, 78.68000030517578, 80.2699966430664, 79.75999450683594, 79.70999908447266, 80.47999572753906, 81.8499984741211, 78.04999542236328, 81.62999725341797, 81.95999908447266, 81.04999542236328, 81.57999420166016, 82.05999755859375, 81.45999908447266, 81.91999816894531, 83.1500015258789, 83.22999572753906, 83.4000015258789, 83.45999908447266, 83.66999816894531, 83.07999420166016, 84.36000061035156, 84.25, 84.20999908447266, 83.66999816894531, 84.20999908447266, 81.3499984741211, 83.82999420166016, 84.20999908447266, 85.04999542236328, 83.6500015258789, 83.97999572753906, 84.55999755859375, 84.37999725341797, 84.25999450683594, 84.5, 83.87999725341797, 84.04999542236328, 84.06999969482422, 84.31999969482422, 84.87999725341797, 84.65999603271484, 83.79000091552734, 85.04000091552734, 84.79000091552734, 84.70999908447266, 84.69999694824219, 85.04000091552734, 83.95999908447266, 83.52999877929688, 84.7699966430664, 85.68999481201172, 85.25, 85.1500015258789, 85.22000122070312, 84.75, 85.22999572753906, 85.58999633789062, 85.2699966430664, 85.04999542236328, 84.88999938964844, 85.47000122070312, 85.05999755859375, 85.00999450683594, 84.72000122070312, 85.5999984741211, 85.15999603271484, 85.45999908447266, 85.36000061035156, 85.04999542236328, 84.82999420166016, 85.1199951171875, 85.23999786376953, 84.62999725341797, 85.15999603271484, 85.36000061035156, 84.94999694824219, 84.72000122070312, 85.5199966430664, 84.97000122070312, 85.47000122070312, 85.04000091552734, 85.36000061035156, 86.04000091552734, 85.58999633789062, 82.5], "epochs": [0, 1, 2, 3, 4, 5, 6, 7, 8, 9, 10, 11, 12, 13, 14, 15, 16, 17, 18, 19, 20, 21, 22, 23, 24, 25, 26, 27, 28, 29, 30, 31, 32, 33, 34, 35, 36, 37, 38, 39, 40, 41, 42, 43, 44, 45, 46, 47, 48, 49, 50, 51, 52, 53, 54, 55, 56, 57, 58, 59, 60, 61, 62, 63, 64, 65, 66, 67, 68, 69, 70, 71, 72, 73, 74, 75, 76, 77, 78, 79, 80, 81, 82, 83, 84, 85, 86, 87, 88, 89, 90, 91, 92, 93, 94, 95, 96, 97, 98, 99]}