{"train_losses": [0.016944104805588722, 0.014793378300964832, 0.013529757969081402, 0.012522299773991108, 0.011724352836608887, 0.011156518012285233, 0.010580851696431637, 0.010098213329911232, 0.00963143166154623, 0.009263287298381329, 0.008911692537367344, 0.0085893664509058, 0.008262881077826023, 0.007994208484888077, 0.007779779378324747, 0.007534118369221687, 0.007308255415409803, 0.007112917490303516, 0.006934459786862135, 0.0067980289459228516, 0.006610998418182135, 0.006483057513833046, 0.006364446133375168, 0.006244196090847254, 0.0061165643855929375, 0.006025408860296011, 0.0058783963322639465, 0.005789056420326233, 0.005702213384211063, 0.005601793527603149, 0.0054963119328022, 0.005403267685323954, 0.005319083109498024, 0.005267431493848562, 0.00520523963496089, 0.00510249612852931, 0.00502129178494215, 0.005003428552299738, 0.004909239709377289, 0.0048417262732982635, 0.004728455562144518, 0.0047219968400895596, 0.0046208021230995655, 0.004598088096827269, 0.004544062539935112, 0.004445125814527273, 0.00441949674859643, 0.004365209955722094, 0.004302565474063158, 0.004206985235214233, 0.004178327042609453, 0.004127173684537411, 0.00406567333266139, 0.0040342132560908794, 0.004010871052742004, 0.0038803559727966785, 0.0038536409847438335, 0.003808841109275818, 0.003778394777327776, 0.0037157214246690273, 0.0037033071275800467, 0.003582852892577648, 0.0035918639041483402, 0.0035517369396984577, 0.0034979546908289194, 0.003478572703897953, 0.0034156462643295527, 0.00336406915448606, 0.0033202189952135086, 0.0032725452911108732, 0.003269179491326213, 0.003217877820134163, 0.003104586387053132, 0.0031228133011609316, 0.0030305678956210613, 0.0030543855391442776, 0.0030019539408385754, 0.0029897827189415693, 0.0028691997285932302, 0.002921032253652811, 0.0028907745145261288, 0.002853135112673044, 0.0027716231998056173, 0.002751403721049428, 0.0027072764933109283, 0.0027143999468535185, 0.002623634645715356, 0.0026308961678296328, 0.0025163276586681604, 0.0025503342039883137, 0.002492512809112668, 0.0024854540824890137, 0.002433083951473236, 0.0024164151400327682, 0.002369333291426301, 0.002359730890020728, 0.002313797827810049, 0.002300867810845375, 0.0022564956452697515, 0.0022685639560222626], "accs": [29.15999984741211, 35.939998626708984, 42.73999786376953, 45.81999969482422, 49.14999771118164, 52.22999954223633, 54.68000030517578, 57.07999801635742, 58.029998779296875, 59.87999725341797, 61.71999740600586, 63.0099983215332, 64.0199966430664, 64.41999816894531, 65.33000183105469, 66.38999938964844, 66.95999908447266, 68.00999450683594, 68.7699966430664, 68.88999938964844, 69.47000122070312, 70.30999755859375, 69.93999481201172, 70.81999969482422, 70.8699951171875, 71.31999969482422, 71.73999786376953, 72.11000061035156, 72.05999755859375, 72.15999603271484, 72.79000091552734, 72.79999542236328, 73.02999877929688, 73.68999481201172, 73.8499984741211, 73.9000015258789, 74.15999603271484, 74.16999816894531, 74.56999969482422, 74.88999938964844, 74.50999450683594, 74.38999938964844, 75.37999725341797, 75.00999450683594, 75.41999816894531, 75.16999816894531, 75.0, 75.1199951171875, 75.00999450683594, 75.25999450683594, 75.4000015258789, 75.50999450683594, 75.68000030517578, 75.8699951171875, 75.6500015258789, 75.79000091552734, 76.18000030517578, 76.0999984741211, 76.29999542236328, 76.0999984741211, 75.91999816894531, 76.31999969482422, 76.08999633789062, 75.93000030517578, 76.1199951171875, 76.06999969482422, 75.97999572753906, 76.19999694824219, 75.55999755859375, 76.31999969482422, 76.29999542236328, 76.33999633789062, 76.47999572753906, 76.77999877929688, 76.66999816894531, 76.65999603271484, 76.83999633789062, 76.58999633789062, 76.45999908447266, 76.31999969482422, 76.43000030517578, 76.68999481201172, 76.54000091552734, 76.61000061035156, 76.29999542236328, 76.62999725341797, 76.29999542236328, 76.38999938964844, 76.48999786376953, 76.93000030517578, 76.48999786376953, 76.61000061035156, 76.36000061035156, 76.54000091552734, 77.13999938964844, 76.79000091552734, 76.86000061035156, 77.08000183105469, 76.72999572753906, 76.75], "epochs": [0, 1, 2, 3, 4, 5, 6, 7, 8, 9, 10, 11, 12, 13, 14, 15, 16, 17, 18, 19, 20, 21, 22, 23, 24, 25, 26, 27, 28, 29, 30, 31, 32, 33, 34, 35, 36, 37, 38, 39, 40, 41, 42, 43, 44, 45, 46, 47, 48, 49, 50, 51, 52, 53, 54, 55, 56, 57, 58, 59, 60, 61, 62, 63, 64, 65, 66, 67, 68, 69, 70, 71, 72, 73, 74, 75, 76, 77, 78, 79, 80, 81, 82, 83, 84, 85, 86, 87, 88, 89, 90, 91, 92, 93, 94, 95, 96, 97, 98, 99]}