{"train_losses": [0.012018444947898388, 0.00920109823346138, 0.008660967461764812, 0.007768893148750067, 0.007080143317580223, 0.0064523834735155106, 0.005996820982545614, 0.005592538975179195, 0.005201234482228756, 0.004929217975586653, 0.004711213055998087, 0.004485697485506535, 0.004334388300776482, 0.004136168397963047, 0.003921933006495237, 0.003843419486656785, 0.003713301382958889, 0.003558849450200796, 0.003445330774411559, 0.0033685830421745777, 0.0032812939025461674, 0.0031923800706863403, 0.0031190570443868637, 0.0029908879660069942, 0.0029285240452736616, 0.002866246970370412, 0.0028139520436525345, 0.0027585988864302635, 0.0027230221312493086, 0.002623465843498707, 0.0025757497642189264, 0.002544100396335125, 0.0024800116661936045, 0.0024227318353950977, 0.0023720881436020136, 0.002309233183041215, 0.0022944610100239515, 0.0022096612956374884, 0.002180867362767458, 0.002169367391616106, 0.002072309609502554, 0.0020647707860916853, 0.002041337313130498, 0.0019988827407360077, 0.002003628294914961, 0.001925087533891201, 0.0019160339143127203, 0.0019051943672820926, 0.0017977360403165221, 0.001820702338591218, 0.001787601737305522, 0.0017887091962620616, 0.0017015649937093258, 0.0016691575292497873, 0.0016477979952469468, 0.0016261698910966516, 0.0016211832407861948, 0.0015787412412464619, 0.0015213724691420794, 0.0015125713543966413, 0.0014868760481476784, 0.0014857376227155328, 0.0014281626790761948, 0.0014373359736055136, 0.0013909712433815002, 0.0013871632982045412, 0.0013831997057422996, 0.0013757789274677634, 0.0013304336462169886, 0.001320353359915316, 0.0012922367313876748, 0.0012996027944609523, 0.0012602318311110139, 0.0012097570579499006, 0.0012355137150734663, 0.0012126597575843334, 0.001200392609462142, 0.0011740165064111352, 0.0011518779210746288, 0.0011571897193789482, 0.0010924403322860599, 0.0011435600463300943, 0.0010818511946126819, 0.0010708715999498963, 0.0010693795047700405, 0.0010300771100446582, 0.0010644313879311085, 0.0010744384489953518, 0.0010237636743113399, 0.0009966813959181309, 0.0009924425976350904, 0.0009890440851449966, 0.0009833798976615071, 0.0009642289369367063, 0.0009547616937197745, 0.0009547845693305135, 0.0009452344384044409, 0.0009100910974666476, 0.0008880606619641185, 0.0009226716938428581], "accs": [53.5, 61.98999786376953, 62.0, 63.82999801635742, 71.30999755859375, 71.95999908447266, 74.56999969482422, 75.87999725341797, 75.7699966430664, 77.08999633789062, 79.40999603271484, 78.87999725341797, 78.57999420166016, 79.70999908447266, 78.50999450683594, 80.6500015258789, 81.43999481201172, 81.22000122070312, 82.22999572753906, 82.04000091552734, 81.81999969482422, 82.05999755859375, 82.5199966430664, 82.95999908447266, 82.70999908447266, 82.88999938964844, 83.52999877929688, 83.81999969482422, 83.5, 82.82999420166016, 83.83999633789062, 82.18999481201172, 83.22999572753906, 83.87999725341797, 83.8499984741211, 83.37999725341797, 83.6199951171875, 83.69999694824219, 83.5999984741211, 83.54000091552734, 84.54999542236328, 84.62999725341797, 83.94999694824219, 83.91999816894531, 84.1199951171875, 84.75, 84.68999481201172, 84.48999786376953, 84.2699966430664, 84.48999786376953, 84.20999908447266, 84.1199951171875, 84.79999542236328, 84.68000030517578, 84.62999725341797, 84.6500015258789, 84.65999603271484, 84.47000122070312, 84.5, 84.54999542236328, 84.75, 84.54999542236328, 84.30999755859375, 84.68000030517578, 84.47999572753906, 84.50999450683594, 84.98999786376953, 84.3499984741211, 84.7699966430664, 84.98999786376953, 84.4000015258789, 84.75, 83.94999694824219, 84.3499984741211, 84.44999694824219, 84.5, 84.8499984741211, 83.93999481201172, 85.08999633789062, 85.13999938964844, 84.75999450683594, 85.43000030517578, 84.47999572753906, 84.47000122070312, 84.87999725341797, 85.02999877929688, 85.47999572753906, 84.77999877929688, 84.94999694824219, 84.75, 84.61000061035156, 84.8499984741211, 84.97000122070312, 84.79000091552734, 85.47999572753906, 85.22999572753906, 84.94999694824219, 84.87999725341797, 84.97999572753906, 85.30999755859375], "epochs": [0, 1, 2, 3, 4, 5, 6, 7, 8, 9, 10, 11, 12, 13, 14, 15, 16, 17, 18, 19, 20, 21, 22, 23, 24, 25, 26, 27, 28, 29, 30, 31, 32, 33, 34, 35, 36, 37, 38, 39, 40, 41, 42, 43, 44, 45, 46, 47, 48, 49, 50, 51, 52, 53, 54, 55, 56, 57, 58, 59, 60, 61, 62, 63, 64, 65, 66, 67, 68, 69, 70, 71, 72, 73, 74, 75, 76, 77, 78, 79, 80, 81, 82, 83, 84, 85, 86, 87, 88, 89, 90, 91, 92, 93, 94, 95, 96, 97, 98, 99]}