{"train_losses": [0.016803894191980362, 0.014794694259762764, 0.013565351255238056, 0.012569377198815346, 0.011826343834400177, 0.011225944384932518, 0.01063921395689249, 0.010173334740102291, 0.00974265392869711, 0.00932985357940197, 0.008969532325863838, 0.008619626052677631, 0.008320579305291176, 0.008124375715851784, 0.007820933125913143, 0.0075971647165715694, 0.007343575358390808, 0.007189610973000526, 0.00701178377494216, 0.006828420329838991, 0.0066597857512533665, 0.0065310061909258366, 0.006377363111823797, 0.006300120614469051, 0.006164900958538055, 0.006065421737730503, 0.005914277397096157, 0.005794292315840721, 0.005709908902645111, 0.005612464621663094, 0.0055405572056770325, 0.005400579888373613, 0.005354712251573801, 0.005274580325931311, 0.005220561288297176, 0.005117723718285561, 0.005055651068687439, 0.004963903222233057, 0.004937930963933468, 0.0047842287458479404, 0.004787028301507235, 0.0046759238466620445, 0.004583640489727259, 0.0045767901465296745, 0.0045321001671254635, 0.004431384149938822, 0.004372014198452234, 0.004333904478698969, 0.004256803076714277, 0.004217647947371006, 0.004115671385079622, 0.004093575291335583, 0.004042244981974363, 0.003996109589934349, 0.003910158295184374, 0.0039002657867968082, 0.0038382860366255045, 0.0037535380106419325, 0.0037383611779659986, 0.0037024791818112135, 0.0036552241072058678, 0.0036003587301820517, 0.0035608739126473665, 0.00351167400367558, 0.003447608556598425, 0.0034270433243364096, 0.003347016405314207, 0.003398245433345437, 0.003258872078731656, 0.0032614830415695906, 0.0031900398898869753, 0.003171593649312854, 0.0031005232594907284, 0.003073781030252576, 0.003027568804100156, 0.002957535907626152, 0.0029847535770386457, 0.002916594734415412, 0.0028954357840120792, 0.0028009272646158934, 0.002815260784700513, 0.002755004446953535, 0.00271957297809422, 0.0027346168644726276, 0.0026742415502667427, 0.002628735499456525, 0.0025817931164056063, 0.002563196700066328, 0.00252151838503778, 0.0024529455695301294, 0.0024611663538962603, 0.0024401312693953514, 0.0023829396814107895, 0.0024162845220416784, 0.0023529191967099905, 0.002310065319761634, 0.002245633862912655, 0.0022217880468815565, 0.00220622424967587, 0.0021780880633741617], "accs": [30.28999900817871, 35.540000915527344, 41.38999938964844, 46.18000030517578, 49.439998626708984, 52.44999694824219, 53.90999984741211, 55.959999084472656, 58.25, 59.71999740600586, 60.8599967956543, 63.03999710083008, 64.18000030517578, 65.05999755859375, 65.91999816894531, 66.75, 67.08000183105469, 67.70999908447266, 68.75, 69.69999694824219, 69.41999816894531, 69.93999481201172, 70.72000122070312, 71.6500015258789, 71.27999877929688, 71.44999694824219, 72.0199966430664, 71.95999908447266, 72.44999694824219, 72.43000030517578, 72.72999572753906, 73.15999603271484, 73.5, 73.36000061035156, 73.8499984741211, 73.80999755859375, 74.5, 74.58999633789062, 74.33999633789062, 74.6500015258789, 74.56999969482422, 74.50999450683594, 75.08999633789062, 75.43999481201172, 75.05999755859375, 75.43000030517578, 75.23999786376953, 75.44999694824219, 75.43000030517578, 74.79000091552734, 75.83999633789062, 75.55999755859375, 75.93000030517578, 75.5, 75.9000015258789, 75.3699951171875, 75.73999786376953, 75.81999969482422, 75.75999450683594, 75.75, 75.97999572753906, 75.97999572753906, 75.94999694824219, 76.16999816894531, 76.41999816894531, 75.93000030517578, 75.79999542236328, 76.02999877929688, 76.06999969482422, 75.69999694824219, 76.12999725341797, 76.40999603271484, 76.20999908447266, 76.54000091552734, 76.58999633789062, 76.5999984741211, 76.13999938964844, 76.27999877929688, 76.80999755859375, 76.44999694824219, 76.30999755859375, 76.1199951171875, 75.98999786376953, 76.15999603271484, 76.33999633789062, 75.79999542236328, 76.68000030517578, 76.12999725341797, 76.43999481201172, 76.58999633789062, 76.31999969482422, 76.33000183105469, 76.75, 76.33000183105469, 76.6199951171875, 76.1199951171875, 76.15999603271484, 76.0999984741211, 76.48999786376953, 76.41999816894531], "epochs": [0, 1, 2, 3, 4, 5, 6, 7, 8, 9, 10, 11, 12, 13, 14, 15, 16, 17, 18, 19, 20, 21, 22, 23, 24, 25, 26, 27, 28, 29, 30, 31, 32, 33, 34, 35, 36, 37, 38, 39, 40, 41, 42, 43, 44, 45, 46, 47, 48, 49, 50, 51, 52, 53, 54, 55, 56, 57, 58, 59, 60, 61, 62, 63, 64, 65, 66, 67, 68, 69, 70, 71, 72, 73, 74, 75, 76, 77, 78, 79, 80, 81, 82, 83, 84, 85, 86, 87, 88, 89, 90, 91, 92, 93, 94, 95, 96, 97, 98, 99]}