{"train_losses": [0.012073683552443981, 0.009199758060276508, 0.008588067255914211, 0.007652520667761564, 0.0069389622658491135, 0.0063538262620568275, 0.0059310924261808395, 0.0055663748644292355, 0.005292792804539204, 0.004997970536351204, 0.004753805231302977, 0.004541786853224039, 0.00438689487054944, 0.004199672490358353, 0.004049024544656277, 0.003925814293324947, 0.003776265075430274, 0.003763421205803752, 0.0035284203477203846, 0.0034797925036400557, 0.003362028393894434, 0.003254209877923131, 0.0031427075155079365, 0.0030994508415460587, 0.003009887645021081, 0.0029715627897530794, 0.0029189400374889374, 0.0028206047136336565, 0.0027451824862509966, 0.0026765980292111635, 0.0025746929459273815, 0.0025486331433057785, 0.0024995000567287207, 0.002601701533421874, 0.0023998282849788666, 0.0023762627970427275, 0.0022984750103205442, 0.002262996742501855, 0.00225203949958086, 0.0021701997611671686, 0.0021395746152848005, 0.0021043724846094847, 0.002100139856338501, 0.002056012162938714, 0.0019908451940864325, 0.0019807228818535805, 0.001908512320369482, 0.001908518373966217, 0.0018689768621698022, 0.001797709264792502, 0.0018273298628628254, 0.0017883768305182457, 0.0017332257702946663, 0.0017436569323763251, 0.001728641800582409, 0.0016531277215108275, 0.0017868955619633198, 0.0016539321513846517, 0.0016153150936588645, 0.0015840911073610187, 0.001564378966577351, 0.002735730493441224, 0.0017383834347128868, 0.001543513615615666, 0.0014637066051363945, 0.0014602175215259194, 0.0014216987183317542, 0.0014268375234678388, 0.0014243705663830042, 0.0014219045406207442, 0.0014302257914096117, 0.0013629980385303497, 0.001328367623500526, 0.00137107924092561, 0.0013253588695079088, 0.0013030791888013482, 0.0012654138263314962, 0.0012982533080503345, 0.001286578830331564, 0.0012042935704812407, 0.0012418702244758606, 0.00122172967530787, 0.0012029812205582857, 0.0012024379102513194, 0.0011920593678951263, 0.001151577802374959, 0.0011672632535919547, 0.001125771552324295, 0.0011379435891285539, 0.0011184264440089464, 0.001087915850803256, 0.0010808149818331003, 0.001093951053917408, 0.0010868271347135305, 0.001037370297126472, 0.0012251363368704915, 0.0010460632620379329, 0.0010243195574730635, 0.0010548247955739498, 0.0009980248287320137], "accs": [52.80999755859375, 61.05999755859375, 64.86000061035156, 70.13999938964844, 69.79000091552734, 70.5199966430664, 73.68000030517578, 76.31999969482422, 76.83999633789062, 77.05999755859375, 77.3499984741211, 79.04999542236328, 79.80999755859375, 80.0999984741211, 79.97999572753906, 80.3699951171875, 81.2699966430664, 80.90999603271484, 81.43000030517578, 81.83999633789062, 82.32999420166016, 82.40999603271484, 82.15999603271484, 82.6199951171875, 83.15999603271484, 82.36000061035156, 83.43000030517578, 82.75, 83.18000030517578, 83.52999877929688, 83.70999908447266, 83.50999450683594, 83.31999969482422, 83.73999786376953, 84.07999420166016, 84.16999816894531, 84.0, 84.5, 83.93999481201172, 84.47000122070312, 84.63999938964844, 84.40999603271484, 84.02999877929688, 84.55999755859375, 85.33999633789062, 84.38999938964844, 84.48999786376953, 84.72999572753906, 84.80999755859375, 84.54000091552734, 84.72999572753906, 85.04999542236328, 84.69999694824219, 84.61000061035156, 84.87999725341797, 84.31999969482422, 84.37999725341797, 84.82999420166016, 84.73999786376953, 85.07999420166016, 85.52999877929688, 84.4000015258789, 84.8499984741211, 85.06999969482422, 85.22999572753906, 84.98999786376953, 84.56999969482422, 85.0999984741211, 84.72999572753906, 85.00999450683594, 84.95999908447266, 84.45999908447266, 84.88999938964844, 84.83999633789062, 85.1199951171875, 85.08999633789062, 85.0999984741211, 85.31999969482422, 85.02999877929688, 85.1500015258789, 84.31999969482422, 84.70999908447266, 84.68000030517578, 85.68999481201172, 85.25, 85.23999786376953, 85.61000061035156, 85.57999420166016, 85.73999786376953, 85.68000030517578, 85.30999755859375, 85.52999877929688, 85.54000091552734, 85.25, 85.18999481201172, 85.07999420166016, 85.15999603271484, 85.88999938964844, 85.47000122070312, 85.56999969482422], "epochs": [0, 1, 2, 3, 4, 5, 6, 7, 8, 9, 10, 11, 12, 13, 14, 15, 16, 17, 18, 19, 20, 21, 22, 23, 24, 25, 26, 27, 28, 29, 30, 31, 32, 33, 34, 35, 36, 37, 38, 39, 40, 41, 42, 43, 44, 45, 46, 47, 48, 49, 50, 51, 52, 53, 54, 55, 56, 57, 58, 59, 60, 61, 62, 63, 64, 65, 66, 67, 68, 69, 70, 71, 72, 73, 74, 75, 76, 77, 78, 79, 80, 81, 82, 83, 84, 85, 86, 87, 88, 89, 90, 91, 92, 93, 94, 95, 96, 97, 98, 99]}