{"train_losses": [0.019451022148132324, 0.01811348646879196, 0.016971569508314133, 0.015995655208826065, 0.015200895257294178, 0.014549587853252888, 0.013992520049214363, 0.013578998856246471, 0.013172339648008347, 0.012802418321371078, 0.012510005384683609, 0.012237890623509884, 0.012026107870042324, 0.011858968995511532, 0.011688748374581337, 0.011529886163771152, 0.011341119185090065, 0.0112130893394351, 0.011106166988611221, 0.010953034274280071, 0.010810121893882751, 0.010661475360393524, 0.010565309785306454, 0.010471969842910767, 0.010338527150452137, 0.010251274332404137, 0.010149354115128517, 0.010042998939752579, 0.009908639825880527, 0.009836620651185513, 0.00976379681378603, 0.009633812122046947, 0.009593753144145012, 0.009529376402497292, 0.009396771900355816, 0.009359175339341164, 0.00927378237247467, 0.00918747391551733, 0.00916372798383236, 0.009099612943828106, 0.009007162414491177, 0.008937472477555275, 0.008888128213584423, 0.008817816153168678, 0.008791069500148296, 0.008705486543476582, 0.008680654689669609, 0.008641328662633896, 0.00855091493576765, 0.00853816419839859, 0.008434686809778214, 0.008412191644310951, 0.008401480503380299, 0.00836129393428564, 0.008289696648716927, 0.008234760724008083, 0.0082178246229887, 0.00813348963856697, 0.008104025386273861, 0.008052189834415913, 0.008051351644098759, 0.008017188869416714, 0.007980809547007084, 0.007940423674881458, 0.007909657433629036, 0.007863379083573818, 0.007806119043380022, 0.007815061137080193, 0.007735376246273518, 0.007739811670035124, 0.0076586343348026276, 0.007629385683685541, 0.007625091355293989, 0.007602066267281771, 0.007559007499366999, 0.007553210947662592, 0.007476014085114002, 0.007490295916795731, 0.007465831004083157, 0.007431862410157919, 0.007364056073129177, 0.007317575626075268, 0.007335009053349495, 0.007280291523784399, 0.007317803800106049, 0.00727037014439702, 0.007230955641716719, 0.0072101871483027935, 0.007211357355117798, 0.007166373077780008, 0.00709484051913023, 0.007097441237419844, 0.007075085304677486, 0.007103858981281519, 0.007046523038297892, 0.0070253643207252026, 0.0069889891892671585, 0.006936994381248951, 0.006923925131559372, 0.0068995049223303795], "accs": [15.039999961853027, 19.03999900817871, 23.8799991607666, 29.01999855041504, 32.880001068115234, 35.47999954223633, 38.23999786376953, 40.40999984741211, 42.349998474121094, 43.869998931884766, 45.13999938964844, 45.56999969482422, 46.279998779296875, 47.23999786376953, 48.119998931884766, 49.04999923706055, 50.07999801635742, 50.96999740600586, 51.279998779296875, 52.0, 52.59000015258789, 53.09000015258789, 53.91999816894531, 54.369998931884766, 54.39999771118164, 55.029998779296875, 55.209999084472656, 56.02000045776367, 56.349998474121094, 56.52000045776367, 56.75, 57.59000015258789, 57.62999725341797, 57.89999771118164, 58.369998931884766, 58.34000015258789, 58.38999938964844, 59.0, 59.459999084472656, 59.779998779296875, 59.90999984741211, 60.21999740600586, 60.69999694824219, 61.0099983215332, 61.23999786376953, 61.279998779296875, 61.64999771118164, 61.81999969482422, 62.1099967956543, 62.15999984741211, 62.2599983215332, 62.65999984741211, 62.93000030517578, 63.0, 63.28999710083008, 63.28999710083008, 63.5099983215332, 63.2599983215332, 63.53999710083008, 63.5, 64.0199966430664, 64.08999633789062, 63.869998931884766, 64.47999572753906, 64.68999481201172, 64.43000030517578, 64.68000030517578, 64.97999572753906, 64.73999786376953, 65.18999481201172, 65.19999694824219, 65.43000030517578, 65.77999877929688, 65.69999694824219, 65.63999938964844, 65.8499984741211, 65.87999725341797, 66.0, 66.25, 66.06999969482422, 66.4000015258789, 66.43000030517578, 66.58999633789062, 66.54000091552734, 66.69999694824219, 66.83999633789062, 67.0, 67.1199951171875, 67.08999633789062, 67.1199951171875, 67.37999725341797, 67.18999481201172, 67.44999694824219, 67.56999969482422, 67.38999938964844, 67.69999694824219, 67.6199951171875, 67.94999694824219, 67.73999786376953, 68.08000183105469], "epochs": [0, 1, 2, 3, 4, 5, 6, 7, 8, 9, 10, 11, 12, 13, 14, 15, 16, 17, 18, 19, 20, 21, 22, 23, 24, 25, 26, 27, 28, 29, 30, 31, 32, 33, 34, 35, 36, 37, 38, 39, 40, 41, 42, 43, 44, 45, 46, 47, 48, 49, 50, 51, 52, 53, 54, 55, 56, 57, 58, 59, 60, 61, 62, 63, 64, 65, 66, 67, 68, 69, 70, 71, 72, 73, 74, 75, 76, 77, 78, 79, 80, 81, 82, 83, 84, 85, 86, 87, 88, 89, 90, 91, 92, 93, 94, 95, 96, 97, 98, 99]}