{"train_losses": [0.014757738448679447, 0.011609909124672413, 0.010696422308683395, 0.009641474112868309, 0.008881166577339172, 0.00803014263510704, 0.007693637628108263, 0.007130144629627466, 0.0068016196601092815, 0.0065539260394871235, 0.006050746422261, 0.005777875427156687, 0.00946914404630661, 0.008961300365626812, 0.006995476316660643, 0.006306117866188288, 0.005807953421026468, 0.005547244567424059, 0.005397465080022812, 0.005088483914732933, 0.005065372679382563, 0.004861123394221067, 0.004591098055243492, 0.004623247776180506, 0.004514418076723814, 0.004576257895678282, 0.004646610468626022, 0.0045346771366894245, 0.004383182618767023, 0.00613776920363307, 0.004504472017288208, 0.004081256687641144, 0.003982860129326582, 0.0037506804801523685, 0.003775497665628791, 0.0036593314725905657, 0.003481693100184202, 0.005049380008131266, 0.004351378884166479, 0.0037169421557337046, 0.003376949345692992, 0.0033890041522681713, 0.003324192715808749, 0.003268342697992921, 0.003234138945117593, 0.004585159942507744, 0.0034978713374584913, 0.0031180712394416332, 0.0029869298450648785, 0.003021148033440113, 0.0029902709648013115, 0.0029254721011966467, 0.0028385790064930916, 0.0027746781706809998, 0.002714452100917697, 0.0026566870510578156, 0.0026800392661243677, 0.0026193808298557997, 0.002607350004836917, 0.0025039243046194315, 0.0025475306902080774, 0.002455455483868718, 0.002439181786030531, 0.0023625963367521763, 0.0023812809959053993, 0.0022754278033971786, 0.0024265781976282597, 0.002376262564212084, 0.0021995878778398037, 0.002134367823600769, 0.002144693862646818, 0.002127621788531542, 0.002129993634298444, 0.00212110229767859, 0.0021064120810478926, 0.0020734171848744154, 0.002173695946112275, 0.0020319377072155476, 0.0019223698182031512, 0.004647118505090475, 0.002339557046070695, 0.0020175622776150703, 0.0020337277092039585, 0.0019088007975369692, 0.002099032746627927, 0.0019045108929276466, 0.0018090996891260147, 0.0020729524549096823, 0.001862197881564498, 0.0018830387853085995, 0.001861207652837038, 0.0017835390754044056, 0.0017868338618427515, 0.004585300572216511, 0.002719322219491005, 0.0021787495352327824, 0.0019842470064759254, 0.0018293660832569003, 0.001790867536328733, 0.0017095842631533742], "accs": [39.90999984741211, 47.459999084472656, 52.439998626708984, 55.1099967956543, 60.39999771118164, 66.0999984741211, 63.90999984741211, 70.29999542236328, 72.7699966430664, 73.23999786376953, 73.6199951171875, 74.75, 46.30999755859375, 69.81999969482422, 68.75, 75.31999969482422, 76.5999984741211, 76.43999481201172, 73.93999481201172, 72.86000061035156, 79.54000091552734, 77.58999633789062, 78.19999694824219, 78.82999420166016, 78.8499984741211, 80.1500015258789, 80.12999725341797, 78.04999542236328, 80.41999816894531, 78.0, 77.69999694824219, 80.43999481201172, 81.25, 81.58999633789062, 81.81999969482422, 81.38999938964844, 82.41999816894531, 75.70999908447266, 81.08999633789062, 82.47000122070312, 82.23999786376953, 82.83999633789062, 82.12999725341797, 82.2699966430664, 83.0999984741211, 82.12999725341797, 82.43000030517578, 83.32999420166016, 83.54999542236328, 82.16999816894531, 82.91999816894531, 82.52999877929688, 83.72000122070312, 82.72000122070312, 84.0199966430664, 83.83999633789062, 83.62999725341797, 83.30999755859375, 84.25999450683594, 83.98999786376953, 84.25, 82.37999725341797, 83.0999984741211, 84.5999984741211, 83.25, 84.55999755859375, 84.22999572753906, 85.0999984741211, 84.57999420166016, 84.08999633789062, 83.69999694824219, 83.72000122070312, 84.72999572753906, 83.22999572753906, 84.68999481201172, 83.90999603271484, 84.47999572753906, 83.3699951171875, 84.97999572753906, 83.62999725341797, 84.38999938964844, 84.54999542236328, 84.33999633789062, 85.1199951171875, 84.3499984741211, 84.72000122070312, 85.18999481201172, 84.86000061035156, 85.25, 84.97000122070312, 84.45999908447266, 84.75, 84.98999786376953, 81.44999694824219, 82.75, 84.66999816894531, 85.27999877929688, 85.12999725341797, 85.13999938964844, 84.72999572753906], "epochs": [0, 1, 2, 3, 4, 5, 6, 7, 8, 9, 10, 11, 12, 13, 14, 15, 16, 17, 18, 19, 20, 21, 22, 23, 24, 25, 26, 27, 28, 29, 30, 31, 32, 33, 34, 35, 36, 37, 38, 39, 40, 41, 42, 43, 44, 45, 46, 47, 48, 49, 50, 51, 52, 53, 54, 55, 56, 57, 58, 59, 60, 61, 62, 63, 64, 65, 66, 67, 68, 69, 70, 71, 72, 73, 74, 75, 76, 77, 78, 79, 80, 81, 82, 83, 84, 85, 86, 87, 88, 89, 90, 91, 92, 93, 94, 95, 96, 97, 98, 99]}