{"train_losses": [0.01962740160524845, 0.018991656601428986, 0.017947375774383545, 0.016667360439896584, 0.015661224722862244, 0.01491309143602848, 0.014377721585333347, 0.013784701935946941, 0.0133779002353549, 0.013015851378440857, 0.012701882049441338, 0.012391197495162487, 0.012125557288527489, 0.011894148774445057, 0.011704942211508751, 0.011472289450466633, 0.011303720064461231, 0.01113950926810503, 0.011031060479581356, 0.010872846469283104, 0.010724651627242565, 0.010643423534929752, 0.01048237644135952, 0.010392606258392334, 0.010242749936878681, 0.01016942597925663, 0.010032140649855137, 0.009912123903632164, 0.009827224537730217, 0.009736103005707264, 0.009632819332182407, 0.009526818059384823, 0.009467876516282558, 0.009374641813337803, 0.0092560900375247, 0.009179001674056053, 0.00909884087741375, 0.008970089256763458, 0.008949683979153633, 0.008898037485778332, 0.008758552372455597, 0.008713619783520699, 0.008629359304904938, 0.008573285304009914, 0.008554351516067982, 0.008468745276331902, 0.008399964310228825, 0.008332695811986923, 0.00828626099973917, 0.00823969580233097, 0.008187091909348965, 0.00815462414175272, 0.008078528568148613, 0.00804185215383768, 0.008001427166163921, 0.007976205088198185, 0.007924237288534641, 0.007847702130675316, 0.007766347378492355, 0.00773972924798727, 0.007734153885394335, 0.00766854640096426, 0.0076448870822787285, 0.007597534451633692, 0.0075960662215948105, 0.007508586160838604, 0.007480924483388662, 0.007448167540132999, 0.0074365707114338875, 0.00736662745475769, 0.007360525894910097, 0.0072574070654809475, 0.0072738779708743095, 0.007226082030683756, 0.007189663127064705, 0.0071661327965557575, 0.007125727832317352, 0.007098437286913395, 0.007069048937410116, 0.007081243209540844, 0.007012509740889072, 0.006991654634475708, 0.0069268206134438515, 0.0069671450182795525, 0.006890057120472193, 0.006871613673865795, 0.006821394432336092, 0.006804626435041428, 0.006776218768209219, 0.006752717308700085, 0.006727134808897972, 0.0066844988614320755, 0.006678482051938772, 0.006645462475717068, 0.00666695786640048, 0.006627010181546211, 0.0065989927388727665, 0.006606059614568949, 0.006531186401844025, 0.0064972140826284885], "accs": [12.279999732971191, 14.829999923706055, 20.93000030517578, 25.76999855041504, 29.939998626708984, 33.81999969482422, 36.55999755859375, 38.40999984741211, 40.12999725341797, 41.619998931884766, 43.38999938964844, 44.56999969482422, 46.03999710083008, 47.14999771118164, 48.06999969482422, 48.81999969482422, 49.869998931884766, 50.52000045776367, 50.72999954223633, 51.43000030517578, 52.13999938964844, 52.97999954223633, 53.1099967956543, 53.77000045776367, 54.34000015258789, 54.93000030517578, 55.21999740600586, 55.689998626708984, 56.119998931884766, 56.81999969482422, 57.1099967956543, 57.72999954223633, 57.7599983215332, 58.019996643066406, 58.66999816894531, 59.029998779296875, 59.2599983215332, 59.53999710083008, 60.06999969482422, 60.06999969482422, 60.39999771118164, 60.55999755859375, 60.959999084472656, 61.06999969482422, 61.30999755859375, 61.19999694824219, 61.599998474121094, 61.97999954223633, 62.37999725341797, 62.28999710083008, 62.66999816894531, 62.80999755859375, 63.23999786376953, 63.12999725341797, 63.349998474121094, 63.48999786376953, 63.81999969482422, 63.849998474121094, 64.02999877929688, 64.51000213623047, 64.37999725341797, 64.54999542236328, 64.69999694824219, 64.80999755859375, 64.93999481201172, 65.36000061035156, 65.29000091552734, 65.52999877929688, 65.66999816894531, 66.04999542236328, 65.79000091552734, 65.93000030517578, 65.65999603271484, 66.04000091552734, 65.98999786376953, 66.26000213623047, 66.25, 66.36000061035156, 66.9000015258789, 66.68999481201172, 66.70999908447266, 66.79000091552734, 66.93999481201172, 67.20999908447266, 67.20999908447266, 67.18000030517578, 67.2699966430664, 67.37999725341797, 67.83999633789062, 67.8499984741211, 67.88999938964844, 68.08000183105469, 68.12999725341797, 68.25999450683594, 68.2699966430664, 68.2699966430664, 68.47999572753906, 68.40999603271484, 68.75, 68.44999694824219], "epochs": [0, 1, 2, 3, 4, 5, 6, 7, 8, 9, 10, 11, 12, 13, 14, 15, 16, 17, 18, 19, 20, 21, 22, 23, 24, 25, 26, 27, 28, 29, 30, 31, 32, 33, 34, 35, 36, 37, 38, 39, 40, 41, 42, 43, 44, 45, 46, 47, 48, 49, 50, 51, 52, 53, 54, 55, 56, 57, 58, 59, 60, 61, 62, 63, 64, 65, 66, 67, 68, 69, 70, 71, 72, 73, 74, 75, 76, 77, 78, 79, 80, 81, 82, 83, 84, 85, 86, 87, 88, 89, 90, 91, 92, 93, 94, 95, 96, 97, 98, 99]}