{"train_losses": [0.013636430725455284, 0.011328707449138165, 0.010342882014811039, 0.009329738095402718, 0.008492693305015564, 0.007798826787620783, 0.007250691298395395, 0.006828852463513613, 0.006418729200959206, 0.006068814545869827, 0.005751012824475765, 0.0055149756371974945, 0.00525917112827301, 0.005092853680253029, 0.004845688585191965, 0.004685241729021072, 0.004499321337789297, 0.0043466966599226, 0.004177066497504711, 0.004054879304021597, 0.003937940578907728, 0.0038252901285886765, 0.003684994066134095, 0.0035811711568385363, 0.0034619723446667194, 0.0034060548059642315, 0.0032799632754176855, 0.0031738984398543835, 0.0031056562438607216, 0.003018481656908989, 0.002914696466177702, 0.0028848040383309126, 0.0027738113421946764, 0.002721854718402028, 0.00262999115511775, 0.0025694258511066437, 0.0025341904256492853, 0.002445630030706525, 0.0024078250862658024, 0.002349181566387415, 0.002263289410620928, 0.0022034805733710527, 0.002147190971300006, 0.0021085403859615326, 0.0020557972602546215, 0.0020423259120434523, 0.0019763116724789143, 0.0019423066405579448, 0.0018970033852383494, 0.0018267212435603142, 0.0017632991075515747, 0.001774060889147222, 0.0017239281442016363, 0.0016875917790457606, 0.0016215675277635455, 0.0016232531052082777, 0.0015659064520150423, 0.0015550366370007396, 0.0015010706847533584, 0.0014807480620220304, 0.0014630341902375221, 0.0014316692249849439, 0.0014088427415117621, 0.001401096349582076, 0.0013257144019007683, 0.0013261869316920638, 0.0012618472101166844, 0.0012852330692112446, 0.0012403900036588311, 0.0012532016262412071, 0.0011812737211585045, 0.0012200298951938748, 0.0011595555115491152, 0.0011729821562767029, 0.00108342117164284, 0.0011410899460315704, 0.0010796112474054098, 0.001096993568353355, 0.0010526285041123629, 0.0010487097315490246, 0.0010228900937363505, 0.0010454111034050584, 0.0009916480630636215, 0.000987125327810645, 0.0009731220779940486, 0.0009668736602179706, 0.000957648444455117, 0.000921495899092406, 0.000897953228559345, 0.0008843151736073196, 0.0008806095574982464, 0.0009021945879794657, 0.0008577058324590325, 0.0008465908467769623, 0.0008409853908233345, 0.0008285288931801915, 0.0008364713285118341, 0.0008066958980634809, 0.0007977907080203295, 0.0008098356192931533], "accs": [46.23999786376953, 51.959999084472656, 58.0, 60.71999740600586, 64.20999908447266, 68.48999786376953, 67.75999450683594, 67.8499984741211, 71.97000122070312, 72.12999725341797, 75.08000183105469, 76.18000030517578, 75.75, 76.16999816894531, 77.55999755859375, 78.41999816894531, 78.33000183105469, 76.29000091552734, 78.20999908447266, 79.13999938964844, 79.56999969482422, 80.88999938964844, 81.40999603271484, 79.97999572753906, 81.07999420166016, 80.41999816894531, 81.4000015258789, 81.63999938964844, 81.4000015258789, 81.79000091552734, 82.15999603271484, 81.70999908447266, 82.58999633789062, 82.86000061035156, 82.58999633789062, 81.18999481201172, 81.83999633789062, 82.65999603271484, 82.75, 83.30999755859375, 83.25999450683594, 83.0999984741211, 82.6500015258789, 82.43999481201172, 82.55999755859375, 82.82999420166016, 82.36000061035156, 82.83999633789062, 83.66999816894531, 82.86000061035156, 83.33999633789062, 83.0199966430664, 82.98999786376953, 82.68000030517578, 83.12999725341797, 83.22999572753906, 83.5199966430664, 83.55999755859375, 82.95999908447266, 83.37999725341797, 83.04999542236328, 83.44999694824219, 83.18999481201172, 82.77999877929688, 82.80999755859375, 83.25999450683594, 83.80999755859375, 83.0999984741211, 83.04000091552734, 83.30999755859375, 83.3699951171875, 83.22999572753906, 83.22000122070312, 83.38999938964844, 83.0199966430664, 83.29999542236328, 83.43000030517578, 83.1199951171875, 83.90999603271484, 83.48999786376953, 83.25999450683594, 83.72999572753906, 83.20999908447266, 83.81999969482422, 83.65999603271484, 83.5, 83.16999816894531, 83.81999969482422, 83.81999969482422, 83.73999786376953, 83.65999603271484, 83.22000122070312, 83.29000091552734, 83.81999969482422, 82.95999908447266, 83.5, 83.43999481201172, 83.79999542236328, 83.97999572753906, 83.86000061035156], "epochs": [0, 1, 2, 3, 4, 5, 6, 7, 8, 9, 10, 11, 12, 13, 14, 15, 16, 17, 18, 19, 20, 21, 22, 23, 24, 25, 26, 27, 28, 29, 30, 31, 32, 33, 34, 35, 36, 37, 38, 39, 40, 41, 42, 43, 44, 45, 46, 47, 48, 49, 50, 51, 52, 53, 54, 55, 56, 57, 58, 59, 60, 61, 62, 63, 64, 65, 66, 67, 68, 69, 70, 71, 72, 73, 74, 75, 76, 77, 78, 79, 80, 81, 82, 83, 84, 85, 86, 87, 88, 89, 90, 91, 92, 93, 94, 95, 96, 97, 98, 99]}