{"train_losses": [0.012140612117946148, 0.009303906001150608, 0.008554930798709393, 0.007792368996888399, 0.0069930460304021835, 0.006429330445826054, 0.005973930936306715, 0.00562120508402586, 0.005516807083040476, 0.004988882225006819, 0.004753768444061279, 0.004535750485956669, 0.004366281908005476, 0.004238079767674208, 0.0040550073608756065, 0.004154581110924482, 0.0039686462841928005, 0.003747893264517188, 0.003569752210751176, 0.0035454670432955027, 0.0034180243965238333, 0.0032882713712751865, 0.0032051519956439734, 0.003127849427983165, 0.0030567562207579613, 0.002961215330287814, 0.002900616731494665, 0.0028554454911500216, 0.0027256400790065527, 0.0026923436671495438, 0.0026710995007306337, 0.00263192062266171, 0.0025688710156828165, 0.002462310018017888, 0.002409003907814622, 0.0023525217548012733, 0.002346198307350278, 0.0023041439708322287, 0.0022425369825214148, 0.002187953796237707, 0.0022641802206635475, 0.0021619186736643314, 0.0020703088957816362, 0.0020140649285167456, 0.00201426912099123, 0.001993549522012472, 0.0019430501852184534, 0.0019346876069903374, 0.0019151143496856093, 0.0018556617433205247, 0.0018124828347936273, 0.0017725549405440688, 0.0017642525490373373, 0.0017483225092291832, 0.0017155340174213052, 0.002712932415306568, 0.0021938313730061054, 0.0016975468024611473, 0.0016291514039039612, 0.0016097010811790824, 0.0015829652547836304, 0.0015689607243984938, 0.0015848276671022177, 0.0015944524202495813, 0.0015374674694612622, 0.0014698691666126251, 0.0014679463347420096, 0.0014733759453520179, 0.0014370722929015756, 0.001385168987326324, 0.0013918321346864104, 0.0013525023823603988, 0.0014176045078784227, 0.001809123088605702, 0.001307314378209412, 0.0012942190514877439, 0.0012706612469628453, 0.001250716159120202, 0.0012821026612073183, 0.0012297064531594515, 0.0012176891323179007, 0.0012370171025395393, 0.0012114557903259993, 0.0011957042152062058, 0.0011814797762781382, 0.0011777924373745918, 0.0011214596452191472, 0.001153392600826919, 0.0011355334427207708, 0.0011036747600883245, 0.0011073994683101773, 0.0010893815197050571, 0.0010728123597800732, 0.0010851297993212938, 0.0010846967343240976, 0.0010346717899665236, 0.0010119136422872543, 0.0010353574762120843, 0.0010147069115191698, 0.0010169270681217313], "accs": [53.66999816894531, 63.5099983215332, 63.25, 67.79999542236328, 71.81999969482422, 73.93000030517578, 74.93999481201172, 62.53999710083008, 75.31999969482422, 77.83000183105469, 77.12999725341797, 79.16999816894531, 79.19999694824219, 79.66999816894531, 80.37999725341797, 77.8499984741211, 81.2699966430664, 81.48999786376953, 82.2699966430664, 82.27999877929688, 82.2699966430664, 82.19999694824219, 82.93999481201172, 83.37999725341797, 82.41999816894531, 82.6199951171875, 83.25, 83.22999572753906, 83.1199951171875, 82.52999877929688, 83.75999450683594, 82.87999725341797, 83.47000122070312, 83.25999450683594, 83.37999725341797, 83.91999816894531, 84.52999877929688, 84.18000030517578, 84.25, 84.29000091552734, 83.9000015258789, 84.79999542236328, 84.68999481201172, 84.63999938964844, 84.4000015258789, 85.04000091552734, 84.68999481201172, 84.43000030517578, 84.20999908447266, 84.27999877929688, 84.22000122070312, 83.87999725341797, 84.29999542236328, 84.66999816894531, 84.88999938964844, 80.9000015258789, 84.6500015258789, 85.13999938964844, 85.20999908447266, 85.12999725341797, 84.98999786376953, 84.56999969482422, 84.52999877929688, 84.75, 85.29000091552734, 84.83999633789062, 84.8499984741211, 84.7699966430664, 85.1199951171875, 84.97999572753906, 84.8699951171875, 84.82999420166016, 76.70999908447266, 85.48999786376953, 84.91999816894531, 85.22000122070312, 84.97999572753906, 84.4000015258789, 85.30999755859375, 85.4000015258789, 84.75, 84.72999572753906, 85.1199951171875, 85.30999755859375, 85.22000122070312, 84.77999877929688, 84.95999908447266, 84.72999572753906, 85.3499984741211, 85.06999969482422, 85.02999877929688, 85.0, 85.25, 84.97999572753906, 85.30999755859375, 84.9000015258789, 85.38999938964844, 85.80999755859375, 85.3699951171875, 85.3699951171875], "epochs": [0, 1, 2, 3, 4, 5, 6, 7, 8, 9, 10, 11, 12, 13, 14, 15, 16, 17, 18, 19, 20, 21, 22, 23, 24, 25, 26, 27, 28, 29, 30, 31, 32, 33, 34, 35, 36, 37, 38, 39, 40, 41, 42, 43, 44, 45, 46, 47, 48, 49, 50, 51, 52, 53, 54, 55, 56, 57, 58, 59, 60, 61, 62, 63, 64, 65, 66, 67, 68, 69, 70, 71, 72, 73, 74, 75, 76, 77, 78, 79, 80, 81, 82, 83, 84, 85, 86, 87, 88, 89, 90, 91, 92, 93, 94, 95, 96, 97, 98, 99]}