{"train_losses": [0.01674414984881878, 0.014653755351901054, 0.013586427085101604, 0.01260446384549141, 0.011805141344666481, 0.011230363510549068, 0.010710583068430424, 0.010287496261298656, 0.009926613420248032, 0.009547073394060135, 0.009182858280837536, 0.00883460883051157, 0.008505365811288357, 0.008221455849707127, 0.007906748913228512, 0.007685266435146332, 0.007496298756450415, 0.007290258537977934, 0.007084213197231293, 0.006914761383086443, 0.006756646558642387, 0.006598884239792824, 0.006471699569374323, 0.0063462327234447, 0.006203972734510899, 0.006125175394117832, 0.006005477625876665, 0.005891941487789154, 0.005797045771032572, 0.00568663515150547, 0.005609454121440649, 0.00548550533130765, 0.005444669630378485, 0.005314203444868326, 0.005261238664388657, 0.005175208207219839, 0.005110832862555981, 0.005068774800747633, 0.004956906195729971, 0.004900911822915077, 0.004828921053558588, 0.004782455042004585, 0.004717488307505846, 0.004639786202460527, 0.004595502279698849, 0.004498412366956472, 0.004484714008867741, 0.004398017656058073, 0.004385403823107481, 0.004320419859141111, 0.004212760366499424, 0.00417448952794075, 0.004119671415537596, 0.004108174238353968, 0.003976477310061455, 0.003962608054280281, 0.003910344559699297, 0.003839109092950821, 0.003829454304650426, 0.003796146484091878, 0.0037203312385827303, 0.0036776100751012564, 0.003632873995229602, 0.0035987193696200848, 0.0035994474310427904, 0.003506164066493511, 0.0034710406325757504, 0.0034168583806604147, 0.0033719856292009354, 0.003327561542391777, 0.003317489754408598, 0.003245818428695202, 0.00319261709228158, 0.0031877709552645683, 0.003143741749227047, 0.003073163563385606, 0.0030255645979195833, 0.0029596183449029922, 0.0029547265730798244, 0.002934964606538415, 0.002917769132182002, 0.002880022395402193, 0.002823768649250269, 0.0027895495295524597, 0.0027601353358477354, 0.0027340820524841547, 0.0026815871242433786, 0.002636109944432974, 0.0026487112045288086, 0.0025770640932023525, 0.0025189651641994715, 0.0025738414842635393, 0.0025107169058173895, 0.0024484479799866676, 0.0024285372346639633, 0.002383692655712366, 0.0023568717297166586, 0.0023535548243671656, 0.00232522701844573, 0.002261004876345396], "accs": [29.8799991607666, 36.27000045776367, 41.7599983215332, 45.48999786376953, 49.47999954223633, 51.16999816894531, 53.59000015258789, 55.869998931884766, 57.07999801635742, 58.73999786376953, 60.39999771118164, 62.279998779296875, 63.23999786376953, 64.41999816894531, 65.08000183105469, 66.54000091552734, 67.22999572753906, 67.93999481201172, 68.30999755859375, 69.11000061035156, 69.5, 70.1199951171875, 70.43000030517578, 71.06999969482422, 71.15999603271484, 71.43000030517578, 72.16999816894531, 72.41999816894531, 72.79000091552734, 73.31999969482422, 73.43000030517578, 73.04999542236328, 73.54000091552734, 73.44999694824219, 73.79000091552734, 74.25, 73.87999725341797, 74.40999603271484, 73.97000122070312, 74.65999603271484, 74.47000122070312, 74.37999725341797, 74.75, 74.79999542236328, 74.75, 75.29000091552734, 75.44999694824219, 75.3499984741211, 75.02999877929688, 75.47000122070312, 75.41999816894531, 75.20999908447266, 75.48999786376953, 75.63999938964844, 75.68999481201172, 75.83000183105469, 76.31999969482422, 75.83000183105469, 76.04000091552734, 75.80999755859375, 75.75999450683594, 76.47000122070312, 76.18999481201172, 75.9000015258789, 76.79999542236328, 76.33000183105469, 76.62999725341797, 76.16999816894531, 76.20999908447266, 76.29000091552734, 76.75, 76.77999877929688, 76.54999542236328, 76.98999786376953, 76.62999725341797, 76.88999938964844, 76.9000015258789, 76.70999908447266, 77.04999542236328, 76.72999572753906, 76.68000030517578, 76.48999786376953, 77.06999969482422, 77.31999969482422, 77.25999450683594, 77.5, 76.68000030517578, 76.73999786376953, 77.0999984741211, 76.79000091552734, 76.8699951171875, 76.80999755859375, 76.72000122070312, 76.88999938964844, 77.2699966430664, 77.20999908447266, 76.83000183105469, 77.25, 77.43999481201172, 77.02999877929688], "epochs": [0, 1, 2, 3, 4, 5, 6, 7, 8, 9, 10, 11, 12, 13, 14, 15, 16, 17, 18, 19, 20, 21, 22, 23, 24, 25, 26, 27, 28, 29, 30, 31, 32, 33, 34, 35, 36, 37, 38, 39, 40, 41, 42, 43, 44, 45, 46, 47, 48, 49, 50, 51, 52, 53, 54, 55, 56, 57, 58, 59, 60, 61, 62, 63, 64, 65, 66, 67, 68, 69, 70, 71, 72, 73, 74, 75, 76, 77, 78, 79, 80, 81, 82, 83, 84, 85, 86, 87, 88, 89, 90, 91, 92, 93, 94, 95, 96, 97, 98, 99]}