{"train_losses": [0.01853189431130886, 0.01633065566420555, 0.014666683040559292, 0.013364999555051327, 0.012414433062076569, 0.011701657436788082, 0.011139817535877228, 0.0105979535728693, 0.010110693983733654, 0.009628359228372574, 0.009217769838869572, 0.008829434402287006, 0.008477382361888885, 0.008127609267830849, 0.007839689962565899, 0.0075882659293711185, 0.007319709751754999, 0.00708102947100997, 0.006897225044667721, 0.0067319548688828945, 0.006559115368872881, 0.006347248796373606, 0.006230262108147144, 0.006078323815017939, 0.005906547885388136, 0.005810256581753492, 0.005691612605005503, 0.005565618630498648, 0.0054486761800944805, 0.0053501310758292675, 0.0053086611442267895, 0.005159350577741861, 0.005077947862446308, 0.0049516065046191216, 0.004930421244353056, 0.004799800459295511, 0.004745709244161844, 0.0046566990204155445, 0.004596984013915062, 0.004529950674623251, 0.004401670768857002, 0.004354367032647133, 0.004254379775375128, 0.004196178633719683, 0.0041575017385184765, 0.004110857378691435, 0.0040239752270281315, 0.0039641340263187885, 0.0039370181038975716, 0.0038267269264906645, 0.003776984056457877, 0.0037177912890911102, 0.003665810450911522, 0.0036362544633448124, 0.003536972915753722, 0.0034884025808423758, 0.0034904619678854942, 0.003387696109712124, 0.0033315704204142094, 0.0032698269933462143, 0.0032712884712964296, 0.003176385071128607, 0.0031604317482560873, 0.003082274692133069, 0.0030360438395291567, 0.003004529047757387, 0.0029484855476766825, 0.0028966879472136497, 0.0028733559884130955, 0.0028433508705347776, 0.0027927355840802193, 0.0027202146593481302, 0.0026794010773301125, 0.002647336106747389, 0.0026296807918697596, 0.0025761660654097795, 0.0025600234512239695, 0.0024821332190185785, 0.0024351351894438267, 0.0024510351940989494, 0.002376934513449669, 0.002368713729083538, 0.0023412159644067287, 0.0022911967243999243, 0.0022599149961024523, 0.002252649050205946, 0.002204199554398656, 0.0021535526029765606, 0.002161959419026971, 0.002091740956529975, 0.002102713333442807, 0.0020221718586981297, 0.0020146649330854416, 0.002021020045503974, 0.001942998613230884, 0.0019688813481479883, 0.001904896809719503, 0.0019052325515076518, 0.0018430764321237803, 0.0018103012116625905], "accs": [21.69999885559082, 28.76999855041504, 36.36000061035156, 41.7599983215332, 46.349998474121094, 49.529998779296875, 51.87999725341797, 54.62999725341797, 56.22999954223633, 57.81999969482422, 59.779998779296875, 60.91999816894531, 63.05999755859375, 63.269996643066406, 65.40999603271484, 66.50999450683594, 67.43999481201172, 67.16999816894531, 68.75999450683594, 68.45999908447266, 70.12999725341797, 70.45999908447266, 70.8499984741211, 71.5, 71.79000091552734, 71.83000183105469, 72.18999481201172, 72.6199951171875, 72.88999938964844, 72.80999755859375, 73.47999572753906, 73.83000183105469, 73.47999572753906, 73.9000015258789, 73.75, 73.73999786376953, 74.27999877929688, 74.61000061035156, 74.83999633789062, 74.29000091552734, 74.75999450683594, 74.95999908447266, 75.30999755859375, 75.37999725341797, 75.0, 75.61000061035156, 75.54999542236328, 75.69999694824219, 76.0, 75.47999572753906, 75.93000030517578, 75.43000030517578, 75.88999938964844, 76.12999725341797, 75.75, 75.75999450683594, 75.93000030517578, 75.77999877929688, 76.37999725341797, 76.5199966430664, 76.25, 76.68999481201172, 76.22000122070312, 76.02999877929688, 76.47000122070312, 76.05999755859375, 75.97000122070312, 76.16999816894531, 77.0, 76.77999877929688, 76.36000061035156, 76.40999603271484, 76.6199951171875, 76.54000091552734, 76.66999816894531, 77.0199966430664, 76.81999969482422, 76.3499984741211, 76.62999725341797, 76.61000061035156, 76.66999816894531, 76.68000030517578, 76.69999694824219, 76.72999572753906, 76.93000030517578, 76.81999969482422, 76.48999786376953, 76.81999969482422, 76.68000030517578, 76.87999725341797, 76.52999877929688, 76.50999450683594, 76.58000183105469, 76.43999481201172, 76.5, 76.6500015258789, 76.63999938964844, 76.90999603271484, 76.66999816894531, 76.75], "epochs": [0, 1, 2, 3, 4, 5, 6, 7, 8, 9, 10, 11, 12, 13, 14, 15, 16, 17, 18, 19, 20, 21, 22, 23, 24, 25, 26, 27, 28, 29, 30, 31, 32, 33, 34, 35, 36, 37, 38, 39, 40, 41, 42, 43, 44, 45, 46, 47, 48, 49, 50, 51, 52, 53, 54, 55, 56, 57, 58, 59, 60, 61, 62, 63, 64, 65, 66, 67, 68, 69, 70, 71, 72, 73, 74, 75, 76, 77, 78, 79, 80, 81, 82, 83, 84, 85, 86, 87, 88, 89, 90, 91, 92, 93, 94, 95, 96, 97, 98, 99]}