{"train_losses": [0.01920679211616516, 0.018074315041303635, 0.017019907012581825, 0.015863552689552307, 0.015033702366054058, 0.014395125210285187, 0.013895438984036446, 0.013497505336999893, 0.013150010257959366, 0.012821062467992306, 0.012576650828123093, 0.012313080951571465, 0.012100016698241234, 0.011869056150317192, 0.011673253029584885, 0.011495680548250675, 0.011366994120180607, 0.011272719129920006, 0.01106744073331356, 0.010944814421236515, 0.010862836614251137, 0.01072573009878397, 0.010620812885463238, 0.010529689490795135, 0.010417927987873554, 0.01036488264799118, 0.01026159804314375, 0.010165532119572163, 0.010100149549543858, 0.009989382699131966, 0.00994043704122305, 0.009844917804002762, 0.00975105445832014, 0.009720038622617722, 0.009632815606892109, 0.009554258547723293, 0.009501691907644272, 0.009424778632819653, 0.009376537054777145, 0.009322801604866982, 0.009215432219207287, 0.009200147353112698, 0.009086130186915398, 0.009090260602533817, 0.008992998860776424, 0.008908677846193314, 0.00884972233325243, 0.00885082595050335, 0.008783198893070221, 0.008762617595493793, 0.008685137145221233, 0.008616735227406025, 0.008587962947785854, 0.00854768231511116, 0.008476552553474903, 0.008394845761358738, 0.008389463648200035, 0.008332774043083191, 0.008331969380378723, 0.008278890512883663, 0.008257733657956123, 0.008194168098270893, 0.008179394528269768, 0.008145283907651901, 0.008106805384159088, 0.00803180132061243, 0.008004998788237572, 0.007955876179039478, 0.007901088334619999, 0.007918169721961021, 0.007844158448278904, 0.007823125459253788, 0.007797546684741974, 0.007766752503812313, 0.0076989480294287205, 0.007727122399955988, 0.007673813495784998, 0.007589984685182571, 0.007614453323185444, 0.0075759366154670715, 0.007542863488197327, 0.007526837754994631, 0.007491403724998236, 0.007440014276653528, 0.007430813275277615, 0.00739944726228714, 0.0073530846275389194, 0.007337365765124559, 0.007333354093134403, 0.007303842809051275, 0.007273835130035877, 0.007226006127893925, 0.007263029459863901, 0.00720376567915082, 0.007131812162697315, 0.00711503392085433, 0.007101105991750956, 0.007080184295773506, 0.0071039083413779736, 0.0070534818805754185], "accs": [13.809999465942383, 17.350000381469727, 24.44999885559082, 29.059999465942383, 33.31999969482422, 36.57999801635742, 38.75, 40.57999801635742, 41.62999725341797, 43.349998474121094, 44.86000061035156, 46.18000030517578, 46.68000030517578, 47.57999801635742, 48.46999740600586, 49.52000045776367, 50.21999740600586, 50.54999923706055, 50.96999740600586, 51.8599967956543, 52.63999938964844, 53.16999816894531, 53.5, 53.81999969482422, 54.529998779296875, 54.57999801635742, 55.30999755859375, 55.54999923706055, 56.189998626708984, 56.68000030517578, 57.06999969482422, 57.18000030517578, 57.41999816894531, 57.439998626708984, 57.81999969482422, 58.32999801635742, 58.57999801635742, 58.72999954223633, 59.029998779296875, 59.43000030517578, 59.689998626708984, 59.97999954223633, 60.15999984741211, 60.44999694824219, 60.6099967956543, 60.93000030517578, 61.30999755859375, 61.1099967956543, 61.459999084472656, 61.57999801635742, 61.779998779296875, 61.87999725341797, 62.32999801635742, 62.519996643066406, 62.599998474121094, 62.689998626708984, 62.78999710083008, 62.959999084472656, 62.90999984741211, 63.1099967956543, 63.349998474121094, 63.22999954223633, 63.5099983215332, 63.769996643066406, 63.88999938964844, 63.87999725341797, 64.29999542236328, 64.47000122070312, 64.77999877929688, 64.75, 65.08000183105469, 65.3499984741211, 65.4000015258789, 65.19999694824219, 65.58000183105469, 65.63999938964844, 65.58999633789062, 65.54000091552734, 65.98999786376953, 66.02999877929688, 66.1199951171875, 66.15999603271484, 66.18000030517578, 66.26000213623047, 66.58000183105469, 66.27999877929688, 66.54999542236328, 66.8699951171875, 66.6500015258789, 66.8499984741211, 66.95999908447266, 67.13999938964844, 67.04999542236328, 67.02999877929688, 67.29000091552734, 67.18999481201172, 67.5199966430664, 67.56999969482422, 67.56999969482422, 67.43000030517578], "epochs": [0, 1, 2, 3, 4, 5, 6, 7, 8, 9, 10, 11, 12, 13, 14, 15, 16, 17, 18, 19, 20, 21, 22, 23, 24, 25, 26, 27, 28, 29, 30, 31, 32, 33, 34, 35, 36, 37, 38, 39, 40, 41, 42, 43, 44, 45, 46, 47, 48, 49, 50, 51, 52, 53, 54, 55, 56, 57, 58, 59, 60, 61, 62, 63, 64, 65, 66, 67, 68, 69, 70, 71, 72, 73, 74, 75, 76, 77, 78, 79, 80, 81, 82, 83, 84, 85, 86, 87, 88, 89, 90, 91, 92, 93, 94, 95, 96, 97, 98, 99]}