{"train_losses": [0.015819093212485313, 0.012889863923192024, 0.011689558625221252, 0.010640459135174751, 0.009679723531007767, 0.008918045088648796, 0.008291826583445072, 0.007710075471550226, 0.00728002842515707, 0.006855137646198273, 0.006453007459640503, 0.006106167566031218, 0.005894534755498171, 0.005581672303378582, 0.0053502838127315044, 0.0051767160184681416, 0.00492921844124794, 0.00477899145334959, 0.00460301386192441, 0.004439935088157654, 0.0042600552551448345, 0.004124544095247984, 0.004015637096017599, 0.0038603907451033592, 0.003755287267267704, 0.0036235705483704805, 0.003501799888908863, 0.003398877801373601, 0.0033182301558554173, 0.0032575943041592836, 0.003144016256555915, 0.003081863047555089, 0.002962245373055339, 0.0028932152781635523, 0.0028346823528409004, 0.0027432451024651527, 0.0026685353368520737, 0.0026447921991348267, 0.0025622998364269733, 0.00249931076541543, 0.0024412304628640413, 0.0023841066285967827, 0.002296854741871357, 0.0022895950824022293, 0.002214033855125308, 0.0021467069163918495, 0.002071071183308959, 0.002066339598968625, 0.0020024096593260765, 0.0019761479925364256, 0.0019609753508120775, 0.0018888862105086446, 0.0018561832839623094, 0.0018004006706178188, 0.0017870641313493252, 0.0017153517110273242, 0.0016471465351060033, 0.0016813632100820541, 0.0016087942058220506, 0.0016126794507727027, 0.0015439704293385148, 0.0015053333481773734, 0.001505710300989449, 0.0014634904218837619, 0.0014557525282725692, 0.0014203920727595687, 0.001346796052530408, 0.0013405636418610811, 0.0013127588899806142, 0.0013516010949388146, 0.0012898416025564075, 0.0012551469262689352, 0.0012369853211566806, 0.0012506559723988175, 0.0012063150061294436, 0.0011418730719015002, 0.0011417256901040673, 0.0011576400138437748, 0.0011280851904302835, 0.0010917856125161052, 0.0011055625509470701, 0.0010749861830845475, 0.0010339999571442604, 0.0010155743220821023, 0.0010397222358733416, 0.0009878010023385286, 0.0009921099990606308, 0.0009878461714833975, 0.0009838794358074665, 0.0009606482926756144, 0.0009572095004841685, 0.0009170947596430779, 0.0009098991868086159, 0.0008973273215815425, 0.0008895051432773471, 0.000896023993846029, 0.0008810542058199644, 0.0008827030542306602, 0.0008856315980665386, 0.0007978159701451659], "accs": [37.95000076293945, 44.82999801635742, 51.69999694824219, 53.55999755859375, 59.959999084472656, 63.529998779296875, 65.58999633789062, 67.27999877929688, 65.65999603271484, 70.0999984741211, 72.22000122070312, 72.63999938964844, 73.29000091552734, 73.0999984741211, 75.3499984741211, 74.97000122070312, 76.88999938964844, 77.58000183105469, 77.6199951171875, 78.43000030517578, 79.20999908447266, 79.0999984741211, 79.7699966430664, 80.40999603271484, 80.36000061035156, 79.98999786376953, 80.19999694824219, 80.65999603271484, 81.29000091552734, 81.11000061035156, 81.73999786376953, 80.77999877929688, 81.87999725341797, 82.20999908447266, 81.61000061035156, 81.72000122070312, 81.70999908447266, 82.44999694824219, 82.0, 82.47999572753906, 81.38999938964844, 82.0999984741211, 81.66999816894531, 83.13999938964844, 82.95999908447266, 82.62999725341797, 82.81999969482422, 82.06999969482422, 82.05999755859375, 82.3499984741211, 82.66999816894531, 82.48999786376953, 82.40999603271484, 83.0999984741211, 83.0199966430664, 83.22999572753906, 83.47000122070312, 83.22000122070312, 82.5199966430664, 82.61000061035156, 82.6199951171875, 82.65999603271484, 83.1199951171875, 83.02999877929688, 82.62999725341797, 83.04999542236328, 82.72999572753906, 83.32999420166016, 83.0999984741211, 83.15999603271484, 83.3699951171875, 83.25999450683594, 83.36000061035156, 83.0199966430664, 83.20999908447266, 83.57999420166016, 82.93000030517578, 83.5999984741211, 84.06999969482422, 83.45999908447266, 82.88999938964844, 82.79000091552734, 83.55999755859375, 83.0999984741211, 83.5199966430664, 83.6199951171875, 83.3499984741211, 83.68000030517578, 83.47999572753906, 83.72000122070312, 83.22000122070312, 82.6500015258789, 83.5, 83.70999908447266, 83.98999786376953, 83.44999694824219, 83.83999633789062, 83.75999450683594, 83.13999938964844, 83.55999755859375], "epochs": [0, 1, 2, 3, 4, 5, 6, 7, 8, 9, 10, 11, 12, 13, 14, 15, 16, 17, 18, 19, 20, 21, 22, 23, 24, 25, 26, 27, 28, 29, 30, 31, 32, 33, 34, 35, 36, 37, 38, 39, 40, 41, 42, 43, 44, 45, 46, 47, 48, 49, 50, 51, 52, 53, 54, 55, 56, 57, 58, 59, 60, 61, 62, 63, 64, 65, 66, 67, 68, 69, 70, 71, 72, 73, 74, 75, 76, 77, 78, 79, 80, 81, 82, 83, 84, 85, 86, 87, 88, 89, 90, 91, 92, 93, 94, 95, 96, 97, 98, 99]}