{"train_losses": [0.013735680840909481, 0.011523851193487644, 0.010495616123080254, 0.009347766637802124, 0.008448704145848751, 0.0078120846301317215, 0.007290040608495474, 0.006841170601546764, 0.006479394156485796, 0.006099852733314037, 0.005836274474859238, 0.0055495514534413815, 0.005294906906783581, 0.005118222441524267, 0.004900652449578047, 0.0047011421993374825, 0.004559304099529982, 0.004352371674031019, 0.004262054339051247, 0.004086138680577278, 0.00398006709292531, 0.0038240428548306227, 0.0037265578284859657, 0.003595291869714856, 0.0035092539619654417, 0.003411865560337901, 0.0033231698907911777, 0.0032075673807412386, 0.0031172754243016243, 0.0030524537432938814, 0.0029521984979510307, 0.002915860852226615, 0.002787676639854908, 0.002729108789935708, 0.0026865098625421524, 0.0026025932747870684, 0.0025754165835678577, 0.0024690143764019012, 0.0024289460852742195, 0.00236484850756824, 0.002315100282430649, 0.0022342849988490343, 0.002230911049991846, 0.0021679087076336145, 0.002139291726052761, 0.00204521999694407, 0.0020111899357289076, 0.0019887778908014297, 0.0018743464024737477, 0.0018301684176549315, 0.0018547856016084552, 0.0018106460338458419, 0.0017662097234278917, 0.0016919641057029366, 0.0016836143331602216, 0.0016323975287377834, 0.0016235708026215434, 0.001584355835802853, 0.0015139495953917503, 0.0015409101033583283, 0.001486481400206685, 0.001447124406695366, 0.001406544935889542, 0.0014069844037294388, 0.001373693230561912, 0.0013680757256224751, 0.001316131092607975, 0.0013407178921625018, 0.00126170483417809, 0.0012401913991197944, 0.0012449425412341952, 0.001207625144161284, 0.0012038942659273744, 0.001176440971903503, 0.0011686751386150718, 0.001141135930083692, 0.0011190471705049276, 0.0011281396728008986, 0.0010855677537620068, 0.001101762056350708, 0.0010577387874945998, 0.00105383712798357, 0.0010094981407746673, 0.0009772414341568947, 0.0010092530865222216, 0.0009555270080454648, 0.0009571424452587962, 0.0009776148945093155, 0.0009234302560798824, 0.0009459792636334896, 0.00092183833476156, 0.000861549808178097, 0.000890587514732033, 0.0008649788214825094, 0.0008854412008076906, 0.0008070581825450063, 0.000841484114062041, 0.0008353819721378386, 0.0008251375984400511, 0.000811337842606008], "accs": [43.87999725341797, 51.65999984741211, 56.0, 61.18000030517578, 65.6500015258789, 68.22999572753906, 69.31999969482422, 70.0999984741211, 71.97999572753906, 74.36000061035156, 75.45999908447266, 75.18999481201172, 74.75999450683594, 75.47999572753906, 76.43000030517578, 77.80999755859375, 78.58999633789062, 79.04999542236328, 78.62999725341797, 79.91999816894531, 79.57999420166016, 79.11000061035156, 80.93999481201172, 81.07999420166016, 81.0999984741211, 81.47000122070312, 81.04000091552734, 80.98999786376953, 80.5999984741211, 81.00999450683594, 81.48999786376953, 81.08999633789062, 81.93999481201172, 82.20999908447266, 82.1199951171875, 81.88999938964844, 82.31999969482422, 82.54999542236328, 82.75, 82.86000061035156, 82.87999725341797, 82.22999572753906, 82.86000061035156, 83.13999938964844, 82.50999450683594, 82.16999816894531, 82.6500015258789, 82.29999542236328, 82.82999420166016, 82.57999420166016, 83.20999908447266, 82.75, 83.07999420166016, 82.9000015258789, 82.61000061035156, 83.0999984741211, 82.83999633789062, 83.47999572753906, 83.19999694824219, 82.97000122070312, 83.29000091552734, 83.56999969482422, 82.79000091552734, 83.1500015258789, 83.20999908447266, 83.22999572753906, 83.1500015258789, 83.48999786376953, 83.4000015258789, 82.83999633789062, 83.63999938964844, 83.13999938964844, 83.2699966430664, 83.56999969482422, 83.29000091552734, 83.86000061035156, 83.38999938964844, 83.1500015258789, 83.11000061035156, 82.81999969482422, 83.2699966430664, 82.86000061035156, 83.50999450683594, 83.00999450683594, 83.22999572753906, 83.5, 83.80999755859375, 83.06999969482422, 83.43000030517578, 83.93999481201172, 83.72999572753906, 83.12999725341797, 83.30999755859375, 83.41999816894531, 83.41999816894531, 83.79000091552734, 83.31999969482422, 83.20999908447266, 83.44999694824219, 83.25], "epochs": [0, 1, 2, 3, 4, 5, 6, 7, 8, 9, 10, 11, 12, 13, 14, 15, 16, 17, 18, 19, 20, 21, 22, 23, 24, 25, 26, 27, 28, 29, 30, 31, 32, 33, 34, 35, 36, 37, 38, 39, 40, 41, 42, 43, 44, 45, 46, 47, 48, 49, 50, 51, 52, 53, 54, 55, 56, 57, 58, 59, 60, 61, 62, 63, 64, 65, 66, 67, 68, 69, 70, 71, 72, 73, 74, 75, 76, 77, 78, 79, 80, 81, 82, 83, 84, 85, 86, 87, 88, 89, 90, 91, 92, 93, 94, 95, 96, 97, 98, 99]}