{"train_losses": [0.015061059966683388, 0.011903422884643078, 0.010134878568351269, 0.008831416256725788, 0.00802180077880621, 0.007416152860969305, 0.006964235100895166, 0.006530275102704763, 0.0062197549268603325, 0.005913977045565844, 0.005640964023768902, 0.005541814956814051, 0.005144077818840742, 0.005003426223993301, 0.004819252993911505, 0.004634759854525328, 0.004506460856646299, 0.004370318725705147, 0.004233964253216982, 0.004177811089903116, 0.004025246482342482, 0.003882855409756303, 0.003829436842352152, 0.003724245820194483, 0.003677179105579853, 0.003600895404815674, 0.003520237747579813, 0.003379709320142865, 0.0033407078590244055, 0.0032644271850585938, 0.0032011144794523716, 0.003148746909573674, 0.00308856344781816, 0.0029927650466561317, 0.0029568441677838564, 0.0029109306633472443, 0.002841459820047021, 0.0027891986537724733, 0.002751717111095786, 0.002707682317122817, 0.002628577873110771, 0.002626338042318821, 0.0025586753617972136, 0.0024936082772910595, 0.00245434558019042, 0.0024010995402932167, 0.0023293618578463793, 0.0023560363333672285, 0.0022884535137563944, 0.0022836283314973116, 0.00225965422578156, 0.0021904397290199995, 0.0021588278468698263, 0.0021216734312474728, 0.0020910201128572226, 0.002050157869234681, 0.0019930037669837475, 0.0019756683614104986, 0.0019527948461472988, 0.001902141491882503, 0.0019076885655522346, 0.0018861200660467148, 0.0018215455347672105, 0.0018571297405287623, 0.0018013720400631428, 0.0017393968300893903, 0.0017172330990433693, 0.001695691142231226, 0.0016669968608766794, 0.0016416070284321904, 0.0016266090096905828, 0.0015775084029883146, 0.0015687927370890975, 0.0015861515421420336, 0.0015518569853156805, 0.0015277848578989506, 0.0015026325127109885, 0.001453758217394352, 0.0014557878021150827, 0.0014279609313234687, 0.0014049235032871366, 0.0014158213743939996, 0.0014074440114200115, 0.0013404316268861294, 0.001329945051111281, 0.0012958233710378408, 0.001302243210375309, 0.001303433207795024, 0.0012611824786290526, 0.001264849561266601, 0.0012536508729681373, 0.001245143823325634, 0.0011879081139340997, 0.0011624732287600636, 0.0011626288760453463, 0.0011759215267375112, 0.0011507883900776505, 0.0011581402504816651, 0.0011108972830697894, 0.0011138353729620576], "accs": [40.0099983215332, 51.11000061035156, 57.3599967956543, 60.39999771118164, 66.61000061035156, 67.47000122070312, 70.68000030517578, 71.29999542236328, 72.0999984741211, 73.30999755859375, 75.44999694824219, 75.61000061035156, 76.62999725341797, 78.11000061035156, 78.18999481201172, 77.65999603271484, 78.68999481201172, 78.75999450683594, 78.98999786376953, 78.83999633789062, 80.22999572753906, 80.29000091552734, 81.55999755859375, 80.33999633789062, 80.98999786376953, 80.6199951171875, 81.12999725341797, 82.13999938964844, 82.23999786376953, 81.97999572753906, 82.3499984741211, 81.93999481201172, 82.77999877929688, 82.68999481201172, 81.94999694824219, 82.80999755859375, 82.12999725341797, 82.82999420166016, 83.0, 82.22000122070312, 82.8499984741211, 82.8699951171875, 82.9000015258789, 83.11000061035156, 83.58999633789062, 83.47999572753906, 83.23999786376953, 83.12999725341797, 83.47999572753906, 82.7699966430664, 84.0199966430664, 83.25, 83.82999420166016, 82.82999420166016, 82.68000030517578, 84.30999755859375, 83.68000030517578, 83.63999938964844, 83.50999450683594, 84.08999633789062, 83.73999786376953, 84.06999969482422, 83.8499984741211, 83.32999420166016, 83.8499984741211, 84.22999572753906, 84.08999633789062, 84.45999908447266, 83.9000015258789, 84.29999542236328, 84.50999450683594, 84.18999481201172, 84.15999603271484, 84.08999633789062, 84.56999969482422, 83.97000122070312, 83.8499984741211, 84.23999786376953, 84.43999481201172, 83.75, 84.07999420166016, 83.8699951171875, 84.3499984741211, 84.5, 84.56999969482422, 84.58999633789062, 84.0, 84.37999725341797, 84.75, 84.69999694824219, 84.22999572753906, 84.02999877929688, 84.5199966430664, 84.47000122070312, 83.82999420166016, 83.83999633789062, 84.02999877929688, 84.33999633789062, 84.25999450683594, 84.68000030517578], "epochs": [0, 1, 2, 3, 4, 5, 6, 7, 8, 9, 10, 11, 12, 13, 14, 15, 16, 17, 18, 19, 20, 21, 22, 23, 24, 25, 26, 27, 28, 29, 30, 31, 32, 33, 34, 35, 36, 37, 38, 39, 40, 41, 42, 43, 44, 45, 46, 47, 48, 49, 50, 51, 52, 53, 54, 55, 56, 57, 58, 59, 60, 61, 62, 63, 64, 65, 66, 67, 68, 69, 70, 71, 72, 73, 74, 75, 76, 77, 78, 79, 80, 81, 82, 83, 84, 85, 86, 87, 88, 89, 90, 91, 92, 93, 94, 95, 96, 97, 98, 99]}