{"train_losses": [0.012027930468320847, 0.009246181696653366, 0.008017770014703274, 0.00728396512567997, 0.006682582199573517, 0.006271174177527428, 0.005872303154319525, 0.005598440300673246, 0.005290021188557148, 0.005091584753245115, 0.004902098793536425, 0.004724707920104265, 0.004522921983152628, 0.004374518059194088, 0.0042795888148248196, 0.0041475361213088036, 0.003997542895376682, 0.003912888467311859, 0.0037593550514429808, 0.003671854268759489, 0.003581651020795107, 0.0034871629904955626, 0.0033898705150932074, 0.003304992336779833, 0.0032123106066137552, 0.003143709385767579, 0.0030360736418515444, 0.0030104683246463537, 0.002889749128371477, 0.002892838092520833, 0.002754115266725421, 0.0027007388416677713, 0.0026598204858601093, 0.002621483290567994, 0.0025268213357776403, 0.0025101492647081614, 0.002407536143437028, 0.0023787724785506725, 0.0023168891202658415, 0.002299055689945817, 0.002198559697717428, 0.002204012358561158, 0.0021437916439026594, 0.0021196501329541206, 0.0020420777145773172, 0.0020003558602184057, 0.0019550493452697992, 0.0019061642233282328, 0.0018824393628165126, 0.0017901347018778324, 0.0018390283221378922, 0.0017925654537975788, 0.0017789319390431046, 0.0016942196525633335, 0.0017215468687936664, 0.0016157404752448201, 0.0015962219331413507, 0.0016074442537501454, 0.0015413106884807348, 0.0014989974442869425, 0.001459335908293724, 0.0014922245172783732, 0.0014062263071537018, 0.0013874018331989646, 0.0013488703407347202, 0.001356020919047296, 0.0013662163401022553, 0.001284887082874775, 0.0012710781302303076, 0.0012329317396506667, 0.0012397204991430044, 0.0012151182163506746, 0.0011894692433997989, 0.001210770569741726, 0.0011361618526279926, 0.001120604109019041, 0.0011246432550251484, 0.0010960487416014075, 0.0010448297252878547, 0.0010457225143909454, 0.0010008987737819552, 0.0010111925657838583, 0.0010260113049298525, 0.0009664151584729552, 0.000950676272623241, 0.0009602706413716078, 0.0009256264893338084, 0.0009272415773011744, 0.0009168762480840087, 0.0008927304879762232, 0.0008545558084733784, 0.0008887458825483918, 0.0008681381004862487, 0.0008312207646667957, 0.0008447048021480441, 0.000830703997053206, 0.0008347432594746351, 0.0007841589394956827, 0.0007454308797605336, 0.0007603839039802551], "accs": [53.48999786376953, 62.40999984741211, 66.56999969482422, 68.54000091552734, 70.43000030517578, 71.93000030517578, 72.91999816894531, 75.43999481201172, 76.36000061035156, 76.50999450683594, 77.68999481201172, 77.1500015258789, 77.15999603271484, 78.47000122070312, 78.65999603271484, 79.73999786376953, 79.88999938964844, 80.54000091552734, 80.5999984741211, 80.25, 80.90999603271484, 80.98999786376953, 80.87999725341797, 81.72999572753906, 81.87999725341797, 81.54999542236328, 81.2699966430664, 82.15999603271484, 82.2699966430664, 82.12999725341797, 82.30999755859375, 80.91999816894531, 82.54000091552734, 82.31999969482422, 82.08999633789062, 82.73999786376953, 82.29000091552734, 82.69999694824219, 83.00999450683594, 82.94999694824219, 82.38999938964844, 82.38999938964844, 83.07999420166016, 83.4000015258789, 83.25999450683594, 82.4000015258789, 83.62999725341797, 83.37999725341797, 83.23999786376953, 83.0999984741211, 83.43000030517578, 83.90999603271484, 84.23999786376953, 83.80999755859375, 83.58999633789062, 83.29000091552734, 82.97000122070312, 83.5, 82.97999572753906, 84.02999877929688, 84.0199966430664, 83.52999877929688, 83.97000122070312, 83.66999816894531, 83.47999572753906, 83.29000091552734, 83.81999969482422, 84.22999572753906, 84.1500015258789, 83.90999603271484, 84.54999542236328, 83.98999786376953, 83.90999603271484, 83.93999481201172, 83.33999633789062, 84.16999816894531, 84.5999984741211, 84.22000122070312, 84.0199966430664, 84.18000030517578, 84.2699966430664, 84.04000091552734, 83.54999542236328, 84.2699966430664, 84.30999755859375, 83.90999603271484, 84.40999603271484, 84.48999786376953, 84.45999908447266, 84.23999786376953, 83.75, 83.95999908447266, 83.8499984741211, 84.0, 84.29999542236328, 84.83999633789062, 84.97999572753906, 84.5, 84.08999633789062, 83.80999755859375], "epochs": [0, 1, 2, 3, 4, 5, 6, 7, 8, 9, 10, 11, 12, 13, 14, 15, 16, 17, 18, 19, 20, 21, 22, 23, 24, 25, 26, 27, 28, 29, 30, 31, 32, 33, 34, 35, 36, 37, 38, 39, 40, 41, 42, 43, 44, 45, 46, 47, 48, 49, 50, 51, 52, 53, 54, 55, 56, 57, 58, 59, 60, 61, 62, 63, 64, 65, 66, 67, 68, 69, 70, 71, 72, 73, 74, 75, 76, 77, 78, 79, 80, 81, 82, 83, 84, 85, 86, 87, 88, 89, 90, 91, 92, 93, 94, 95, 96, 97, 98, 99]}