{"train_losses": [0.016918299719691277, 0.014982239343225956, 0.014076557010412216, 0.013520745560526848, 0.013088780455291271, 0.01268684584647417, 0.012416008859872818, 0.012127351947128773, 0.011914180591702461, 0.011706436052918434, 0.011538458056747913, 0.011371901258826256, 0.01119653694331646, 0.011041687801480293, 0.010871177539229393, 0.010764546692371368, 0.010588833130896091, 0.010515895672142506, 0.010409683920443058, 0.01027627568691969, 0.010175234638154507, 0.010038742795586586, 0.009953449480235577, 0.009816272184252739, 0.009704980999231339, 0.009623403660953045, 0.009512174874544144, 0.009430534206330776, 0.009304034523665905, 0.009240389801561832, 0.009151197038590908, 0.00909786019474268, 0.008993755094707012, 0.008894113823771477, 0.008796597830951214, 0.008745333179831505, 0.008691729046404362, 0.008618469350039959, 0.0085371695458889, 0.008481480181217194, 0.008399332873523235, 0.008324431255459785, 0.008280056528747082, 0.008224813267588615, 0.008139324374496937, 0.008066498674452305, 0.00803329236805439, 0.007951661013066769, 0.007915985770523548, 0.007833101786673069, 0.00780991418287158, 0.007768757175654173, 0.007699479814618826, 0.00767622422426939, 0.0075860354118049145, 0.00755761144682765, 0.007502424065023661, 0.007446724455803633, 0.007410444784909487, 0.007360681425780058, 0.007278085686266422, 0.007261485327035189, 0.0072014969773590565, 0.007148277945816517, 0.007132990751415491, 0.0070563131012022495, 0.007049337029457092, 0.00700412830337882, 0.006967979948967695, 0.006919620092958212, 0.006827153731137514, 0.006877507083117962, 0.006830053403973579, 0.0067612058483064175, 0.006713575683534145, 0.0066629196517169476, 0.0066428049467504025, 0.00660431943833828, 0.006573815364390612, 0.006562927737832069, 0.006510148756206036, 0.006445202045142651, 0.006461601238697767, 0.006387929432094097, 0.006372707895934582, 0.006348295137286186, 0.006326782051473856, 0.006269922945648432, 0.0062402281910181046, 0.006248591002076864, 0.006151615642011166, 0.006155624985694885, 0.006120806094259024, 0.006072374526411295, 0.006102282088249922, 0.0060161929577589035, 0.005992366932332516, 0.00598370935767889, 0.005974706262350082, 0.005909420549869537], "accs": [28.439998626708984, 34.65999984741211, 37.38999938964844, 40.47999954223633, 42.18000030517578, 44.40999984741211, 45.75, 46.40999984741211, 47.29999923706055, 48.06999969482422, 48.46999740600586, 49.62999725341797, 50.5, 51.23999786376953, 51.93000030517578, 52.39999771118164, 53.34000015258789, 53.66999816894531, 54.189998626708984, 54.849998474121094, 55.21999740600586, 55.37999725341797, 55.97999954223633, 56.62999725341797, 56.5, 57.5099983215332, 57.97999954223633, 58.41999816894531, 58.13999938964844, 59.0099983215332, 58.8599967956543, 59.57999801635742, 59.68000030517578, 60.04999923706055, 60.22999954223633, 60.62999725341797, 60.939998626708984, 61.269996643066406, 61.5099983215332, 61.939998626708984, 62.07999801635742, 62.269996643066406, 62.46999740600586, 62.75, 62.87999725341797, 63.14999771118164, 63.55999755859375, 63.869998931884766, 63.62999725341797, 64.38999938964844, 64.33999633789062, 64.68000030517578, 64.5199966430664, 65.08000183105469, 65.30999755859375, 65.51000213623047, 65.47999572753906, 65.77999877929688, 66.36000061035156, 65.93999481201172, 66.26000213623047, 66.15999603271484, 66.61000061035156, 66.54999542236328, 66.79000091552734, 66.98999786376953, 67.08000183105469, 67.40999603271484, 67.4000015258789, 67.79000091552734, 67.6500015258789, 67.86000061035156, 68.29999542236328, 67.97999572753906, 68.29999542236328, 68.5199966430664, 68.58999633789062, 68.58999633789062, 68.73999786376953, 68.83999633789062, 69.0999984741211, 69.0, 68.90999603271484, 69.31999969482422, 69.04000091552734, 69.16999816894531, 69.55999755859375, 69.73999786376953, 69.68000030517578, 69.75, 69.81999969482422, 70.29999542236328, 69.6199951171875, 70.2699966430664, 70.16999816894531, 70.2699966430664, 70.3699951171875, 70.38999938964844, 70.2699966430664, 70.45999908447266], "epochs": [0, 1, 2, 3, 4, 5, 6, 7, 8, 9, 10, 11, 12, 13, 14, 15, 16, 17, 18, 19, 20, 21, 22, 23, 24, 25, 26, 27, 28, 29, 30, 31, 32, 33, 34, 35, 36, 37, 38, 39, 40, 41, 42, 43, 44, 45, 46, 47, 48, 49, 50, 51, 52, 53, 54, 55, 56, 57, 58, 59, 60, 61, 62, 63, 64, 65, 66, 67, 68, 69, 70, 71, 72, 73, 74, 75, 76, 77, 78, 79, 80, 81, 82, 83, 84, 85, 86, 87, 88, 89, 90, 91, 92, 93, 94, 95, 96, 97, 98, 99]}