{"train_losses": [0.01467688474804163, 0.011265799403190613, 0.009548621252179146, 0.008470450527966022, 0.007681102026253939, 0.0071070268750190735, 0.0066616893745958805, 0.00627383217215538, 0.005947899539023638, 0.005704465787857771, 0.005454642232507467, 0.005256395787000656, 0.005082796327769756, 0.004882980138063431, 0.004679466597735882, 0.0045521454885602, 0.004408883396536112, 0.004292626865208149, 0.004143890459090471, 0.0040924749337136745, 0.003997682593762875, 0.003846200415864587, 0.003766519483178854, 0.0037095961160957813, 0.0035894818138331175, 0.0034765289165079594, 0.0033925697207450867, 0.0033313054591417313, 0.0033240325283259153, 0.00319785182364285, 0.003112715668976307, 0.00307060731574893, 0.0030055497772991657, 0.0029284385964274406, 0.0028938387986272573, 0.0028334942180663347, 0.002776689361780882, 0.0026880865916609764, 0.002667580498382449, 0.0026454643812030554, 0.002607536967843771, 0.002525650430470705, 0.0024673733860254288, 0.0024428991600871086, 0.0024459382984787226, 0.002373430412262678, 0.0023495813366025686, 0.0022604051046073437, 0.0022469046525657177, 0.0021726423874497414, 0.0021469800267368555, 0.0021477171685546637, 0.0020907684229314327, 0.0020504300482571125, 0.0020420108921825886, 0.0019899499602615833, 0.0019805231131613255, 0.001938730594702065, 0.001842182013206184, 0.0018702371744439006, 0.0018817516975104809, 0.0018042727606371045, 0.0017733792774379253, 0.0017435400513932109, 0.001748309237882495, 0.0017230557277798653, 0.0016691888449713588, 0.0016629640012979507, 0.0016376737039536238, 0.0016135444166138768, 0.0016161225503310561, 0.0015491376398131251, 0.0015453437808901072, 0.0015147306257858872, 0.001503744744695723, 0.001473890384659171, 0.0014446310233324766, 0.001443312969058752, 0.0014363519148901105, 0.00138268549926579, 0.0013697195099666715, 0.0013369483640417457, 0.001352947554551065, 0.0013040615012869239, 0.0013249223120510578, 0.001307255239225924, 0.0012737576616927981, 0.0012526235077530146, 0.0012430952629074454, 0.0011947226012125611, 0.001223518280312419, 0.0011730811093002558, 0.0011993430089205503, 0.0011817066697403789, 0.0011244850466027856, 0.0011613136157393456, 0.0010965080000460148, 0.0011289098765701056, 0.001101394067518413, 0.0010642907582223415], "accs": [42.959999084472656, 53.119998931884766, 57.279998779296875, 64.12999725341797, 66.93999481201172, 67.29000091552734, 72.2699966430664, 72.02999877929688, 72.94999694824219, 75.00999450683594, 75.80999755859375, 76.27999877929688, 74.83000183105469, 76.97000122070312, 78.05999755859375, 78.25, 79.45999908447266, 79.43999481201172, 78.9000015258789, 79.97000122070312, 80.18000030517578, 80.2699966430664, 81.19999694824219, 81.52999877929688, 81.3699951171875, 81.0199966430664, 82.36000061035156, 81.66999816894531, 81.90999603271484, 81.31999969482422, 82.02999877929688, 82.55999755859375, 83.02999877929688, 82.93999481201172, 82.5199966430664, 82.97000122070312, 82.12999725341797, 83.22000122070312, 82.73999786376953, 82.58999633789062, 83.44999694824219, 82.97999572753906, 83.13999938964844, 83.72999572753906, 83.70999908447266, 83.00999450683594, 82.68999481201172, 84.04999542236328, 83.36000061035156, 83.50999450683594, 83.81999969482422, 83.36000061035156, 83.62999725341797, 83.7699966430664, 83.98999786376953, 83.32999420166016, 83.79000091552734, 83.72000122070312, 84.15999603271484, 83.54000091552734, 83.90999603271484, 84.0199966430664, 84.02999877929688, 84.11000061035156, 83.97000122070312, 84.36000061035156, 84.08999633789062, 84.33999633789062, 84.70999908447266, 83.54999542236328, 84.0999984741211, 84.06999969482422, 84.25, 84.02999877929688, 84.29000091552734, 84.1500015258789, 84.29000091552734, 84.38999938964844, 84.36000061035156, 84.54999542236328, 84.5199966430664, 84.83999633789062, 83.68000030517578, 84.47999572753906, 84.6199951171875, 84.65999603271484, 84.3499984741211, 83.50999450683594, 84.40999603271484, 84.93999481201172, 84.48999786376953, 83.72999572753906, 83.98999786376953, 84.20999908447266, 84.80999755859375, 84.40999603271484, 84.47000122070312, 84.5999984741211, 84.22999572753906, 84.30999755859375], "epochs": [0, 1, 2, 3, 4, 5, 6, 7, 8, 9, 10, 11, 12, 13, 14, 15, 16, 17, 18, 19, 20, 21, 22, 23, 24, 25, 26, 27, 28, 29, 30, 31, 32, 33, 34, 35, 36, 37, 38, 39, 40, 41, 42, 43, 44, 45, 46, 47, 48, 49, 50, 51, 52, 53, 54, 55, 56, 57, 58, 59, 60, 61, 62, 63, 64, 65, 66, 67, 68, 69, 70, 71, 72, 73, 74, 75, 76, 77, 78, 79, 80, 81, 82, 83, 84, 85, 86, 87, 88, 89, 90, 91, 92, 93, 94, 95, 96, 97, 98, 99]}