{"train_losses": [0.012043763883411884, 0.0092479782178998, 0.007952186278998852, 0.007175755221396685, 0.00664863083511591, 0.006165074184536934, 0.005790101829916239, 0.005500594154000282, 0.005244581028819084, 0.004977909382432699, 0.0047607929445803165, 0.004610544536262751, 0.004495680797845125, 0.0043364944867789745, 0.00411508372053504, 0.004097573924809694, 0.003931897226721048, 0.00385074270889163, 0.0036860527470707893, 0.0036097264382988214, 0.003540156176313758, 0.0034405819606035948, 0.003327445825561881, 0.003236833494156599, 0.0032006031833589077, 0.003073266241699457, 0.0029940081294625998, 0.002922580111771822, 0.0028554359450936317, 0.002784326672554016, 0.002755506196990609, 0.0026527324225753546, 0.0026360834017395973, 0.0025312912184745073, 0.0025146030820906162, 0.0024782605469226837, 0.002364560728892684, 0.0022808797657489777, 0.002274702303111553, 0.0022643364500254393, 0.0021671687718480825, 0.00212198868393898, 0.0021072670351713896, 0.002059028949588537, 0.001994386548176408, 0.001961550209671259, 0.0019502370851114392, 0.0018824507715180516, 0.0018532408867031336, 0.00182121351826936, 0.0017681706231087446, 0.0017709064995869994, 0.0017165289027616382, 0.001667776028625667, 0.0016235575312748551, 0.0015917171258479357, 0.0015878550475463271, 0.0015441064024344087, 0.0014938582899048924, 0.0014763182261958718, 0.00142865430098027, 0.0014293658314272761, 0.0014076352817937732, 0.0013977722264826298, 0.0013409098610281944, 0.0013215834042057395, 0.0012812442146241665, 0.001287122955545783, 0.0012468528002500534, 0.00123828393407166, 0.0011844984255731106, 0.0012135804863646626, 0.00117558054625988, 0.0011620227014645934, 0.00112108641769737, 0.0011443428229540586, 0.0010866749798879027, 0.001097370171919465, 0.0010458214674144983, 0.0010457615135237575, 0.001029066857881844, 0.0009982308838516474, 0.0009995357831940055, 0.0009633238078095019, 0.0009588163229636848, 0.0009301192476414144, 0.0009167271782644093, 0.0008777311304584146, 0.0009046053746715188, 0.0008702527265995741, 0.0008131383219733834, 0.0008684109780006111, 0.0008364631212316453, 0.000820100074633956, 0.0007829131209291518, 0.0008054393692873418, 0.0007886187522672117, 0.0007602442638017237, 0.0007669416372664273, 0.0007664865697734058], "accs": [48.849998474121094, 58.28999710083008, 67.75, 69.54000091552734, 70.62999725341797, 73.22000122070312, 73.33999633789062, 73.54999542236328, 75.79000091552734, 77.0999984741211, 77.41999816894531, 78.38999938964844, 77.90999603271484, 77.8499984741211, 79.68000030517578, 78.79000091552734, 80.12999725341797, 80.07999420166016, 80.1199951171875, 81.07999420166016, 80.33999633789062, 80.95999908447266, 80.75, 80.61000061035156, 82.15999603271484, 81.37999725341797, 81.54999542236328, 81.61000061035156, 80.6500015258789, 81.90999603271484, 82.1199951171875, 82.32999420166016, 82.44999694824219, 83.04000091552734, 83.18000030517578, 82.29999542236328, 83.32999420166016, 82.69999694824219, 83.3499984741211, 82.73999786376953, 83.40999603271484, 82.6199951171875, 82.2699966430664, 83.33999633789062, 82.8699951171875, 83.22000122070312, 82.87999725341797, 83.29000091552734, 84.04999542236328, 83.33999633789062, 82.93999481201172, 83.47000122070312, 83.3699951171875, 83.36000061035156, 83.77999877929688, 84.0, 83.98999786376953, 83.81999969482422, 83.5, 83.6500015258789, 83.73999786376953, 84.13999938964844, 83.65999603271484, 84.07999420166016, 84.04000091552734, 82.72999572753906, 84.22000122070312, 83.44999694824219, 83.86000061035156, 83.75999450683594, 83.72999572753906, 83.80999755859375, 83.93999481201172, 84.15999603271484, 83.86000061035156, 83.87999725341797, 84.15999603271484, 84.18999481201172, 84.06999969482422, 83.5199966430664, 84.3699951171875, 84.0199966430664, 84.3499984741211, 84.37999725341797, 84.63999938964844, 84.40999603271484, 84.54999542236328, 84.18000030517578, 84.44999694824219, 84.52999877929688, 84.45999908447266, 84.88999938964844, 84.69999694824219, 84.63999938964844, 83.94999694824219, 84.8499984741211, 83.97000122070312, 84.66999816894531, 84.88999938964844, 84.38999938964844], "epochs": [0, 1, 2, 3, 4, 5, 6, 7, 8, 9, 10, 11, 12, 13, 14, 15, 16, 17, 18, 19, 20, 21, 22, 23, 24, 25, 26, 27, 28, 29, 30, 31, 32, 33, 34, 35, 36, 37, 38, 39, 40, 41, 42, 43, 44, 45, 46, 47, 48, 49, 50, 51, 52, 53, 54, 55, 56, 57, 58, 59, 60, 61, 62, 63, 64, 65, 66, 67, 68, 69, 70, 71, 72, 73, 74, 75, 76, 77, 78, 79, 80, 81, 82, 83, 84, 85, 86, 87, 88, 89, 90, 91, 92, 93, 94, 95, 96, 97, 98, 99]}