{"train_losses": [0.018815692514181137, 0.01790211908519268, 0.01732385717332363, 0.016927924007177353, 0.016582855954766273, 0.016319846734404564, 0.01606275513768196, 0.0158847663551569, 0.01570766232907772, 0.015511787496507168, 0.015358529053628445, 0.015247410163283348, 0.015113058499991894, 0.015006670728325844, 0.01489898283034563, 0.014788798056542873, 0.01467855554074049, 0.01457289233803749, 0.014521083794534206, 0.01441236399114132, 0.014364245347678661, 0.01424281857907772, 0.014168943278491497, 0.014099794439971447, 0.01402578130364418, 0.013979429379105568, 0.013913847506046295, 0.013807454146444798, 0.013759939931333065, 0.013665545731782913, 0.013626514934003353, 0.013564048334956169, 0.013511416502296925, 0.013423779048025608, 0.013359216041862965, 0.013352403417229652, 0.013273006305098534, 0.013252723962068558, 0.013185352087020874, 0.013117100112140179, 0.01309956144541502, 0.013086666353046894, 0.013017291203141212, 0.0129697909578681, 0.012925023213028908, 0.012897662818431854, 0.012816017493605614, 0.012777009047567844, 0.012726690620183945, 0.01271870918571949, 0.012682827189564705, 0.012636873871088028, 0.012610792182385921, 0.012544759549200535, 0.01254293043166399, 0.012457462958991528, 0.01244068332016468, 0.012430069036781788, 0.012371298857033253, 0.012356466613709927, 0.012318798340857029, 0.012280466966331005, 0.01227377075701952, 0.012223504483699799, 0.012159845791757107, 0.012175725772976875, 0.012148422189056873, 0.012102015316486359, 0.012068998999893665, 0.01205358374863863, 0.012028533965349197, 0.01200371328741312, 0.011926520615816116, 0.011938084848225117, 0.011894432827830315, 0.011873881332576275, 0.011876160278916359, 0.011792232282459736, 0.011820275336503983, 0.011776941828429699, 0.011722066439688206, 0.011717219837009907, 0.011709257960319519, 0.011645548976957798, 0.011651959270238876, 0.011659594252705574, 0.011623409576714039, 0.011607544496655464, 0.011568539775907993, 0.011598195880651474, 0.011520213447511196, 0.011499026790261269, 0.01147979311645031, 0.011443781666457653, 0.011420447379350662, 0.011401494033634663, 0.01141262799501419, 0.011400473304092884, 0.011367539875209332, 0.01134146936237812], "accs": [13.519999504089355, 17.350000381469727, 19.69999885559082, 21.809999465942383, 23.35999870300293, 24.579999923706055, 25.649999618530273, 26.399999618530273, 27.639999389648438, 28.31999969482422, 28.959999084472656, 29.84000015258789, 30.40999984741211, 30.90999984741211, 31.75, 32.5, 32.619998931884766, 33.369998931884766, 33.95000076293945, 34.63999938964844, 35.029998779296875, 35.29999923706055, 35.82999801635742, 36.25, 36.88999938964844, 37.099998474121094, 37.38999938964844, 37.77000045776367, 38.23999786376953, 38.43000030517578, 38.64999771118164, 39.15999984741211, 39.21999740600586, 39.689998626708984, 39.779998779296875, 40.28999710083008, 40.38999938964844, 40.16999816894531, 40.98999786376953, 40.88999938964844, 41.45000076293945, 41.34000015258789, 41.32999801635742, 42.0099983215332, 41.87999725341797, 42.09000015258789, 42.119998931884766, 42.439998626708984, 42.78999710083008, 42.86000061035156, 42.91999816894531, 43.5099983215332, 43.54999923706055, 43.64999771118164, 43.63999938964844, 43.95000076293945, 43.849998474121094, 44.459999084472656, 44.54999923706055, 44.91999816894531, 45.04999923706055, 44.97999954223633, 45.189998626708984, 45.43000030517578, 45.69999694824219, 45.69999694824219, 45.64999771118164, 46.16999816894531, 46.31999969482422, 46.55999755859375, 46.63999938964844, 46.71999740600586, 46.93000030517578, 46.97999954223633, 47.029998779296875, 46.959999084472656, 47.119998931884766, 47.369998931884766, 47.54999923706055, 47.59000015258789, 47.44999694824219, 47.71999740600586, 47.959999084472656, 47.86000061035156, 48.09000015258789, 48.5, 48.28999710083008, 48.599998474121094, 48.43000030517578, 48.599998474121094, 48.80999755859375, 48.849998474121094, 48.86000061035156, 49.15999984741211, 49.0099983215332, 48.959999084472656, 49.41999816894531, 49.34000015258789, 49.41999816894531, 49.44999694824219], "epochs": [0, 1, 2, 3, 4, 5, 6, 7, 8, 9, 10, 11, 12, 13, 14, 15, 16, 17, 18, 19, 20, 21, 22, 23, 24, 25, 26, 27, 28, 29, 30, 31, 32, 33, 34, 35, 36, 37, 38, 39, 40, 41, 42, 43, 44, 45, 46, 47, 48, 49, 50, 51, 52, 53, 54, 55, 56, 57, 58, 59, 60, 61, 62, 63, 64, 65, 66, 67, 68, 69, 70, 71, 72, 73, 74, 75, 76, 77, 78, 79, 80, 81, 82, 83, 84, 85, 86, 87, 88, 89, 90, 91, 92, 93, 94, 95, 96, 97, 98, 99]}