{"train_losses": [0.01202298328280449, 0.009189242497086525, 0.007998880930244923, 0.007196439430117607, 0.00663645938038826, 0.006167788058519363, 0.005867543164640665, 0.005512385629117489, 0.005257173907011747, 0.005014043301343918, 0.004837128799408674, 0.0046771313063800335, 0.004528739955276251, 0.004353576805442572, 0.004184227902442217, 0.004071095027029514, 0.003987503238022327, 0.0038082862738519907, 0.0037471437826752663, 0.003622782416641712, 0.0035583407152444124, 0.0034093759022653103, 0.003356890520080924, 0.0032646385952830315, 0.00317097594961524, 0.0031534547451883554, 0.0030471773352473974, 0.002957326592877507, 0.0028944911900907755, 0.0028442381881177425, 0.002786715282127261, 0.0027039474807679653, 0.002636613789945841, 0.002556470688432455, 0.002541465451940894, 0.002447209320962429, 0.0024017372634261847, 0.0023529306054115295, 0.002307269722223282, 0.002275204285979271, 0.0021721075754612684, 0.0021438205149024725, 0.0021127592772245407, 0.0020690488163381815, 0.0020774747245013714, 0.0020191490184515715, 0.0019388357177376747, 0.0019465333316475153, 0.0018481423612684011, 0.0018322746036574244, 0.001795658958144486, 0.0017917259829118848, 0.0017171090003103018, 0.0016835967544466257, 0.001656978391110897, 0.0016282700235024095, 0.00161582394503057, 0.0015450037317350507, 0.0015383029822260141, 0.0015200228663161397, 0.001462735584937036, 0.0014542248100042343, 0.0013945304090157151, 0.0014072502963244915, 0.0013362138997763395, 0.0013622855767607689, 0.0013604455161839724, 0.0012770246248692274, 0.001246112515218556, 0.001260081771761179, 0.0011796741746366024, 0.0012012250954285264, 0.0011696054134517908, 0.0011260550236329436, 0.0011600538855418563, 0.001108459779061377, 0.001107912976294756, 0.0010895145824179053, 0.0010222612181678414, 0.0010510002030059695, 0.0010220006806775928, 0.0010174012277275324, 0.0010195040376856923, 0.0009833737276494503, 0.0010006804950535297, 0.0009529474191367626, 0.0009647983242757618, 0.0009344184654764831, 0.0009043894824571908, 0.0008889774326235056, 0.0008665738278068602, 0.0008559016860090196, 0.0008155687246471643, 0.0008385402616113424, 0.0008730331901460886, 0.0008435511845164001, 0.0007986423443071544, 0.0007534597534686327, 0.0007932069711387157, 0.0007875001174397767], "accs": [55.04999923706055, 61.6099967956543, 65.73999786376953, 69.18999481201172, 72.29000091552734, 72.69999694824219, 73.61000061035156, 74.37999725341797, 76.02999877929688, 76.79999542236328, 77.70999908447266, 77.72000122070312, 77.04999542236328, 78.66999816894531, 78.22999572753906, 80.16999816894531, 79.1500015258789, 80.18000030517578, 79.77999877929688, 80.47999572753906, 80.70999908447266, 81.0199966430664, 81.15999603271484, 81.5199966430664, 80.75999450683594, 82.0199966430664, 80.68999481201172, 81.5199966430664, 81.43999481201172, 81.0999984741211, 82.31999969482422, 82.50999450683594, 83.0999984741211, 83.3699951171875, 83.25, 82.50999450683594, 83.2699966430664, 83.00999450683594, 82.72999572753906, 82.83999633789062, 82.80999755859375, 83.1500015258789, 83.62999725341797, 83.54000091552734, 82.91999816894531, 83.45999908447266, 83.80999755859375, 83.29000091552734, 83.79999542236328, 83.68000030517578, 83.91999816894531, 83.3499984741211, 84.23999786376953, 83.69999694824219, 83.48999786376953, 83.97000122070312, 83.47999572753906, 84.13999938964844, 84.29000091552734, 83.8699951171875, 83.1199951171875, 84.16999816894531, 83.75, 84.61000061035156, 84.22999572753906, 83.55999755859375, 84.06999969482422, 84.11000061035156, 84.25999450683594, 84.19999694824219, 84.3499984741211, 83.47000122070312, 84.00999450683594, 84.11000061035156, 84.3499984741211, 84.23999786376953, 84.33999633789062, 84.0999984741211, 84.38999938964844, 84.56999969482422, 84.68000030517578, 84.54000091552734, 83.8499984741211, 84.52999877929688, 84.20999908447266, 84.45999908447266, 84.47000122070312, 84.5, 84.3499984741211, 84.0999984741211, 84.23999786376953, 84.1500015258789, 84.5199966430664, 84.2699966430664, 83.69999694824219, 84.45999908447266, 85.04000091552734, 84.57999420166016, 83.6500015258789, 84.18999481201172], "epochs": [0, 1, 2, 3, 4, 5, 6, 7, 8, 9, 10, 11, 12, 13, 14, 15, 16, 17, 18, 19, 20, 21, 22, 23, 24, 25, 26, 27, 28, 29, 30, 31, 32, 33, 34, 35, 36, 37, 38, 39, 40, 41, 42, 43, 44, 45, 46, 47, 48, 49, 50, 51, 52, 53, 54, 55, 56, 57, 58, 59, 60, 61, 62, 63, 64, 65, 66, 67, 68, 69, 70, 71, 72, 73, 74, 75, 76, 77, 78, 79, 80, 81, 82, 83, 84, 85, 86, 87, 88, 89, 90, 91, 92, 93, 94, 95, 96, 97, 98, 99]}