{"train_losses": [0.01360877975821495, 0.01128996443003416, 0.010316078551113605, 0.00963424053043127, 0.008999917656183243, 0.008595523424446583, 0.008137316443026066, 0.00781052652746439, 0.007462296634912491, 0.0071978336200118065, 0.006962972693145275, 0.006708166562020779, 0.00649014487862587, 0.00628320500254631, 0.006136544048786163, 0.006014049053192139, 0.00580847030505538, 0.005724769085645676, 0.005539840552955866, 0.005426224786788225, 0.005241657607257366, 0.005164728034287691, 0.005045523401349783, 0.004922539461404085, 0.004839783068746328, 0.004763053264468908, 0.004590244963765144, 0.004524873103946447, 0.00445175776258111, 0.0043331533670425415, 0.004259744193404913, 0.004154402296990156, 0.0040825894102454185, 0.004005881492048502, 0.003914311062544584, 0.0038456476759165525, 0.0037558116018772125, 0.003688330063596368, 0.0036266183014959097, 0.0035525853745639324, 0.003441691165789962, 0.0034054918214678764, 0.0033247917890548706, 0.003331610234454274, 0.0032181665301322937, 0.003152992809191346, 0.0031010808888822794, 0.0030244982335716486, 0.0029609883204102516, 0.0028711361810564995, 0.0028404206968843937, 0.0028303780127316713, 0.0027252112049609423, 0.0026716694701462984, 0.002674366580322385, 0.00255697313696146, 0.0025031105615198612, 0.0024552412796765566, 0.002433376619592309, 0.002400268567726016, 0.0023388853296637535, 0.0022861938923597336, 0.002275936771184206, 0.0021698875352740288, 0.002132558496668935, 0.002131085842847824, 0.0020848035346716642, 0.0020410011056810617, 0.0019921655766665936, 0.0019432824337854981, 0.0019278163090348244, 0.0019025460351258516, 0.0018232642905786633, 0.0018344088457524776, 0.001732463832013309, 0.0017592234071344137, 0.0017094083596020937, 0.001659766654483974, 0.0016243308782577515, 0.001639532740227878, 0.0015569058014079928, 0.0015840728301554918, 0.001541976467706263, 0.001498905010521412, 0.0014644204638898373, 0.001432674704119563, 0.0014050675090402365, 0.001408724463544786, 0.0013669045874848962, 0.0013764791656285524, 0.0013266114983707666, 0.0013116694753989577, 0.0012365798465907574, 0.0012689337600022554, 0.001156702870503068, 0.0011882686521857977, 0.0012035006657242775, 0.0012010126374661922, 0.0011273663258180022, 0.0011750248959288], "accs": [46.619998931884766, 53.16999816894531, 56.3599967956543, 57.8599967956543, 60.689998626708984, 63.31999969482422, 64.31999969482422, 66.08999633789062, 67.16999816894531, 68.31999969482422, 69.63999938964844, 70.73999786376953, 70.90999603271484, 71.54999542236328, 71.8699951171875, 72.23999786376953, 72.75, 73.56999969482422, 74.05999755859375, 73.93999481201172, 74.12999725341797, 74.70999908447266, 74.47000122070312, 75.3699951171875, 75.25999450683594, 75.72999572753906, 75.58000183105469, 75.54999542236328, 75.29999542236328, 75.69999694824219, 76.43000030517578, 76.7699966430664, 76.16999816894531, 76.7699966430664, 76.7699966430664, 76.95999908447266, 76.94999694824219, 77.52999877929688, 76.36000061035156, 77.30999755859375, 77.16999816894531, 77.0999984741211, 77.29999542236328, 77.72999572753906, 78.0999984741211, 77.70999908447266, 78.33000183105469, 77.55999755859375, 77.98999786376953, 78.22000122070312, 78.05999755859375, 78.22999572753906, 78.41999816894531, 78.18999481201172, 77.8699951171875, 77.72000122070312, 78.54999542236328, 78.25, 78.63999938964844, 78.58999633789062, 79.12999725341797, 77.97999572753906, 78.93000030517578, 78.6500015258789, 78.65999603271484, 79.00999450683594, 78.22999572753906, 78.72000122070312, 78.72999572753906, 78.5, 78.81999969482422, 78.87999725341797, 78.91999816894531, 78.70999908447266, 78.72999572753906, 78.66999816894531, 78.73999786376953, 79.12999725341797, 78.04000091552734, 78.65999603271484, 78.91999816894531, 78.5199966430664, 79.38999938964844, 79.48999786376953, 79.33999633789062, 79.43999481201172, 79.00999450683594, 79.37999725341797, 79.07999420166016, 79.13999938964844, 79.68000030517578, 79.32999420166016, 79.00999450683594, 79.45999908447266, 79.1500015258789, 79.88999938964844, 79.5, 79.63999938964844, 79.5999984741211, 78.52999877929688], "epochs": [0, 1, 2, 3, 4, 5, 6, 7, 8, 9, 10, 11, 12, 13, 14, 15, 16, 17, 18, 19, 20, 21, 22, 23, 24, 25, 26, 27, 28, 29, 30, 31, 32, 33, 34, 35, 36, 37, 38, 39, 40, 41, 42, 43, 44, 45, 46, 47, 48, 49, 50, 51, 52, 53, 54, 55, 56, 57, 58, 59, 60, 61, 62, 63, 64, 65, 66, 67, 68, 69, 70, 71, 72, 73, 74, 75, 76, 77, 78, 79, 80, 81, 82, 83, 84, 85, 86, 87, 88, 89, 90, 91, 92, 93, 94, 95, 96, 97, 98, 99]}