{"train_losses": [0.01201475691050291, 0.009134264662861824, 0.007911807857453823, 0.007199256215244532, 0.00664436025545001, 0.006231480743736029, 0.005891494452953339, 0.005579163786023855, 0.005276955664157867, 0.005112277809530497, 0.004892124328762293, 0.004692290909588337, 0.0044861044734716415, 0.004342290572822094, 0.004195645451545715, 0.004089432302862406, 0.0039603216573596, 0.0038700264412909746, 0.0037537910975515842, 0.0036598641891032457, 0.003574064467102289, 0.0034366764593869448, 0.003361450508236885, 0.003242969047278166, 0.0032254536636173725, 0.00309557537548244, 0.003022641409188509, 0.002964013023301959, 0.002880561864003539, 0.002791008446365595, 0.0027543276082724333, 0.0026756750885397196, 0.002630783710628748, 0.0025486773811280727, 0.0025197702925652266, 0.0024777278304100037, 0.0023924638517200947, 0.0023488306906074286, 0.002291310578584671, 0.002249642973765731, 0.002184723038226366, 0.0021480140276253223, 0.002082375343888998, 0.0020218915306031704, 0.001996864564716816, 0.0019828651566058397, 0.0019187805010005832, 0.0018826008308678865, 0.0018619357142597437, 0.001793394680134952, 0.0017495917854830623, 0.0017623519524931908, 0.0016905597876757383, 0.0016805819468572736, 0.0015948297223076224, 0.0016012635314837098, 0.001599978539161384, 0.0015289108268916607, 0.0014834592584520578, 0.0014844804536551237, 0.0014575234381482005, 0.0014271580148488283, 0.0013903977815061808, 0.0013504796661436558, 0.0013840884203091264, 0.0012650423450395465, 0.0012626305688172579, 0.001282172161154449, 0.0011888721492141485, 0.0012343849521130323, 0.0012357862433418632, 0.0011687632650136948, 0.0011379875941202044, 0.0011237693252041936, 0.0011130878701806068, 0.0010604982962831855, 0.0010542154777795076, 0.0010388271184638143, 0.0010291726794093847, 0.0009975684806704521, 0.0010153517359867692, 0.000979350763373077, 0.0010162560502067208, 0.0009580987389199436, 0.000908088288269937, 0.0009395888191647828, 0.0009292091708630323, 0.0008891975739970803, 0.0008918574312701821, 0.0008670500246807933, 0.0008434250485152006, 0.0008559174602851272, 0.0008156827534548938, 0.0007915185415185988, 0.0008027610019780695, 0.0007745282491669059, 0.0007700319983996451, 0.0007955179898999631, 0.0007508059497922659, 0.0007133825565688312], "accs": [53.7599983215332, 63.55999755859375, 65.81999969482422, 70.88999938964844, 71.40999603271484, 73.18999481201172, 74.7699966430664, 72.97999572753906, 76.43999481201172, 75.81999969482422, 78.29999542236328, 78.37999725341797, 78.47000122070312, 78.25999450683594, 79.29000091552734, 78.9000015258789, 79.40999603271484, 79.79000091552734, 79.3499984741211, 80.02999877929688, 80.94999694824219, 80.54000091552734, 80.47000122070312, 80.86000061035156, 81.62999725341797, 81.97000122070312, 81.72000122070312, 81.37999725341797, 81.8699951171875, 81.97000122070312, 81.79000091552734, 82.75999450683594, 82.27999877929688, 81.72000122070312, 82.1199951171875, 82.8699951171875, 81.73999786376953, 82.93999481201172, 81.5999984741211, 82.20999908447266, 83.11000061035156, 82.5199966430664, 82.83999633789062, 82.68000030517578, 82.70999908447266, 82.90999603271484, 83.07999420166016, 83.75999450683594, 83.43999481201172, 83.63999938964844, 82.47999572753906, 83.11000061035156, 83.48999786376953, 84.18999481201172, 83.38999938964844, 83.7699966430664, 83.57999420166016, 83.43000030517578, 83.0, 84.3699951171875, 83.68000030517578, 83.81999969482422, 83.66999816894531, 83.5999984741211, 83.18999481201172, 84.29000091552734, 84.15999603271484, 83.8499984741211, 83.93000030517578, 84.41999816894531, 84.48999786376953, 83.66999816894531, 84.19999694824219, 84.04000091552734, 83.87999725341797, 83.58999633789062, 84.1199951171875, 83.88999938964844, 84.18000030517578, 83.5999984741211, 84.3699951171875, 84.41999816894531, 84.1500015258789, 83.8699951171875, 84.36000061035156, 83.95999908447266, 83.9000015258789, 83.93999481201172, 84.32999420166016, 83.86000061035156, 84.79000091552734, 84.19999694824219, 84.72000122070312, 83.48999786376953, 84.29000091552734, 84.6500015258789, 84.75, 84.13999938964844, 83.97000122070312, 84.65999603271484], "epochs": [0, 1, 2, 3, 4, 5, 6, 7, 8, 9, 10, 11, 12, 13, 14, 15, 16, 17, 18, 19, 20, 21, 22, 23, 24, 25, 26, 27, 28, 29, 30, 31, 32, 33, 34, 35, 36, 37, 38, 39, 40, 41, 42, 43, 44, 45, 46, 47, 48, 49, 50, 51, 52, 53, 54, 55, 56, 57, 58, 59, 60, 61, 62, 63, 64, 65, 66, 67, 68, 69, 70, 71, 72, 73, 74, 75, 76, 77, 78, 79, 80, 81, 82, 83, 84, 85, 86, 87, 88, 89, 90, 91, 92, 93, 94, 95, 96, 97, 98, 99]}