{"train_losses": [0.013770983554422855, 0.011542984284460545, 0.010532657615840435, 0.009689915925264359, 0.009024538099765778, 0.008547529578208923, 0.00809380505234003, 0.007744177244603634, 0.007457415573298931, 0.007158293854445219, 0.00693871034309268, 0.0067097777500748634, 0.006529300473630428, 0.006319702602922916, 0.006154070142656565, 0.005988826975226402, 0.005831348244100809, 0.005678160116076469, 0.005561417900025845, 0.005430241581052542, 0.005348485428839922, 0.005166159477084875, 0.005081286188215017, 0.004988853354007006, 0.004851980600506067, 0.004791950806975365, 0.004690542351454496, 0.004544377792626619, 0.004448504652827978, 0.0044083865359425545, 0.004292620345950127, 0.004243798553943634, 0.004128124099224806, 0.004004086367785931, 0.003992823883891106, 0.003905598307028413, 0.003822949482128024, 0.003722982946783304, 0.0036776422057300806, 0.003605432575568557, 0.003508560126647353, 0.0034763729199767113, 0.003392471233382821, 0.003310162341222167, 0.003270462853834033, 0.0031966811511665583, 0.0031245339196175337, 0.003093862207606435, 0.003026042366400361, 0.002951705362647772, 0.0029420903883874416, 0.0028610159642994404, 0.0027930671349167824, 0.002747454447671771, 0.002668328583240509, 0.00261147553101182, 0.002608073875308037, 0.002544166287407279, 0.002480009337887168, 0.0024168970994651318, 0.002366527682170272, 0.0023516016080975533, 0.0023101065307855606, 0.00223278789781034, 0.002202993258833885, 0.002160669071599841, 0.0021063070744276047, 0.0020748598035424948, 0.0020618541166186333, 0.0019945160020142794, 0.0019320795545354486, 0.0019273082725703716, 0.0019180468516424298, 0.0018679018830880523, 0.0018070319201797247, 0.0017851853044703603, 0.001756760641001165, 0.0017122779972851276, 0.0017129048937931657, 0.0016606153221800923, 0.0016458457102999091, 0.0016351868398487568, 0.0015588545938953757, 0.001533645554445684, 0.0015222361544147134, 0.0015076479176059365, 0.0014704972272738814, 0.001425298280082643, 0.001406292081810534, 0.0013850824907422066, 0.0014089951291680336, 0.0013602128019556403, 0.001325045246630907, 0.0013043887447565794, 0.001329634920693934, 0.0012248401762917638, 0.0012220559874549508, 0.001218539196997881, 0.0012266715057194233, 0.0012026893673464656], "accs": [44.05999755859375, 50.75, 55.53999710083008, 59.38999938964844, 61.6099967956543, 64.1199951171875, 63.91999816894531, 66.3499984741211, 68.0, 68.50999450683594, 69.6199951171875, 70.33000183105469, 70.97000122070312, 70.70999908447266, 71.81999969482422, 72.23999786376953, 72.8499984741211, 72.66999816894531, 73.52999877929688, 74.1500015258789, 73.47999572753906, 74.93000030517578, 74.52999877929688, 75.30999755859375, 75.72000122070312, 75.30999755859375, 75.68999481201172, 75.25999450683594, 76.00999450683594, 76.0999984741211, 76.3499984741211, 75.86000061035156, 76.54000091552734, 76.79000091552734, 76.50999450683594, 77.30999755859375, 76.22999572753906, 77.08999633789062, 77.29999542236328, 76.79999542236328, 77.50999450683594, 76.93000030517578, 77.50999450683594, 77.72000122070312, 77.30999755859375, 77.77999877929688, 78.12999725341797, 77.68999481201172, 77.55999755859375, 77.90999603271484, 77.58999633789062, 78.04000091552734, 77.79000091552734, 77.8499984741211, 78.33000183105469, 77.98999786376953, 78.3699951171875, 77.79000091552734, 78.52999877929688, 77.58999633789062, 77.86000061035156, 77.66999816894531, 78.33000183105469, 79.05999755859375, 77.83999633789062, 78.33999633789062, 78.19999694824219, 77.83000183105469, 78.45999908447266, 78.47000122070312, 79.37999725341797, 78.5999984741211, 78.70999908447266, 78.65999603271484, 78.52999877929688, 78.47000122070312, 78.65999603271484, 79.22999572753906, 78.68999481201172, 79.1199951171875, 78.47000122070312, 78.72000122070312, 78.47999572753906, 78.88999938964844, 78.65999603271484, 79.00999450683594, 79.07999420166016, 78.4000015258789, 78.88999938964844, 78.75999450683594, 79.43000030517578, 78.56999969482422, 78.1199951171875, 78.77999877929688, 78.79999542236328, 79.2699966430664, 79.23999786376953, 78.88999938964844, 78.91999816894531, 79.22999572753906], "epochs": [0, 1, 2, 3, 4, 5, 6, 7, 8, 9, 10, 11, 12, 13, 14, 15, 16, 17, 18, 19, 20, 21, 22, 23, 24, 25, 26, 27, 28, 29, 30, 31, 32, 33, 34, 35, 36, 37, 38, 39, 40, 41, 42, 43, 44, 45, 46, 47, 48, 49, 50, 51, 52, 53, 54, 55, 56, 57, 58, 59, 60, 61, 62, 63, 64, 65, 66, 67, 68, 69, 70, 71, 72, 73, 74, 75, 76, 77, 78, 79, 80, 81, 82, 83, 84, 85, 86, 87, 88, 89, 90, 91, 92, 93, 94, 95, 96, 97, 98, 99]}