{"train_losses": [0.013659622520208359, 0.011393343098461628, 0.010326897725462914, 0.00956376176327467, 0.008975375443696976, 0.008515619672834873, 0.008075305260717869, 0.007713307160884142, 0.007433142513036728, 0.0070885238237679005, 0.0068503753282129765, 0.006615644786506891, 0.006437608040869236, 0.006240154150873423, 0.006110655143857002, 0.005941919982433319, 0.005759293679147959, 0.005637370515614748, 0.005472908262163401, 0.005415380001068115, 0.005233354866504669, 0.005137963220477104, 0.004990155342966318, 0.004905988462269306, 0.004824178759008646, 0.004736953880637884, 0.004615959245711565, 0.004543317016214132, 0.004421319346874952, 0.004322648048400879, 0.004254775121808052, 0.004140715580433607, 0.004104738589376211, 0.003998630214482546, 0.0039045626763254404, 0.003837691619992256, 0.0037687162403017282, 0.003680253867059946, 0.0036229484248906374, 0.003575794631615281, 0.0034669372253119946, 0.0034273371566087008, 0.0033226273953914642, 0.0032977804075926542, 0.0032571153715252876, 0.0031884461641311646, 0.0030829657334834337, 0.0030529487412422895, 0.002975346054881811, 0.0029534040950238705, 0.0028763343580067158, 0.0028299838304519653, 0.0027751533780246973, 0.0027087172493338585, 0.0026544511783868074, 0.0025731753557920456, 0.0025230562314391136, 0.0024946711491793394, 0.0024979813024401665, 0.0024306215345859528, 0.002345673507079482, 0.002316877478733659, 0.002321156207472086, 0.0022095181047916412, 0.002151088323444128, 0.0021778291556984186, 0.0020524023566395044, 0.0020692411344498396, 0.001988156931474805, 0.001997770741581917, 0.0019602857064455748, 0.001958057750016451, 0.0018633443396538496, 0.0018667478580027819, 0.0018109082011505961, 0.0018190261907875538, 0.0017349992413073778, 0.0017255417769774795, 0.0017092637717723846, 0.001628852216526866, 0.0016043608775362372, 0.0016187779838219285, 0.0015739729860797524, 0.0015287711285054684, 0.0014786962419748306, 0.0014739902690052986, 0.0014575131935998797, 0.0014578500995412469, 0.001401672139763832, 0.001367062795907259, 0.001305350917391479, 0.0013966046972200274, 0.0013063314836472273, 0.0013310506474226713, 0.0012750917812809348, 0.001252342713996768, 0.0012120174942538142, 0.0012024401221424341, 0.0012160532642155886, 0.0011522052809596062], "accs": [46.98999786376953, 51.98999786376953, 55.44999694824219, 58.87999725341797, 61.48999786376953, 63.57999801635742, 64.6500015258789, 66.04999542236328, 67.54000091552734, 69.16999816894531, 69.80999755859375, 70.83999633789062, 70.9000015258789, 71.73999786376953, 72.00999450683594, 72.58000183105469, 72.68000030517578, 73.58999633789062, 73.9000015258789, 74.04000091552734, 74.9000015258789, 75.6500015258789, 75.58000183105469, 75.62999725341797, 76.29000091552734, 76.3699951171875, 76.5999984741211, 75.97999572753906, 76.47000122070312, 76.54999542236328, 76.97000122070312, 76.81999969482422, 77.04000091552734, 77.63999938964844, 77.95999908447266, 77.54999542236328, 77.68000030517578, 78.18000030517578, 77.54000091552734, 78.25, 78.36000061035156, 78.11000061035156, 77.54000091552734, 77.90999603271484, 78.38999938964844, 78.69999694824219, 78.38999938964844, 78.54000091552734, 78.93000030517578, 78.16999816894531, 78.19999694824219, 78.83999633789062, 78.38999938964844, 78.72000122070312, 78.79000091552734, 78.33000183105469, 78.62999725341797, 78.5, 79.36000061035156, 78.94999694824219, 78.68999481201172, 78.44999694824219, 78.93000030517578, 79.04000091552734, 78.7699966430664, 78.90999603271484, 79.11000061035156, 78.97999572753906, 79.08999633789062, 79.07999420166016, 79.02999877929688, 78.5, 79.56999969482422, 78.97000122070312, 79.08999633789062, 79.08999633789062, 79.22000122070312, 79.27999877929688, 79.22000122070312, 78.80999755859375, 79.48999786376953, 79.65999603271484, 79.47000122070312, 79.6199951171875, 79.36000061035156, 79.68999481201172, 79.0, 79.48999786376953, 79.91999816894531, 79.45999908447266, 79.23999786376953, 78.98999786376953, 79.36000061035156, 79.15999603271484, 78.94999694824219, 79.93999481201172, 79.16999816894531, 80.00999450683594, 79.13999938964844, 79.81999969482422], "epochs": [0, 1, 2, 3, 4, 5, 6, 7, 8, 9, 10, 11, 12, 13, 14, 15, 16, 17, 18, 19, 20, 21, 22, 23, 24, 25, 26, 27, 28, 29, 30, 31, 32, 33, 34, 35, 36, 37, 38, 39, 40, 41, 42, 43, 44, 45, 46, 47, 48, 49, 50, 51, 52, 53, 54, 55, 56, 57, 58, 59, 60, 61, 62, 63, 64, 65, 66, 67, 68, 69, 70, 71, 72, 73, 74, 75, 76, 77, 78, 79, 80, 81, 82, 83, 84, 85, 86, 87, 88, 89, 90, 91, 92, 93, 94, 95, 96, 97, 98, 99]}