{"train_losses": [0.012125266715884209, 0.00934707373380661, 0.00809929333627224, 0.007286434061825275, 0.006744336802512407, 0.006338931620121002, 0.0059697991237044334, 0.0056462036445736885, 0.005369389895349741, 0.005140913184732199, 0.004891748074442148, 0.004740043077617884, 0.004557487554848194, 0.0043818093836307526, 0.004274946171790361, 0.0041176024824380875, 0.0040327454917132854, 0.00386265036650002, 0.003748140996322036, 0.0036765816621482372, 0.003566977335140109, 0.0034140865318477154, 0.00337195978499949, 0.0033185400534421206, 0.0032127108424901962, 0.0031493876595050097, 0.0030427949968725443, 0.0029980975668877363, 0.002919631078839302, 0.002863730303943157, 0.0027819920796900988, 0.0026967045851051807, 0.002597474493086338, 0.0026039110962301493, 0.0025230138562619686, 0.002467172686010599, 0.002434877213090658, 0.0023521785624325275, 0.0023044925183057785, 0.0022872420959174633, 0.002182416617870331, 0.0021900369320064783, 0.0021188536193221807, 0.0020419356878846884, 0.0020660669542849064, 0.001950856763869524, 0.0019147705752402544, 0.001969692762941122, 0.0018818707903847098, 0.001806369167752564, 0.0018310373416170478, 0.0017526011215522885, 0.0017316871089860797, 0.0016903785290196538, 0.0016393243568018079, 0.0015935589326545596, 0.0015369013417512178, 0.0015474099200218916, 0.0015141929034143686, 0.0014828292187303305, 0.0015062229940667748, 0.0014417612692341208, 0.0013536696787923574, 0.001384322764351964, 0.0013709154445677996, 0.0013407474616542459, 0.0012955294223502278, 0.00129191973246634, 0.0012568783713504672, 0.0012579199392348528, 0.0011945698643103242, 0.0012074849801138043, 0.0012232083827257156, 0.0011337337782606483, 0.0011598712299019098, 0.0011243228800594807, 0.0010771466186270118, 0.0010648216120898724, 0.001029463135637343, 0.001046059071086347, 0.0009865161264315248, 0.001025045639835298, 0.0009726418065838516, 0.0009741046815179288, 0.0009592224378138781, 0.0009327065199613571, 0.0009476558188907802, 0.0008787672268226743, 0.0009096672874875367, 0.0008748418767936528, 0.0008582568261772394, 0.0008411582093685865, 0.0008693583658896387, 0.0008346434333361685, 0.0007901388453319669, 0.000818404892925173, 0.0007754245307296515, 0.0007908897241577506, 0.0007578639197163284, 0.0007652787608094513], "accs": [53.59000015258789, 63.429996490478516, 64.61000061035156, 71.16999816894531, 69.81999969482422, 70.31999969482422, 73.45999908447266, 74.5, 75.93000030517578, 76.25, 77.22000122070312, 75.9000015258789, 78.70999908447266, 78.50999450683594, 79.75, 78.08000183105469, 79.47000122070312, 79.82999420166016, 80.65999603271484, 79.40999603271484, 80.9000015258789, 81.43000030517578, 82.57999420166016, 81.08999633789062, 81.4000015258789, 80.97999572753906, 82.0999984741211, 82.56999969482422, 82.1199951171875, 82.66999816894531, 82.15999603271484, 82.02999877929688, 82.80999755859375, 82.08999633789062, 82.15999603271484, 83.30999755859375, 82.25999450683594, 82.72000122070312, 81.77999877929688, 82.6199951171875, 83.43999481201172, 82.55999755859375, 84.15999603271484, 82.9000015258789, 83.68000030517578, 83.22000122070312, 83.79000091552734, 83.0999984741211, 83.95999908447266, 83.40999603271484, 83.68000030517578, 83.07999420166016, 84.7699966430664, 83.81999969482422, 83.61000061035156, 83.65999603271484, 83.72999572753906, 84.23999786376953, 83.79999542236328, 83.65999603271484, 83.94999694824219, 83.83999633789062, 84.43000030517578, 83.91999816894531, 84.1199951171875, 84.6500015258789, 84.20999908447266, 84.27999877929688, 84.48999786376953, 84.30999755859375, 84.56999969482422, 83.6199951171875, 83.93000030517578, 83.72999572753906, 84.30999755859375, 83.8499984741211, 84.65999603271484, 84.0, 84.25, 84.07999420166016, 83.93999481201172, 84.43000030517578, 84.33999633789062, 84.62999725341797, 84.3499984741211, 84.27999877929688, 84.79000091552734, 85.00999450683594, 84.38999938964844, 84.72999572753906, 84.22999572753906, 84.25, 84.22000122070312, 84.54000091552734, 84.31999969482422, 84.36000061035156, 83.77999877929688, 83.75999450683594, 84.73999786376953, 84.72000122070312], "epochs": [0, 1, 2, 3, 4, 5, 6, 7, 8, 9, 10, 11, 12, 13, 14, 15, 16, 17, 18, 19, 20, 21, 22, 23, 24, 25, 26, 27, 28, 29, 30, 31, 32, 33, 34, 35, 36, 37, 38, 39, 40, 41, 42, 43, 44, 45, 46, 47, 48, 49, 50, 51, 52, 53, 54, 55, 56, 57, 58, 59, 60, 61, 62, 63, 64, 65, 66, 67, 68, 69, 70, 71, 72, 73, 74, 75, 76, 77, 78, 79, 80, 81, 82, 83, 84, 85, 86, 87, 88, 89, 90, 91, 92, 93, 94, 95, 96, 97, 98, 99]}