{"train_losses": [0.01895844005048275, 0.018086249008774757, 0.01745135709643364, 0.017046744003891945, 0.016665589064359665, 0.016388362273573875, 0.016069676727056503, 0.015849102288484573, 0.015672244131565094, 0.015464003197848797, 0.015312273986637592, 0.015148378908634186, 0.0150130745023489, 0.014935811050236225, 0.014780235476791859, 0.014719409868121147, 0.014581154100596905, 0.014459023252129555, 0.0143634844571352, 0.014314205385744572, 0.01431216485798359, 0.014158360660076141, 0.014097831211984158, 0.014024510979652405, 0.013934952206909657, 0.013869116082787514, 0.013801020570099354, 0.013759983703494072, 0.013722044415771961, 0.013656506314873695, 0.013577298261225224, 0.013498061336576939, 0.013468429446220398, 0.013412857428193092, 0.013352347537875175, 0.013284622691571712, 0.013266585767269135, 0.013241908513009548, 0.013176534324884415, 0.013123768381774426, 0.013072792440652847, 0.013016784563660622, 0.012996929697692394, 0.012975535355508327, 0.01289636641740799, 0.012874466367065907, 0.01282555516809225, 0.012816332280635834, 0.012771493755280972, 0.012725778855383396, 0.012701009400188923, 0.012667572125792503, 0.012637684121727943, 0.012624453753232956, 0.012548044323921204, 0.012502122670412064, 0.012460806407034397, 0.012425083667039871, 0.012409922666847706, 0.01235198974609375, 0.012327663600444794, 0.012324227020144463, 0.01229014340788126, 0.012289730831980705, 0.012239805422723293, 0.012237326242029667, 0.012164556421339512, 0.012152991257607937, 0.012104456312954426, 0.012064146809279919, 0.012074793688952923, 0.01204591989517212, 0.012004710733890533, 0.011975749395787716, 0.011940117925405502, 0.01193577703088522, 0.01188480295240879, 0.011886019259691238, 0.011885863728821278, 0.011819584295153618, 0.011835242621600628, 0.011806733906269073, 0.011765996925532818, 0.011750196106731892, 0.01172881294041872, 0.011709070764482021, 0.011692836880683899, 0.01166506577283144, 0.011623257771134377, 0.011613751761615276, 0.011605527251958847, 0.01158817857503891, 0.011585094034671783, 0.011549771763384342, 0.011498653329908848, 0.011501866392791271, 0.011503832414746284, 0.01143814530223608, 0.011431820690631866, 0.011377899907529354], "accs": [13.519999504089355, 17.010000228881836, 19.44999885559082, 21.739999771118164, 23.059999465942383, 24.399999618530273, 25.6299991607666, 26.579999923706055, 27.75, 28.729999542236328, 29.28999900817871, 30.25, 30.739999771118164, 31.75, 32.16999816894531, 32.89999771118164, 33.65999984741211, 33.98999786376953, 34.59000015258789, 34.939998626708984, 35.20000076293945, 35.89999771118164, 36.40999984741211, 36.790000915527344, 36.619998931884766, 36.91999816894531, 37.529998779296875, 37.91999816894531, 38.20000076293945, 38.41999816894531, 38.52000045776367, 39.189998626708984, 39.15999984741211, 39.61000061035156, 39.959999084472656, 39.86000061035156, 40.37999725341797, 40.80999755859375, 40.89999771118164, 41.16999816894531, 41.15999984741211, 41.53999710083008, 41.459999084472656, 42.18000030517578, 42.37999725341797, 42.64999771118164, 42.56999969482422, 43.25, 43.279998779296875, 43.25, 43.56999969482422, 43.439998626708984, 43.57999801635742, 43.78999710083008, 44.119998931884766, 44.12999725341797, 44.0, 44.439998626708984, 44.459999084472656, 44.81999969482422, 44.95000076293945, 45.34000015258789, 45.29999923706055, 45.04999923706055, 45.28999710083008, 45.23999786376953, 45.37999725341797, 45.44999694824219, 45.689998626708984, 45.75, 45.59000015258789, 45.78999710083008, 46.04999923706055, 46.099998474121094, 46.47999954223633, 46.32999801635742, 46.64999771118164, 46.81999969482422, 46.57999801635742, 46.71999740600586, 46.86000061035156, 47.39999771118164, 47.13999938964844, 47.41999816894531, 47.63999938964844, 47.59000015258789, 47.77000045776367, 47.65999984741211, 48.13999938964844, 47.80999755859375, 48.2599983215332, 48.189998626708984, 48.41999816894531, 48.48999786376953, 48.46999740600586, 48.66999816894531, 48.59000015258789, 48.90999984741211, 48.81999969482422, 49.07999801635742], "epochs": [0, 1, 2, 3, 4, 5, 6, 7, 8, 9, 10, 11, 12, 13, 14, 15, 16, 17, 18, 19, 20, 21, 22, 23, 24, 25, 26, 27, 28, 29, 30, 31, 32, 33, 34, 35, 36, 37, 38, 39, 40, 41, 42, 43, 44, 45, 46, 47, 48, 49, 50, 51, 52, 53, 54, 55, 56, 57, 58, 59, 60, 61, 62, 63, 64, 65, 66, 67, 68, 69, 70, 71, 72, 73, 74, 75, 76, 77, 78, 79, 80, 81, 82, 83, 84, 85, 86, 87, 88, 89, 90, 91, 92, 93, 94, 95, 96, 97, 98, 99]}