{"train_losses": [0.012213666923344135, 0.009493405930697918, 0.008191045373678207, 0.007355937268584967, 0.006747153587639332, 0.006308397278189659, 0.005918840877711773, 0.005639936309307814, 0.005338659975677729, 0.005059759598225355, 0.004894805606454611, 0.0047349887900054455, 0.004551728721708059, 0.004382424987852573, 0.004243474453687668, 0.004086813423782587, 0.003976477775722742, 0.003905386896803975, 0.003735095728188753, 0.003609267296269536, 0.0035432283766567707, 0.003481473308056593, 0.0033683255314826965, 0.003299087518826127, 0.0031948969699442387, 0.003125664545223117, 0.0030269750859588385, 0.0029943452682346106, 0.0029254949185997248, 0.0028496321756392717, 0.0027893749065697193, 0.00272406917065382, 0.0026417162735015154, 0.0025500296615064144, 0.0025472466368228197, 0.0024850007612258196, 0.0024052252992987633, 0.0023585930466651917, 0.0023102983832359314, 0.0022514343727380037, 0.002217682311311364, 0.0021376730874180794, 0.002133840462192893, 0.002101428108289838, 0.0020658280700445175, 0.001996902748942375, 0.0019247554009780288, 0.0018665986135601997, 0.0018540467135608196, 0.0018592432606965303, 0.0018193938303738832, 0.0017651566304266453, 0.0017153272638097405, 0.0016891539562493563, 0.001640541828237474, 0.0016153736505657434, 0.001597024966031313, 0.0015862026484683156, 0.0015270992880687118, 0.0015226260293275118, 0.001463235472328961, 0.0013707791222259402, 0.0014267240185290575, 0.0014097458915784955, 0.001343756215646863, 0.0012905036564916372, 0.0013243609573692083, 0.0012597715249285102, 0.0012388414470478892, 0.0012350816978141665, 0.0012644515372812748, 0.0011983192525804043, 0.0011877542128786445, 0.0011782223591580987, 0.0011669222731143236, 0.0011119053233414888, 0.0010957303456962109, 0.0010299424175173044, 0.0010482465149834752, 0.001021187868900597, 0.0010152837494388223, 0.00101700599770993, 0.000997345196083188, 0.001006032107397914, 0.0009515657438896596, 0.0009108992526307702, 0.000914966338314116, 0.0009080250165425241, 0.0009050247608684003, 0.0008937835227698088, 0.0008537741377949715, 0.0009143483475781977, 0.000828983960673213, 0.0008422984974458814, 0.0008187827188521624, 0.0008191022789105773, 0.0008056638762354851, 0.0007970718434080482, 0.0007501368527300656, 0.0007598507218062878], "accs": [52.96999740600586, 58.709999084472656, 64.54000091552734, 70.5199966430664, 71.62999725341797, 72.75, 73.36000061035156, 74.11000061035156, 76.25999450683594, 76.62999725341797, 77.97000122070312, 78.00999450683594, 77.79000091552734, 78.33999633789062, 78.58999633789062, 79.54999542236328, 80.43999481201172, 80.86000061035156, 80.1500015258789, 79.4000015258789, 80.0999984741211, 80.98999786376953, 80.68000030517578, 81.43999481201172, 81.62999725341797, 82.41999816894531, 81.38999938964844, 82.0999984741211, 82.04999542236328, 81.31999969482422, 83.16999816894531, 81.9000015258789, 82.72000122070312, 82.15999603271484, 80.70999908447266, 82.54000091552734, 82.0999984741211, 83.29999542236328, 83.5999984741211, 83.79999542236328, 83.87999725341797, 83.81999969482422, 83.18999481201172, 83.16999816894531, 83.43000030517578, 83.69999694824219, 83.11000061035156, 83.45999908447266, 83.65999603271484, 83.5199966430664, 83.3499984741211, 83.8699951171875, 84.40999603271484, 84.00999450683594, 83.5999984741211, 83.38999938964844, 83.72000122070312, 84.04000091552734, 83.68999481201172, 83.5999984741211, 84.3699951171875, 83.73999786376953, 83.48999786376953, 83.8499984741211, 83.70999908447266, 83.73999786376953, 83.7699966430664, 84.47000122070312, 83.94999694824219, 84.0199966430664, 84.50999450683594, 84.27999877929688, 83.29999542236328, 84.16999816894531, 83.94999694824219, 84.19999694824219, 84.43999481201172, 84.5, 84.18999481201172, 84.08999633789062, 84.25, 83.98999786376953, 83.33999633789062, 84.33999633789062, 84.62999725341797, 84.54999542236328, 84.16999816894531, 83.91999816894531, 83.8699951171875, 84.1500015258789, 84.25, 85.37999725341797, 84.05999755859375, 84.36000061035156, 84.2699966430664, 84.80999755859375, 84.40999603271484, 84.43999481201172, 84.31999969482422, 84.6199951171875], "epochs": [0, 1, 2, 3, 4, 5, 6, 7, 8, 9, 10, 11, 12, 13, 14, 15, 16, 17, 18, 19, 20, 21, 22, 23, 24, 25, 26, 27, 28, 29, 30, 31, 32, 33, 34, 35, 36, 37, 38, 39, 40, 41, 42, 43, 44, 45, 46, 47, 48, 49, 50, 51, 52, 53, 54, 55, 56, 57, 58, 59, 60, 61, 62, 63, 64, 65, 66, 67, 68, 69, 70, 71, 72, 73, 74, 75, 76, 77, 78, 79, 80, 81, 82, 83, 84, 85, 86, 87, 88, 89, 90, 91, 92, 93, 94, 95, 96, 97, 98, 99]}