{"train_losses": [0.01680588908493519, 0.014797552488744259, 0.01389443688094616, 0.013313240371644497, 0.012858372181653976, 0.012488081119954586, 0.012205460108816624, 0.01199104730039835, 0.011783655732870102, 0.011563905514776707, 0.011364530771970749, 0.011183295398950577, 0.011045551858842373, 0.010903454385697842, 0.010788691230118275, 0.010633527301251888, 0.010457200929522514, 0.010355482809245586, 0.010269000194966793, 0.010145822539925575, 0.009995916858315468, 0.009867875836789608, 0.009778759442269802, 0.009709029458463192, 0.009588330052793026, 0.009519040584564209, 0.0094045614823699, 0.009355631656944752, 0.009256263263523579, 0.009157315827906132, 0.009098749607801437, 0.008987870067358017, 0.0089487973600626, 0.008886572904884815, 0.008742235600948334, 0.008701886981725693, 0.00864049606025219, 0.008566095493733883, 0.008540716022253036, 0.008431592024862766, 0.008382398635149002, 0.008314291946589947, 0.008239137940108776, 0.008198563940823078, 0.008142574690282345, 0.00805923342704773, 0.008021337911486626, 0.007986917160451412, 0.007908137515187263, 0.007886281237006187, 0.007781083229929209, 0.007729250472038984, 0.007736910134553909, 0.007677351590245962, 0.0076010520569980145, 0.007557424250990152, 0.0075060222297906876, 0.007413648068904877, 0.007417125627398491, 0.007355662528425455, 0.00731792114675045, 0.007286268286406994, 0.007239038124680519, 0.007184029556810856, 0.007143477443605661, 0.007091587875038385, 0.007042387966066599, 0.007036095019429922, 0.0069715469144284725, 0.006920956075191498, 0.006856315303593874, 0.006838402710855007, 0.006793663837015629, 0.006779598072171211, 0.006716519128531218, 0.006715910043567419, 0.006626303773373365, 0.006638954859226942, 0.006608957424759865, 0.00654165493324399, 0.00648608198389411, 0.006443279329687357, 0.006424800958484411, 0.0064052254892885685, 0.006394466385245323, 0.006354585289955139, 0.006314915604889393, 0.0062705473974347115, 0.006264083553105593, 0.006219306495040655, 0.0061514489352703094, 0.006145017687231302, 0.006112320814281702, 0.006127906497567892, 0.006078704725950956, 0.006040399428457022, 0.006013424601405859, 0.005913179367780685, 0.005913291592150927, 0.005884522572159767], "accs": [30.59000015258789, 35.959999084472656, 38.939998626708984, 41.18000030517578, 43.2599983215332, 44.61000061035156, 45.82999801635742, 46.88999938964844, 47.59000015258789, 49.11000061035156, 49.84000015258789, 50.63999938964844, 51.34000015258789, 52.22999954223633, 53.0, 53.619998931884766, 54.25, 54.94999694824219, 55.099998474121094, 55.82999801635742, 56.099998474121094, 56.439998626708984, 57.19999694824219, 57.6099967956543, 57.709999084472656, 58.34000015258789, 58.55999755859375, 58.73999786376953, 59.47999954223633, 59.47999954223633, 59.90999984741211, 60.23999786376953, 60.28999710083008, 60.44999694824219, 61.06999969482422, 61.32999801635742, 61.599998474121094, 61.959999084472656, 62.47999954223633, 62.55999755859375, 62.689998626708984, 63.119998931884766, 63.269996643066406, 63.519996643066406, 63.56999969482422, 63.84000015258789, 64.05999755859375, 64.54999542236328, 64.51000213623047, 64.66999816894531, 64.91999816894531, 65.29000091552734, 65.29000091552734, 65.52999877929688, 65.69999694824219, 66.04000091552734, 65.5999984741211, 66.19999694824219, 66.22000122070312, 66.36000061035156, 66.55999755859375, 66.8499984741211, 66.7699966430664, 67.00999450683594, 67.31999969482422, 67.02999877929688, 67.31999969482422, 67.27999877929688, 67.18999481201172, 67.41999816894531, 68.08999633789062, 67.9000015258789, 67.97999572753906, 67.87999725341797, 68.47000122070312, 68.56999969482422, 68.6500015258789, 68.36000061035156, 68.86000061035156, 68.77999877929688, 69.00999450683594, 69.20999908447266, 69.30999755859375, 69.2699966430664, 69.47000122070312, 69.44999694824219, 69.47999572753906, 69.63999938964844, 69.41999816894531, 69.63999938964844, 69.72999572753906, 69.90999603271484, 70.08000183105469, 69.87999725341797, 69.88999938964844, 70.04000091552734, 70.20999908447266, 70.47000122070312, 70.04000091552734, 70.38999938964844], "epochs": [0, 1, 2, 3, 4, 5, 6, 7, 8, 9, 10, 11, 12, 13, 14, 15, 16, 17, 18, 19, 20, 21, 22, 23, 24, 25, 26, 27, 28, 29, 30, 31, 32, 33, 34, 35, 36, 37, 38, 39, 40, 41, 42, 43, 44, 45, 46, 47, 48, 49, 50, 51, 52, 53, 54, 55, 56, 57, 58, 59, 60, 61, 62, 63, 64, 65, 66, 67, 68, 69, 70, 71, 72, 73, 74, 75, 76, 77, 78, 79, 80, 81, 82, 83, 84, 85, 86, 87, 88, 89, 90, 91, 92, 93, 94, 95, 96, 97, 98, 99]}