{"train_losses": [0.019235411658883095, 0.01824430748820305, 0.017642362043261528, 0.017156433314085007, 0.016810424625873566, 0.016496751457452774, 0.016247699037194252, 0.016003059223294258, 0.0157811027020216, 0.015636006370186806, 0.015452048741281033, 0.015301259234547615, 0.015163810923695564, 0.01501795370131731, 0.01492230873554945, 0.01481492631137371, 0.01469999086111784, 0.014613931067287922, 0.01453439425677061, 0.014460356906056404, 0.01436750590801239, 0.01426010113209486, 0.014224040322005749, 0.014117846265435219, 0.014014299027621746, 0.013960291631519794, 0.013916580006480217, 0.01384979672729969, 0.013792291283607483, 0.013693197630345821, 0.013637891039252281, 0.013563028536736965, 0.013524936512112617, 0.013498403131961823, 0.013414951972663403, 0.013397914357483387, 0.01331249251961708, 0.013326083309948444, 0.013249920681118965, 0.013157321140170097, 0.013172578997910023, 0.01306995004415512, 0.01307955663651228, 0.01300770603120327, 0.01296612061560154, 0.012932123616337776, 0.012898643501102924, 0.012823001481592655, 0.01280180737376213, 0.012758654542267323, 0.012740607373416424, 0.012700001709163189, 0.012675058096647263, 0.012632325291633606, 0.012526431120932102, 0.012546778656542301, 0.012521613389253616, 0.012489122338593006, 0.012480336241424084, 0.012434754520654678, 0.012394133023917675, 0.012402469292283058, 0.012327991425991058, 0.012299178168177605, 0.012299935333430767, 0.012235091999173164, 0.012233452871441841, 0.012203055433928967, 0.012187900952994823, 0.012145426124334335, 0.012087879702448845, 0.012105855159461498, 0.012080978602170944, 0.012071922421455383, 0.012009316124022007, 0.012009277008473873, 0.011958090588450432, 0.011919129639863968, 0.011913339607417583, 0.011940966360270977, 0.011874155141413212, 0.011861264705657959, 0.011809876188635826, 0.011806762777268887, 0.011815001256763935, 0.011753248982131481, 0.011710474267601967, 0.011720550246536732, 0.011663171462714672, 0.011701436713337898, 0.011669237166643143, 0.011631404981017113, 0.01164556946605444, 0.011592063121497631, 0.0116036431863904, 0.011567424051463604, 0.011545325629413128, 0.011514352634549141, 0.01149657927453518, 0.011467604897916317], "accs": [12.969999313354492, 16.029998779296875, 18.559999465942383, 20.75, 22.81999969482422, 24.239999771118164, 26.17999839782715, 27.479999542236328, 28.25, 29.10999870300293, 29.75, 30.459999084472656, 31.399999618530273, 31.969999313354492, 32.36000061035156, 32.959999084472656, 33.93000030517578, 34.290000915527344, 34.87999725341797, 35.02000045776367, 35.31999969482422, 35.43000030517578, 35.86000061035156, 36.43000030517578, 36.54999923706055, 36.86000061035156, 37.71999740600586, 37.55999755859375, 37.89999771118164, 38.09000015258789, 38.790000915527344, 38.62999725341797, 39.45000076293945, 39.53999710083008, 39.87999725341797, 39.939998626708984, 40.32999801635742, 40.349998474121094, 40.849998474121094, 40.90999984741211, 41.39999771118164, 41.56999969482422, 42.07999801635742, 42.14999771118164, 42.099998474121094, 42.439998626708984, 42.64999771118164, 42.939998626708984, 43.0, 42.53999710083008, 43.13999938964844, 43.73999786376953, 43.369998931884766, 44.11000061035156, 43.97999954223633, 44.25, 44.11000061035156, 44.39999771118164, 44.66999816894531, 44.62999725341797, 44.72999954223633, 44.82999801635742, 45.14999771118164, 45.14999771118164, 45.32999801635742, 45.59000015258789, 45.88999938964844, 45.93000030517578, 46.05999755859375, 46.13999938964844, 46.209999084472656, 46.18000030517578, 46.65999984741211, 46.619998931884766, 46.529998779296875, 46.93000030517578, 46.89999771118164, 46.98999786376953, 47.25, 47.349998474121094, 47.349998474121094, 47.64999771118164, 47.64999771118164, 47.65999984741211, 48.029998779296875, 47.94999694824219, 48.099998474121094, 48.189998626708984, 47.96999740600586, 48.05999755859375, 48.39999771118164, 48.13999938964844, 48.61000061035156, 48.53999710083008, 48.44999694824219, 48.529998779296875, 48.82999801635742, 48.959999084472656, 49.029998779296875, 48.69999694824219], "epochs": [0, 1, 2, 3, 4, 5, 6, 7, 8, 9, 10, 11, 12, 13, 14, 15, 16, 17, 18, 19, 20, 21, 22, 23, 24, 25, 26, 27, 28, 29, 30, 31, 32, 33, 34, 35, 36, 37, 38, 39, 40, 41, 42, 43, 44, 45, 46, 47, 48, 49, 50, 51, 52, 53, 54, 55, 56, 57, 58, 59, 60, 61, 62, 63, 64, 65, 66, 67, 68, 69, 70, 71, 72, 73, 74, 75, 76, 77, 78, 79, 80, 81, 82, 83, 84, 85, 86, 87, 88, 89, 90, 91, 92, 93, 94, 95, 96, 97, 98, 99]}