{"train_losses": [0.013643008656799793, 0.011456942185759544, 0.010420700535178185, 0.009647677652537823, 0.009006915614008904, 0.008496120572090149, 0.008106885477900505, 0.007764045149087906, 0.007451312616467476, 0.007156576495617628, 0.006934849079698324, 0.006645126733928919, 0.006467159371823072, 0.006298509892076254, 0.006123554427176714, 0.005937663372606039, 0.005762787535786629, 0.005678124260157347, 0.005546103231608868, 0.005409228149801493, 0.005283431150019169, 0.00514610530808568, 0.00499703548848629, 0.004978243727236986, 0.004834539256989956, 0.004753757733851671, 0.004606176167726517, 0.004532801918685436, 0.004420058336108923, 0.004352062474936247, 0.004277972970157862, 0.004148693289607763, 0.0041334121488034725, 0.0040068780072033405, 0.003978302702307701, 0.0038830863777548075, 0.0037971490528434515, 0.0037282740231603384, 0.003648440120741725, 0.0035472081508487463, 0.0035008040722459555, 0.0034520893823355436, 0.0033908882178366184, 0.0033343748655170202, 0.0032597193494439125, 0.003197699785232544, 0.0030997288413345814, 0.0030462932772934437, 0.0030316978227347136, 0.0029474932234734297, 0.0028685384895652533, 0.002803053241223097, 0.0027817534282803535, 0.0027338184881955385, 0.0026626994367688894, 0.0026186599861830473, 0.0025857656728476286, 0.0025193311739712954, 0.0024795522913336754, 0.0024450356140732765, 0.0023980201222002506, 0.0023298037704080343, 0.002325991867110133, 0.0022541917860507965, 0.00217989063821733, 0.0021778224036097527, 0.0021151427645236254, 0.0021497842390090227, 0.0020239599980413914, 0.001961722504347563, 0.0019676333758980036, 0.0018860046984627843, 0.0019159034127369523, 0.0018599200993776321, 0.001796395517885685, 0.001782404724508524, 0.0017605260945856571, 0.0017325287917628884, 0.0016994830220937729, 0.0016555498586967587, 0.0016462099738419056, 0.0016431385884061456, 0.0015535586280748248, 0.0015535184647887945, 0.001510166795924306, 0.0014852207386866212, 0.001468260888941586, 0.0014196621486917138, 0.0014157085679471493, 0.001360501628369093, 0.001330196508206427, 0.0013771583326160908, 0.001339233247563243, 0.001325311604887247, 0.0012890009675174952, 0.0012723434483632445, 0.0011984185548499227, 0.0012156277662143111, 0.0012187545653432608, 0.0011699203168973327], "accs": [44.529998779296875, 51.599998474121094, 56.63999938964844, 58.21999740600586, 62.13999938964844, 63.14999771118164, 64.97999572753906, 66.58999633789062, 66.75, 68.18000030517578, 69.75999450683594, 70.5199966430664, 71.4000015258789, 71.8499984741211, 71.95999908447266, 72.22999572753906, 72.73999786376953, 73.20999908447266, 73.72999572753906, 73.97000122070312, 74.58999633789062, 74.80999755859375, 74.93999481201172, 75.40999603271484, 74.97000122070312, 75.86000061035156, 75.97999572753906, 75.79000091552734, 76.0999984741211, 76.72999572753906, 76.38999938964844, 75.94999694824219, 76.9000015258789, 77.08999633789062, 77.08000183105469, 77.3499984741211, 77.91999816894531, 77.0199966430664, 76.77999877929688, 77.66999816894531, 76.8499984741211, 77.87999725341797, 77.83999633789062, 78.1500015258789, 77.54000091552734, 78.20999908447266, 77.36000061035156, 77.63999938964844, 77.66999816894531, 78.06999969482422, 78.23999786376953, 78.08000183105469, 78.08000183105469, 77.56999969482422, 78.43999481201172, 78.27999877929688, 78.62999725341797, 78.04000091552734, 77.93999481201172, 78.36000061035156, 78.5199966430664, 78.79999542236328, 78.40999603271484, 78.45999908447266, 78.12999725341797, 78.43000030517578, 78.54999542236328, 78.43999481201172, 78.79000091552734, 78.5, 78.94999694824219, 78.33999633789062, 78.6199951171875, 78.38999938964844, 78.36000061035156, 78.36000061035156, 78.95999908447266, 78.04000091552734, 78.50999450683594, 78.36000061035156, 78.33999633789062, 78.5199966430664, 78.29999542236328, 78.43999481201172, 79.11000061035156, 78.73999786376953, 77.95999908447266, 78.5, 78.58999633789062, 78.6199951171875, 78.69999694824219, 78.68999481201172, 78.83999633789062, 78.80999755859375, 78.9000015258789, 78.23999786376953, 78.72000122070312, 79.3699951171875, 78.82999420166016, 78.98999786376953], "epochs": [0, 1, 2, 3, 4, 5, 6, 7, 8, 9, 10, 11, 12, 13, 14, 15, 16, 17, 18, 19, 20, 21, 22, 23, 24, 25, 26, 27, 28, 29, 30, 31, 32, 33, 34, 35, 36, 37, 38, 39, 40, 41, 42, 43, 44, 45, 46, 47, 48, 49, 50, 51, 52, 53, 54, 55, 56, 57, 58, 59, 60, 61, 62, 63, 64, 65, 66, 67, 68, 69, 70, 71, 72, 73, 74, 75, 76, 77, 78, 79, 80, 81, 82, 83, 84, 85, 86, 87, 88, 89, 90, 91, 92, 93, 94, 95, 96, 97, 98, 99]}