{"train_losses": [0.012106377631425858, 0.009271682240068913, 0.007993452250957489, 0.0072792875580489635, 0.006680849939584732, 0.006242117378860712, 0.005874031223356724, 0.005622203927487135, 0.005338272545486689, 0.005122115835547447, 0.004885291215032339, 0.004700840916484594, 0.004542872309684753, 0.004386759828776121, 0.004241447430104017, 0.004140312317758799, 0.0040315850637853146, 0.0038877895567566156, 0.0037309862673282623, 0.0036976803094148636, 0.003564160782843828, 0.0034661171957850456, 0.0033974696416407824, 0.0033030291087925434, 0.0032345817890018225, 0.0031273497734218836, 0.003085650270804763, 0.002995173679664731, 0.0029191384091973305, 0.00284693599678576, 0.002806868404150009, 0.0027534838300198317, 0.002678250428289175, 0.002605005633085966, 0.0025585952680557966, 0.0025509740225970745, 0.0024073875974863768, 0.002379525452852249, 0.0023369877599179745, 0.002306942595168948, 0.0022656216751784086, 0.002182841533794999, 0.002142186975106597, 0.0020827557891607285, 0.002079691970720887, 0.0020041330717504025, 0.0020128178875893354, 0.0019456560257822275, 0.0019146044505760074, 0.0018392573110759258, 0.0018051925580948591, 0.0017563888104632497, 0.001792824245058, 0.0017518694512546062, 0.001693618600256741, 0.0016982457600533962, 0.0016006040386855602, 0.0015944152837619185, 0.0015841297572478652, 0.001514140865765512, 0.0015092368703335524, 0.001479139318689704, 0.0014676814898848534, 0.0014433444011956453, 0.0013699188129976392, 0.0013704611919820309, 0.001327074714936316, 0.0013020921032875776, 0.0013003345811739564, 0.0012628326658159494, 0.0012448958586901426, 0.001206225366331637, 0.0012402418069541454, 0.0012259036302566528, 0.001168007729575038, 0.001128225470893085, 0.0011241352185606956, 0.001147066825069487, 0.001093079219572246, 0.0010744440369307995, 0.0010584470583125949, 0.0010146091226488352, 0.0010210081236436963, 0.001034333137795329, 0.0009853384690359235, 0.000938267505262047, 0.0009481002343818545, 0.0009521242463961244, 0.0008864274132065475, 0.0009223626693710685, 0.000885903078597039, 0.0008972074720077217, 0.0008641797467134893, 0.0008965747547335923, 0.0008584117749705911, 0.0008655473357066512, 0.0008052653865888715, 0.0008300255285575986, 0.0008034470956772566, 0.0007842488121241331], "accs": [54.38999938964844, 62.79999923706055, 64.08000183105469, 67.6199951171875, 70.43000030517578, 71.12999725341797, 74.23999786376953, 74.44999694824219, 75.94999694824219, 76.0199966430664, 74.87999725341797, 77.72999572753906, 78.13999938964844, 77.77999877929688, 79.07999420166016, 78.12999725341797, 78.93999481201172, 78.98999786376953, 80.22000122070312, 81.00999450683594, 81.12999725341797, 79.8499984741211, 81.22999572753906, 81.30999755859375, 80.6199951171875, 81.1500015258789, 81.75999450683594, 81.43000030517578, 82.05999755859375, 82.43000030517578, 81.97999572753906, 82.11000061035156, 82.38999938964844, 82.90999603271484, 82.38999938964844, 82.79000091552734, 82.63999938964844, 83.37999725341797, 82.44999694824219, 82.18000030517578, 82.7699966430664, 82.43000030517578, 83.41999816894531, 83.29000091552734, 82.82999420166016, 83.08999633789062, 83.22000122070312, 82.94999694824219, 83.25999450683594, 82.75, 83.37999725341797, 83.0999984741211, 82.86000061035156, 83.56999969482422, 84.16999816894531, 83.87999725341797, 83.36000061035156, 83.30999755859375, 84.23999786376953, 83.90999603271484, 83.1500015258789, 83.8499984741211, 83.5999984741211, 83.56999969482422, 83.58999633789062, 83.79000091552734, 83.94999694824219, 83.58999633789062, 83.94999694824219, 83.19999694824219, 82.93999481201172, 83.82999420166016, 83.72999572753906, 84.22999572753906, 83.52999877929688, 83.93999481201172, 83.7699966430664, 83.58999633789062, 84.25999450683594, 84.32999420166016, 84.68000030517578, 83.82999420166016, 84.50999450683594, 83.83999633789062, 84.16999816894531, 84.5199966430664, 83.82999420166016, 84.15999603271484, 83.93000030517578, 84.18999481201172, 84.29000091552734, 84.31999969482422, 84.08999633789062, 83.75, 84.25999450683594, 84.47000122070312, 84.29999542236328, 84.65999603271484, 84.58999633789062, 84.61000061035156], "epochs": [0, 1, 2, 3, 4, 5, 6, 7, 8, 9, 10, 11, 12, 13, 14, 15, 16, 17, 18, 19, 20, 21, 22, 23, 24, 25, 26, 27, 28, 29, 30, 31, 32, 33, 34, 35, 36, 37, 38, 39, 40, 41, 42, 43, 44, 45, 46, 47, 48, 49, 50, 51, 52, 53, 54, 55, 56, 57, 58, 59, 60, 61, 62, 63, 64, 65, 66, 67, 68, 69, 70, 71, 72, 73, 74, 75, 76, 77, 78, 79, 80, 81, 82, 83, 84, 85, 86, 87, 88, 89, 90, 91, 92, 93, 94, 95, 96, 97, 98, 99]}