{"train_losses": [0.014970757998526096, 0.011684449389576912, 0.00997471809387207, 0.008737280033528805, 0.007860977202653885, 0.007210324984043837, 0.006746628787368536, 0.006379993632435799, 0.006030949763953686, 0.005690163467079401, 0.005441720597445965, 0.005216545425355434, 0.005007954314351082, 0.0048219552263617516, 0.004661606624722481, 0.004487480502575636, 0.004354691132903099, 0.004339590203016996, 0.00408879155293107, 0.003991718869656324, 0.0038982967380434275, 0.0037785463500767946, 0.0036746312398463488, 0.0035979533568024635, 0.003484640968963504, 0.0034544593654572964, 0.0033470524940639734, 0.0032754302956163883, 0.0032103874254971743, 0.003175970632582903, 0.0030427949968725443, 0.003002234734594822, 0.002937841461971402, 0.002874473575502634, 0.002821587957441807, 0.0027705251704901457, 0.0027215147856622934, 0.002713981783017516, 0.0025916467420756817, 0.002542027272284031, 0.0025002541951835155, 0.0024699599016457796, 0.0024143881164491177, 0.0023880505468696356, 0.002324829576537013, 0.0022872760891914368, 0.0022722340654581785, 0.0021913216914981604, 0.002192131709307432, 0.002160879550501704, 0.0021034751553088427, 0.002041484462097287, 0.0020326299127191305, 0.001981246517971158, 0.0019485247321426868, 0.0019464601064100862, 0.0018990174867212772, 0.001891350606456399, 0.0018691143486648798, 0.001804005354642868, 0.0017665134510025382, 0.0017016768688336015, 0.001737550599500537, 0.0016996983904391527, 0.0016570637235417962, 0.0016672287601977587, 0.0016555236652493477, 0.001589088118635118, 0.0015742855612188578, 0.001527857151813805, 0.0015501187881454825, 0.0014928270829841495, 0.0014822832308709621, 0.0015057171694934368, 0.0014644942712038755, 0.0014328943798318505, 0.0014157886616885662, 0.001359972171485424, 0.0013642567209899426, 0.0013265660963952541, 0.001295970636419952, 0.0012892545200884342, 0.0012989375973120332, 0.0012720553204417229, 0.0012515992857515812, 0.0011943902354687452, 0.0012239228235557675, 0.0011811160948127508, 0.0011769704287871718, 0.0011668740771710873, 0.001143347704783082, 0.0011225203052163124, 0.0011401562951505184, 0.001117016188800335, 0.0010766417253762484, 0.0010896835010498762, 0.001073717954568565, 0.0010552180465310812, 0.0010473148431628942, 0.0010028257966041565], "accs": [41.619998931884766, 48.119998931884766, 57.28999710083008, 63.369998931884766, 67.86000061035156, 70.0999984741211, 68.7699966430664, 72.12999725341797, 75.04999542236328, 74.88999938964844, 75.81999969482422, 75.98999786376953, 76.72999572753906, 77.6199951171875, 77.86000061035156, 77.54999542236328, 78.6500015258789, 78.55999755859375, 79.94999694824219, 80.32999420166016, 79.65999603271484, 81.00999450683594, 80.79999542236328, 80.56999969482422, 80.44999694824219, 80.93999481201172, 80.88999938964844, 82.12999725341797, 81.7699966430664, 81.0, 82.43000030517578, 81.95999908447266, 81.25, 82.83999633789062, 81.18999481201172, 82.30999755859375, 82.37999725341797, 82.72999572753906, 82.50999450683594, 83.72999572753906, 83.30999755859375, 83.06999969482422, 83.48999786376953, 83.43999481201172, 83.02999877929688, 83.86000061035156, 83.3699951171875, 83.73999786376953, 84.0, 83.44999694824219, 83.00999450683594, 83.43999481201172, 83.79000091552734, 82.86000061035156, 83.72999572753906, 83.15999603271484, 83.66999816894531, 84.29000091552734, 82.7699966430664, 83.93000030517578, 84.0199966430664, 83.33999633789062, 84.25, 84.18999481201172, 83.72000122070312, 83.5999984741211, 83.72999572753906, 84.0, 84.33999633789062, 83.58999633789062, 84.19999694824219, 84.8699951171875, 83.68999481201172, 84.25, 84.1500015258789, 83.56999969482422, 84.62999725341797, 83.68999481201172, 84.29000091552734, 84.33999633789062, 84.27999877929688, 83.8699951171875, 83.8699951171875, 83.63999938964844, 83.97999572753906, 84.02999877929688, 85.02999877929688, 84.02999877929688, 83.68000030517578, 84.79999542236328, 84.37999725341797, 84.29000091552734, 84.62999725341797, 84.30999755859375, 85.23999786376953, 84.68000030517578, 85.08999633789062, 84.3499984741211, 84.44999694824219, 84.73999786376953], "epochs": [0, 1, 2, 3, 4, 5, 6, 7, 8, 9, 10, 11, 12, 13, 14, 15, 16, 17, 18, 19, 20, 21, 22, 23, 24, 25, 26, 27, 28, 29, 30, 31, 32, 33, 34, 35, 36, 37, 38, 39, 40, 41, 42, 43, 44, 45, 46, 47, 48, 49, 50, 51, 52, 53, 54, 55, 56, 57, 58, 59, 60, 61, 62, 63, 64, 65, 66, 67, 68, 69, 70, 71, 72, 73, 74, 75, 76, 77, 78, 79, 80, 81, 82, 83, 84, 85, 86, 87, 88, 89, 90, 91, 92, 93, 94, 95, 96, 97, 98, 99]}