{"train_losses": [0.015109916217625141, 0.011761510744690895, 0.010070395655930042, 0.008854878135025501, 0.008041146211326122, 0.0073813823983073235, 0.006961510982364416, 0.0065685235895216465, 0.0062169418670237064, 0.005857869051396847, 0.00554290134459734, 0.005339932162314653, 0.005140471272170544, 0.004983825143426657, 0.004805104807019234, 0.004662895575165749, 0.004490054678171873, 0.0044090584851801395, 0.004257807973772287, 0.0041638766415417194, 0.004046992864459753, 0.003948392812162638, 0.0038388390094041824, 0.0037058559246361256, 0.0036465362645685673, 0.00357984215952456, 0.0035004650708287954, 0.0034058147575706244, 0.0033030137419700623, 0.0032435012981295586, 0.0031916978769004345, 0.0031178889330476522, 0.00307307462207973, 0.0030116529669612646, 0.002964070998132229, 0.0028948718681931496, 0.0028251782059669495, 0.0027601239271461964, 0.00273318774998188, 0.002664807951077819, 0.0026044738478958607, 0.0025904371868819, 0.002524929353967309, 0.00245400657877326, 0.00244262907654047, 0.0023934373166412115, 0.002317865611985326, 0.002315112156793475, 0.0023125929292291403, 0.0022723625879734755, 0.002189879771322012, 0.0021908730268478394, 0.002129398752003908, 0.0020973237697035074, 0.0020188549533486366, 0.002039098646491766, 0.002025863155722618, 0.0019426688086241484, 0.0019307255279272795, 0.0019195423228666186, 0.00187208061106503, 0.0018264290411025286, 0.0018358109518885612, 0.0017837105551734567, 0.0017126856837421656, 0.0017220330191776156, 0.0016513204900547862, 0.0016710030613467097, 0.0016407471848651767, 0.0016233589267358184, 0.001618818030692637, 0.0015888658817857504, 0.0015553564298897982, 0.0015356726944446564, 0.0014962159330025315, 0.0014638269785791636, 0.0014763296348974109, 0.0014679031446576118, 0.0014519349206238985, 0.0013973887544125319, 0.0013748075580224395, 0.0013759654248133302, 0.0013530801516026258, 0.0013295207172632217, 0.0013364504557102919, 0.0013301691506057978, 0.0013000942999497056, 0.0012553906999528408, 0.0012337355874478817, 0.001188994268886745, 0.0012212151195853949, 0.0012031315127387643, 0.0011895433999598026, 0.001161766704171896, 0.0011448258301243186, 0.0011252230033278465, 0.001088275690563023, 0.0011104218428954482, 0.001077732304111123, 0.0011213358957320452], "accs": [43.5099983215332, 52.55999755859375, 56.2599983215332, 63.53999710083008, 66.45999908447266, 66.93999481201172, 69.55999755859375, 67.68000030517578, 73.29000091552734, 72.80999755859375, 73.38999938964844, 75.45999908447266, 75.05999755859375, 76.65999603271484, 76.6500015258789, 77.97000122070312, 78.80999755859375, 78.47000122070312, 78.04999542236328, 79.91999816894531, 78.72000122070312, 79.02999877929688, 79.9000015258789, 79.72999572753906, 80.5, 80.29000091552734, 81.16999816894531, 81.72999572753906, 80.00999450683594, 81.43999481201172, 81.94999694824219, 81.90999603271484, 81.55999755859375, 81.57999420166016, 81.95999908447266, 82.1199951171875, 82.5, 82.7699966430664, 82.22999572753906, 82.79999542236328, 82.6199951171875, 83.5999984741211, 82.5, 82.13999938964844, 82.81999969482422, 83.06999969482422, 83.79999542236328, 82.68999481201172, 83.43999481201172, 83.5999984741211, 82.31999969482422, 82.97999572753906, 83.5999984741211, 83.97000122070312, 83.0, 83.8699951171875, 83.95999908447266, 83.93999481201172, 83.43999481201172, 83.69999694824219, 84.66999816894531, 83.87999725341797, 84.11000061035156, 83.80999755859375, 83.00999450683594, 83.0999984741211, 84.00999450683594, 83.3499984741211, 83.50999450683594, 83.5999984741211, 83.25999450683594, 83.43999481201172, 84.07999420166016, 84.04999542236328, 83.25999450683594, 83.95999908447266, 83.7699966430664, 83.32999420166016, 83.63999938964844, 84.43000030517578, 83.72000122070312, 83.65999603271484, 83.5199966430664, 83.86000061035156, 83.97000122070312, 83.86000061035156, 83.22000122070312, 84.00999450683594, 84.88999938964844, 84.44999694824219, 84.37999725341797, 84.9000015258789, 84.54000091552734, 84.05999755859375, 83.8699951171875, 84.62999725341797, 83.94999694824219, 84.4000015258789, 84.32999420166016, 83.7699966430664], "epochs": [0, 1, 2, 3, 4, 5, 6, 7, 8, 9, 10, 11, 12, 13, 14, 15, 16, 17, 18, 19, 20, 21, 22, 23, 24, 25, 26, 27, 28, 29, 30, 31, 32, 33, 34, 35, 36, 37, 38, 39, 40, 41, 42, 43, 44, 45, 46, 47, 48, 49, 50, 51, 52, 53, 54, 55, 56, 57, 58, 59, 60, 61, 62, 63, 64, 65, 66, 67, 68, 69, 70, 71, 72, 73, 74, 75, 76, 77, 78, 79, 80, 81, 82, 83, 84, 85, 86, 87, 88, 89, 90, 91, 92, 93, 94, 95, 96, 97, 98, 99]}