{"train_losses": [0.01370268315076828, 0.011484581977128983, 0.010479656979441643, 0.009661988355219364, 0.009066453203558922, 0.00853150524199009, 0.00813702866435051, 0.007721566595137119, 0.007413951680064201, 0.007172804791480303, 0.0069405194371938705, 0.006676334887742996, 0.006527869496494532, 0.006286611780524254, 0.006148471496999264, 0.0059869070537388325, 0.00580488471314311, 0.005661280360072851, 0.005541686899960041, 0.005424375645816326, 0.005306067876517773, 0.005126244854182005, 0.005098625551909208, 0.004953517112880945, 0.0048163640312850475, 0.004727841820567846, 0.004612192045897245, 0.004538803361356258, 0.0044631012715399265, 0.004397852811962366, 0.004299528431147337, 0.004210953135043383, 0.004098587203770876, 0.004004680551588535, 0.003939507994800806, 0.0038675451651215553, 0.00379958120174706, 0.0037199468351900578, 0.0036483376752585173, 0.003586491569876671, 0.003475066740065813, 0.0034338762052357197, 0.0033471558708697557, 0.003297537099570036, 0.0032732579857110977, 0.0031993261072784662, 0.0031056704465299845, 0.0030353469774127007, 0.0030261483043432236, 0.0029316404834389687, 0.0028764039743691683, 0.0028424342162907124, 0.00276035419665277, 0.0027001986745744944, 0.002646256238222122, 0.002602171851322055, 0.0025610579177737236, 0.0024976632557809353, 0.0024809089954942465, 0.002419829135760665, 0.0024244950618594885, 0.0023205841425806284, 0.0023353283759206533, 0.0022372666280716658, 0.0021955943666398525, 0.002147806342691183, 0.0021131697576493025, 0.002099087927490473, 0.0020841825753450394, 0.002008655574172735, 0.0019962668884545565, 0.0018932692473754287, 0.001894926419481635, 0.001842634635977447, 0.0018592284759506583, 0.001776286168023944, 0.0017729235114529729, 0.0017188206547871232, 0.0017002142267301679, 0.0017068826127797365, 0.0016191058093681931, 0.0016235070070251822, 0.0015957398572936654, 0.0015823710709810257, 0.0015315267955884337, 0.0015413365326821804, 0.0014714060816913843, 0.001426304574124515, 0.0014890593010932207, 0.00140325294341892, 0.0013827302027493715, 0.0013489509001374245, 0.001366239390335977, 0.0013173100305721164, 0.001315648783929646, 0.001305182813666761, 0.001277197152376175, 0.0012672273442149162, 0.0011972752399742603, 0.0011805162066593766], "accs": [45.32999801635742, 51.119998931884766, 55.87999725341797, 57.769996643066406, 60.6099967956543, 63.06999969482422, 64.5999984741211, 65.79000091552734, 67.00999450683594, 66.93000030517578, 69.5199966430664, 70.25999450683594, 71.08999633789062, 71.37999725341797, 72.37999725341797, 71.94999694824219, 72.88999938964844, 73.25, 74.16999816894531, 74.0999984741211, 75.08999633789062, 74.44999694824219, 75.25, 75.55999755859375, 75.1500015258789, 75.20999908447266, 75.75, 75.45999908447266, 76.31999969482422, 75.05999755859375, 76.08000183105469, 76.65999603271484, 76.5, 77.0999984741211, 76.8699951171875, 77.0199966430664, 77.55999755859375, 76.75999450683594, 77.18999481201172, 77.29999542236328, 77.62999725341797, 77.47000122070312, 77.86000061035156, 77.88999938964844, 77.70999908447266, 78.13999938964844, 78.08999633789062, 78.40999603271484, 78.45999908447266, 78.15999603271484, 78.55999755859375, 77.72999572753906, 78.33000183105469, 78.6199951171875, 78.61000061035156, 78.05999755859375, 77.95999908447266, 78.48999786376953, 78.8499984741211, 78.30999755859375, 78.95999908447266, 78.77999877929688, 78.79000091552734, 78.54999542236328, 79.04000091552734, 78.65999603271484, 78.62999725341797, 78.75999450683594, 78.40999603271484, 78.25999450683594, 78.44999694824219, 79.41999816894531, 78.18999481201172, 79.11000061035156, 79.1199951171875, 78.79000091552734, 79.20999908447266, 79.47000122070312, 79.62999725341797, 78.80999755859375, 78.86000061035156, 79.50999450683594, 79.29000091552734, 79.05999755859375, 78.65999603271484, 79.43000030517578, 78.93999481201172, 78.75999450683594, 79.33999633789062, 79.43000030517578, 79.3699951171875, 79.08999633789062, 79.83999633789062, 79.70999908447266, 79.48999786376953, 79.55999755859375, 79.43999481201172, 78.77999877929688, 79.68999481201172, 79.32999420166016], "epochs": [0, 1, 2, 3, 4, 5, 6, 7, 8, 9, 10, 11, 12, 13, 14, 15, 16, 17, 18, 19, 20, 21, 22, 23, 24, 25, 26, 27, 28, 29, 30, 31, 32, 33, 34, 35, 36, 37, 38, 39, 40, 41, 42, 43, 44, 45, 46, 47, 48, 49, 50, 51, 52, 53, 54, 55, 56, 57, 58, 59, 60, 61, 62, 63, 64, 65, 66, 67, 68, 69, 70, 71, 72, 73, 74, 75, 76, 77, 78, 79, 80, 81, 82, 83, 84, 85, 86, 87, 88, 89, 90, 91, 92, 93, 94, 95, 96, 97, 98, 99]}