{"train_losses": [0.014941385947167873, 0.011496799066662788, 0.009691105224192142, 0.008480668999254704, 0.007623538840562105, 0.00698022311553359, 0.006525071803480387, 0.006100060418248177, 0.0057993181981146336, 0.00547789828851819, 0.005246183834969997, 0.005030262749642134, 0.0048121619038283825, 0.0046747601591050625, 0.00454431027173996, 0.004345905501395464, 0.0042359125800430775, 0.004092956427484751, 0.003955289721488953, 0.0038818831089884043, 0.0037715022917836905, 0.0036627876106649637, 0.003586790757253766, 0.0034903837367892265, 0.0034538719337433577, 0.003304839599877596, 0.0032633866649121046, 0.003172761993482709, 0.0031085696537047625, 0.0030012978240847588, 0.0029856255277991295, 0.0029361583292484283, 0.0028168957214802504, 0.002758936956524849, 0.002706144703552127, 0.0026903704274445772, 0.0026337974704802036, 0.0025624579284340143, 0.0025121893268078566, 0.0024759036023169756, 0.0024422756396234035, 0.0023962664417922497, 0.0023115051444619894, 0.002286761999130249, 0.002271810779348016, 0.0022366931661963463, 0.0021547323558479548, 0.002155463909730315, 0.0021504147443920374, 0.0020563348662108183, 0.0020108777098357677, 0.0019890423864126205, 0.001972834812477231, 0.0019067147513851523, 0.0018987769726663828, 0.0018406088929623365, 0.0017996170790866017, 0.0018032754305750132, 0.0017904973356053233, 0.0017431824235245585, 0.0017377517651766539, 0.001662227907218039, 0.0016858680173754692, 0.001655661384575069, 0.001597978756763041, 0.001555676106363535, 0.0015496840933337808, 0.0015502311289310455, 0.001496403943747282, 0.0014733326388522983, 0.0014633516548201442, 0.001447986694984138, 0.0014350591227412224, 0.0014219614677131176, 0.0013683679280802608, 0.001365025294944644, 0.0013126985868439078, 0.0013240213738754392, 0.0013278004480525851, 0.0012760135577991605, 0.001272469642572105, 0.0012489263899624348, 0.0012339751701802015, 0.0012301943497732282, 0.0011812651064246893, 0.0011881028767675161, 0.0011805390240624547, 0.001168622518889606, 0.00112465163692832, 0.0011286818189546466, 0.0011376077309250832, 0.0010908403201028705, 0.0010777359129860997, 0.0010579847730696201, 0.0010291867656633258, 0.0010599137749522924, 0.0010002375347539783, 0.001021474483422935, 0.0009934608824551105, 0.0009657741175033152], "accs": [41.28999710083008, 52.05999755859375, 60.56999969482422, 60.28999710083008, 67.19999694824219, 69.77999877929688, 71.41999816894531, 73.55999755859375, 74.43999481201172, 75.9000015258789, 76.56999969482422, 76.98999786376953, 78.04999542236328, 78.5, 79.9000015258789, 79.06999969482422, 79.31999969482422, 79.94999694824219, 80.40999603271484, 80.41999816894531, 81.41999816894531, 80.06999969482422, 81.80999755859375, 80.79000091552734, 80.77999877929688, 82.58999633789062, 81.5, 80.97999572753906, 83.13999938964844, 81.50999450683594, 82.11000061035156, 82.97999572753906, 81.32999420166016, 82.87999725341797, 82.50999450683594, 82.88999938964844, 82.88999938964844, 83.40999603271484, 83.00999450683594, 83.3699951171875, 81.93000030517578, 83.0999984741211, 84.18999481201172, 84.07999420166016, 83.5999984741211, 83.63999938964844, 83.43000030517578, 83.37999725341797, 83.2699966430664, 83.86000061035156, 83.97000122070312, 83.70999908447266, 83.81999969482422, 82.97000122070312, 83.79000091552734, 84.1500015258789, 83.7699966430664, 84.47999572753906, 83.97999572753906, 84.2699966430664, 84.82999420166016, 84.5199966430664, 83.5, 84.0999984741211, 84.02999877929688, 83.43000030517578, 84.47999572753906, 83.38999938964844, 84.50999450683594, 83.56999969482422, 84.3499984741211, 84.08999633789062, 83.95999908447266, 84.47999572753906, 83.88999938964844, 84.8499984741211, 84.63999938964844, 84.97000122070312, 84.61000061035156, 83.75999450683594, 83.91999816894531, 84.25, 83.87999725341797, 84.54999542236328, 83.77999877929688, 84.2699966430664, 84.5, 84.68999481201172, 84.40999603271484, 84.43000030517578, 84.93999481201172, 83.93999481201172, 84.93000030517578, 84.56999969482422, 84.36000061035156, 84.54000091552734, 84.70999908447266, 84.65999603271484, 84.7699966430664, 85.25], "epochs": [0, 1, 2, 3, 4, 5, 6, 7, 8, 9, 10, 11, 12, 13, 14, 15, 16, 17, 18, 19, 20, 21, 22, 23, 24, 25, 26, 27, 28, 29, 30, 31, 32, 33, 34, 35, 36, 37, 38, 39, 40, 41, 42, 43, 44, 45, 46, 47, 48, 49, 50, 51, 52, 53, 54, 55, 56, 57, 58, 59, 60, 61, 62, 63, 64, 65, 66, 67, 68, 69, 70, 71, 72, 73, 74, 75, 76, 77, 78, 79, 80, 81, 82, 83, 84, 85, 86, 87, 88, 89, 90, 91, 92, 93, 94, 95, 96, 97, 98, 99]}