{"train_losses": [0.01678282581269741, 0.014833485707640648, 0.013972428627312183, 0.013429710641503334, 0.013015281409025192, 0.012683362700045109, 0.012326143682003021, 0.012090870179235935, 0.011852140538394451, 0.011621962301433086, 0.011423196643590927, 0.011251138523221016, 0.011083248071372509, 0.010963923297822475, 0.010774348862469196, 0.010660886764526367, 0.010506757535040379, 0.010412474162876606, 0.01023756805807352, 0.010140850208699703, 0.010028461925685406, 0.009948870167136192, 0.009788665920495987, 0.0097036799415946, 0.009596627205610275, 0.009487699717283249, 0.009428819641470909, 0.009341508150100708, 0.00924836378544569, 0.009176247753202915, 0.00903954915702343, 0.008966184221208096, 0.008909143507480621, 0.008880913257598877, 0.008766291663050652, 0.008690454065799713, 0.008622009307146072, 0.00853460468351841, 0.0084835821762681, 0.00840588379651308, 0.008364234119653702, 0.008272149600088596, 0.008192664943635464, 0.008171050809323788, 0.008114594966173172, 0.00804575253278017, 0.008019968867301941, 0.007942049764096737, 0.007864759303629398, 0.007814428769052029, 0.007769172079861164, 0.007734546437859535, 0.007704919204115868, 0.007661403622478247, 0.007557012606412172, 0.007514974568039179, 0.0074809854850173, 0.00740385614335537, 0.00737933162599802, 0.007319633383303881, 0.007302521262317896, 0.00725400447845459, 0.007188296876847744, 0.007169323042035103, 0.007108602207154036, 0.007090279366821051, 0.007026904262602329, 0.007018786855041981, 0.006916722282767296, 0.006944118533283472, 0.006879571359604597, 0.006814907770603895, 0.006821918301284313, 0.006776139140129089, 0.006704154424369335, 0.006687785033136606, 0.006642438005656004, 0.006605119910091162, 0.006569270975887775, 0.006503039505332708, 0.0065400018356740475, 0.006491232197731733, 0.006409497000277042, 0.006401665508747101, 0.006363823544234037, 0.006349219940602779, 0.006335591431707144, 0.006273110397160053, 0.006214658264070749, 0.006222625728696585, 0.00617615832015872, 0.006126994267106056, 0.006109628826379776, 0.006094987504184246, 0.00602225586771965, 0.005989734549075365, 0.0059292735531926155, 0.005968408193439245, 0.005930636543780565, 0.005917444825172424], "accs": [29.099998474121094, 34.779998779296875, 38.30999755859375, 40.54999923706055, 42.90999984741211, 44.029998779296875, 45.65999984741211, 46.36000061035156, 46.96999740600586, 48.41999816894531, 49.15999984741211, 49.869998931884766, 50.57999801635742, 51.69999694824219, 52.09000015258789, 52.2599983215332, 53.21999740600586, 53.57999801635742, 54.0099983215332, 54.77000045776367, 55.04999923706055, 55.93000030517578, 56.31999969482422, 57.209999084472656, 56.94999694824219, 57.62999725341797, 57.959999084472656, 58.30999755859375, 58.84000015258789, 59.32999801635742, 59.689998626708984, 60.019996643066406, 60.54999923706055, 60.62999725341797, 60.97999954223633, 61.12999725341797, 61.71999740600586, 61.7599983215332, 62.03999710083008, 62.1099967956543, 62.22999954223633, 62.769996643066406, 63.16999816894531, 63.39999771118164, 63.3599967956543, 63.5099983215332, 64.15999603271484, 63.98999786376953, 64.4000015258789, 64.43999481201172, 64.40999603271484, 65.25, 65.18000030517578, 65.6199951171875, 65.54000091552734, 65.45999908447266, 66.04999542236328, 65.98999786376953, 66.18999481201172, 66.3499984741211, 66.43000030517578, 66.47999572753906, 66.47000122070312, 66.98999786376953, 66.8699951171875, 67.1500015258789, 67.25, 67.25999450683594, 67.29000091552734, 67.52999877929688, 67.5999984741211, 67.79000091552734, 67.79999542236328, 68.02999877929688, 68.0999984741211, 67.97000122070312, 67.98999786376953, 68.2699966430664, 67.91999816894531, 68.16999816894531, 69.0, 69.0, 69.22000122070312, 68.90999603271484, 69.12999725341797, 69.68000030517578, 69.54000091552734, 69.63999938964844, 69.61000061035156, 69.79000091552734, 69.91999816894531, 70.12999725341797, 69.94999694824219, 69.95999908447266, 69.6500015258789, 70.29999542236328, 70.3699951171875, 70.3699951171875, 70.15999603271484, 70.0999984741211], "epochs": [0, 1, 2, 3, 4, 5, 6, 7, 8, 9, 10, 11, 12, 13, 14, 15, 16, 17, 18, 19, 20, 21, 22, 23, 24, 25, 26, 27, 28, 29, 30, 31, 32, 33, 34, 35, 36, 37, 38, 39, 40, 41, 42, 43, 44, 45, 46, 47, 48, 49, 50, 51, 52, 53, 54, 55, 56, 57, 58, 59, 60, 61, 62, 63, 64, 65, 66, 67, 68, 69, 70, 71, 72, 73, 74, 75, 76, 77, 78, 79, 80, 81, 82, 83, 84, 85, 86, 87, 88, 89, 90, 91, 92, 93, 94, 95, 96, 97, 98, 99]}