{"train_losses": [0.015187932178378105, 0.01137163769453764, 0.009627058170735836, 0.008482534438371658, 0.00770147517323494, 0.007105773780494928, 0.006630150601267815, 0.006238067522644997, 0.0058593228459358215, 0.005638626404106617, 0.005395893938839436, 0.005152020137757063, 0.004957695957273245, 0.0048218658193945885, 0.004611633252352476, 0.004505607299506664, 0.004405471961945295, 0.004231549799442291, 0.0041094147600233555, 0.004024071153253317, 0.003928003832697868, 0.0038011083379387856, 0.0037422957830131054, 0.0036486468743532896, 0.003544867504388094, 0.00347068440169096, 0.003385420423001051, 0.0033260362688452005, 0.003334588836878538, 0.003207508474588394, 0.0031386874616146088, 0.0030548458453267813, 0.0029910793527960777, 0.002976283198222518, 0.002874763449653983, 0.002862770576030016, 0.002773950807750225, 0.002719315467402339, 0.0026867876295000315, 0.0026354698929935694, 0.002589471871033311, 0.002551761455833912, 0.0025024786591529846, 0.0024434777442365885, 0.002427915809676051, 0.0023794828448444605, 0.002318467479199171, 0.0023162432480603456, 0.0022606956772506237, 0.002214959589764476, 0.002182774944230914, 0.002134805778041482, 0.002109360182657838, 0.002090103691443801, 0.0020528417080640793, 0.0019857727456837893, 0.00197536195628345, 0.0019709616899490356, 0.001926683122292161, 0.001927868346683681, 0.0018597906455397606, 0.0018431433709338307, 0.0018338904483243823, 0.001770372618921101, 0.0017734899884089828, 0.0017457191133871675, 0.0017015072517096996, 0.0016437909798696637, 0.0016638085944578052, 0.0016307197511196136, 0.0016168482834473252, 0.0015681824879720807, 0.0015428889309987426, 0.0015705524710938334, 0.0015216681640595198, 0.001519894110970199, 0.001472089672461152, 0.0014915409265086055, 0.0014597974950447679, 0.001397212385199964, 0.0013728385092690587, 0.001415706006810069, 0.0013837222941219807, 0.0013338762801140547, 0.0013104595709592104, 0.001317827613092959, 0.0012975436402484775, 0.001290002721361816, 0.0012759175151586533, 0.0012499463045969605, 0.0012300987727940083, 0.0012134002754464746, 0.001177331549115479, 0.001205827808007598, 0.0011373049346730113, 0.001152565237134695, 0.0011476317886263132, 0.001111638150177896, 0.0011169391218572855, 0.001128623029217124], "accs": [44.57999801635742, 53.56999969482422, 61.03999710083008, 65.98999786376953, 65.8499984741211, 67.8699951171875, 71.15999603271484, 73.7699966430664, 74.48999786376953, 74.02999877929688, 75.5199966430664, 74.36000061035156, 74.61000061035156, 77.90999603271484, 77.55999755859375, 77.75999450683594, 77.81999969482422, 79.58999633789062, 77.93000030517578, 79.31999969482422, 80.22000122070312, 79.23999786376953, 78.38999938964844, 80.58999633789062, 80.69999694824219, 81.83999633789062, 80.83999633789062, 81.88999938964844, 80.66999816894531, 81.41999816894531, 81.18000030517578, 82.36000061035156, 82.37999725341797, 81.52999877929688, 80.90999603271484, 82.82999420166016, 82.54999542236328, 81.97000122070312, 82.97000122070312, 82.95999908447266, 82.55999755859375, 83.55999755859375, 81.5199966430664, 82.75, 82.95999908447266, 83.06999969482422, 83.43000030517578, 83.33999633789062, 83.54000091552734, 83.63999938964844, 83.75999450683594, 83.37999725341797, 82.63999938964844, 83.22000122070312, 82.83999633789062, 83.54000091552734, 83.25, 84.00999450683594, 83.1500015258789, 83.95999908447266, 82.86000061035156, 83.30999755859375, 83.82999420166016, 84.44999694824219, 83.93000030517578, 83.68999481201172, 83.66999816894531, 83.79000091552734, 83.38999938964844, 83.80999755859375, 83.3499984741211, 84.08999633789062, 83.68999481201172, 83.8699951171875, 84.07999420166016, 83.81999969482422, 83.88999938964844, 84.30999755859375, 84.22999572753906, 84.0, 84.5, 84.2699966430664, 84.07999420166016, 83.9000015258789, 83.90999603271484, 83.95999908447266, 83.61000061035156, 84.1199951171875, 84.31999969482422, 83.9000015258789, 84.70999908447266, 83.97999572753906, 84.13999938964844, 84.27999877929688, 83.93999481201172, 84.27999877929688, 84.4000015258789, 83.86000061035156, 84.55999755859375, 84.41999816894531], "epochs": [0, 1, 2, 3, 4, 5, 6, 7, 8, 9, 10, 11, 12, 13, 14, 15, 16, 17, 18, 19, 20, 21, 22, 23, 24, 25, 26, 27, 28, 29, 30, 31, 32, 33, 34, 35, 36, 37, 38, 39, 40, 41, 42, 43, 44, 45, 46, 47, 48, 49, 50, 51, 52, 53, 54, 55, 56, 57, 58, 59, 60, 61, 62, 63, 64, 65, 66, 67, 68, 69, 70, 71, 72, 73, 74, 75, 76, 77, 78, 79, 80, 81, 82, 83, 84, 85, 86, 87, 88, 89, 90, 91, 92, 93, 94, 95, 96, 97, 98, 99]}