{"train_losses": [0.01909727416932583, 0.018039440736174583, 0.01743716560304165, 0.016973815858364105, 0.016612829640507698, 0.01632295548915863, 0.0161107387393713, 0.01580389030277729, 0.015633761882781982, 0.015445041470229626, 0.015313496813178062, 0.01512652076780796, 0.015008973889052868, 0.014844423159956932, 0.01476497482508421, 0.01463511772453785, 0.014549726620316505, 0.014431502670049667, 0.014368713833391666, 0.014245427213609219, 0.014183109626173973, 0.014112763106822968, 0.014004717580974102, 0.013945386745035648, 0.013873791322112083, 0.013794956728816032, 0.013742131181061268, 0.013690858148038387, 0.013607863336801529, 0.013580519706010818, 0.013482901267707348, 0.013451355509459972, 0.01338635478168726, 0.013330968096852303, 0.01328161358833313, 0.01319144107401371, 0.013170119374990463, 0.013097994960844517, 0.013060338795185089, 0.013073203153908253, 0.012944732792675495, 0.012892263941466808, 0.012897069565951824, 0.012861620634794235, 0.01281113363802433, 0.012744504027068615, 0.012710192240774632, 0.012673970311880112, 0.012599851936101913, 0.012618916109204292, 0.01256693247705698, 0.012566317804157734, 0.012540933676064014, 0.012456483207643032, 0.0124388188123703, 0.012408151291310787, 0.012371193617582321, 0.012324224226176739, 0.012301241047680378, 0.012247650884091854, 0.012263396754860878, 0.012207848951220512, 0.012177170254290104, 0.012183820828795433, 0.012162539176642895, 0.012104815803468227, 0.01206402201205492, 0.012055596336722374, 0.012008030898869038, 0.011981123127043247, 0.011981792747974396, 0.011914298869669437, 0.011937625706195831, 0.011889630928635597, 0.011876885779201984, 0.011827551759779453, 0.011805195361375809, 0.011789870448410511, 0.011802541092038155, 0.011780429631471634, 0.011714224703609943, 0.011686059646308422, 0.011670644395053387, 0.01168392039835453, 0.011647572740912437, 0.011595859192311764, 0.011597233824431896, 0.0115418815985322, 0.011551854200661182, 0.011518152430653572, 0.011509020812809467, 0.01147452276200056, 0.011458061635494232, 0.011457354761660099, 0.0114288916811347, 0.011414860375225544, 0.011372783221304417, 0.011403966695070267, 0.011323473416268826, 0.011371182277798653], "accs": [15.299999237060547, 19.260000228881836, 21.31999969482422, 23.1299991607666, 24.529998779296875, 25.969999313354492, 26.90999984741211, 28.0, 28.67999839782715, 29.53999900817871, 30.719999313354492, 31.209999084472656, 32.18000030517578, 32.70000076293945, 33.07999801635742, 33.52000045776367, 33.93000030517578, 34.61000061035156, 34.869998931884766, 35.189998626708984, 35.93000030517578, 36.48999786376953, 36.5099983215332, 36.82999801635742, 37.06999969482422, 37.48999786376953, 37.64999771118164, 37.84000015258789, 38.37999725341797, 38.61000061035156, 38.7599983215332, 39.29999923706055, 39.25, 39.87999725341797, 40.0099983215332, 40.04999923706055, 39.939998626708984, 40.689998626708984, 40.90999984741211, 41.03999710083008, 41.38999938964844, 41.7599983215332, 41.48999786376953, 41.939998626708984, 41.75, 42.04999923706055, 42.39999771118164, 42.79999923706055, 43.119998931884766, 42.63999938964844, 42.80999755859375, 43.099998474121094, 43.57999801635742, 43.34000015258789, 43.619998931884766, 44.05999755859375, 43.88999938964844, 43.95000076293945, 44.23999786376953, 44.599998474121094, 44.81999969482422, 44.779998779296875, 44.96999740600586, 44.959999084472656, 45.23999786376953, 45.459999084472656, 45.90999984741211, 45.84000015258789, 45.77000045776367, 45.869998931884766, 46.19999694824219, 46.22999954223633, 46.59000015258789, 46.61000061035156, 46.88999938964844, 46.87999725341797, 46.96999740600586, 47.349998474121094, 47.209999084472656, 47.349998474121094, 47.61000061035156, 47.39999771118164, 47.68000030517578, 47.5099983215332, 47.86000061035156, 47.779998779296875, 48.12999725341797, 48.07999801635742, 48.32999801635742, 48.21999740600586, 48.41999816894531, 48.62999725341797, 48.73999786376953, 48.459999084472656, 48.75, 48.7599983215332, 48.69999694824219, 49.22999954223633, 49.06999969482422, 48.96999740600586], "epochs": [0, 1, 2, 3, 4, 5, 6, 7, 8, 9, 10, 11, 12, 13, 14, 15, 16, 17, 18, 19, 20, 21, 22, 23, 24, 25, 26, 27, 28, 29, 30, 31, 32, 33, 34, 35, 36, 37, 38, 39, 40, 41, 42, 43, 44, 45, 46, 47, 48, 49, 50, 51, 52, 53, 54, 55, 56, 57, 58, 59, 60, 61, 62, 63, 64, 65, 66, 67, 68, 69, 70, 71, 72, 73, 74, 75, 76, 77, 78, 79, 80, 81, 82, 83, 84, 85, 86, 87, 88, 89, 90, 91, 92, 93, 94, 95, 96, 97, 98, 99]}