{"train_losses": [0.013758189044892788, 0.011450136080384254, 0.010382713750004768, 0.009575212374329567, 0.009028426371514797, 0.00854920968413353, 0.00814803410321474, 0.007813754491508007, 0.007476496510207653, 0.007198897656053305, 0.006957054138183594, 0.006749614141881466, 0.006561677902936935, 0.006315065082162619, 0.006181719712913036, 0.006009315140545368, 0.005869044456630945, 0.005658313632011414, 0.00553961331024766, 0.00542695727199316, 0.005308847408741713, 0.005147938150912523, 0.005057551432400942, 0.004942822270095348, 0.004867072217166424, 0.004767377395182848, 0.004643361549824476, 0.004575734492391348, 0.004463724326342344, 0.004348117392510176, 0.004247341305017471, 0.004201151430606842, 0.004065354820340872, 0.003995183389633894, 0.00392671674489975, 0.0038575753569602966, 0.003792779054492712, 0.0036951787769794464, 0.0036126403138041496, 0.003529707668349147, 0.0034579981584101915, 0.0034519988112151623, 0.003367908298969269, 0.0032688002102077007, 0.003228277899324894, 0.0031669505406171083, 0.003069987054914236, 0.0030697714537382126, 0.002951557282358408, 0.0029177386313676834, 0.002847914583981037, 0.0028639689553529024, 0.002747663762420416, 0.002667681546881795, 0.0026377905160188675, 0.002523508621379733, 0.002516653388738632, 0.0024762675166130066, 0.00242322008125484, 0.00239307782612741, 0.002342724706977606, 0.002334830816835165, 0.0022202632389962673, 0.0022395446430891752, 0.002127347281202674, 0.002112435642629862, 0.0020280894823372364, 0.0020177264232188463, 0.001965436153113842, 0.0019534211605787277, 0.0018889093771576881, 0.0019091948634013534, 0.0018220751080662012, 0.0018134014680981636, 0.0017643105238676071, 0.0017160815186798573, 0.0017067730659618974, 0.0016622102120891213, 0.0016312674852088094, 0.001624164986424148, 0.0015694829635322094, 0.001526232692413032, 0.001560879754833877, 0.0015121515607461333, 0.0014936894876882434, 0.0014220894081518054, 0.0014480125391855836, 0.0013909271219745278, 0.001347106765024364, 0.0013325237669050694, 0.00131450523622334, 0.0013068565167486668, 0.0012878287816420197, 0.0012111052637919784, 0.0012145095970481634, 0.0012170526897534728, 0.0012038068380206823, 0.001162252970971167, 0.0011466261930763721, 0.0011221885215491056], "accs": [45.849998474121094, 52.209999084472656, 55.75, 58.19999694824219, 61.16999816894531, 62.0099983215332, 65.2699966430664, 66.08999633789062, 66.91999816894531, 68.29000091552734, 68.75, 70.00999450683594, 70.58000183105469, 70.65999603271484, 72.11000061035156, 72.54999542236328, 73.27999877929688, 73.43999481201172, 73.23999786376953, 73.79000091552734, 73.75, 74.05999755859375, 74.87999725341797, 73.02999877929688, 74.6500015258789, 74.93000030517578, 75.54000091552734, 76.15999603271484, 76.75999450683594, 76.94999694824219, 75.83000183105469, 76.43000030517578, 76.95999908447266, 77.06999969482422, 76.52999877929688, 77.19999694824219, 76.75, 77.55999755859375, 77.30999755859375, 77.16999816894531, 77.72999572753906, 77.04000091552734, 77.54999542236328, 77.98999786376953, 77.62999725341797, 78.30999755859375, 77.95999908447266, 78.00999450683594, 77.66999816894531, 78.00999450683594, 78.02999877929688, 78.61000061035156, 77.80999755859375, 77.2699966430664, 78.43000030517578, 77.86000061035156, 78.6199951171875, 78.1199951171875, 78.4000015258789, 78.33000183105469, 77.75999450683594, 78.23999786376953, 78.52999877929688, 78.68000030517578, 78.63999938964844, 78.18000030517578, 78.66999816894531, 78.48999786376953, 78.55999755859375, 78.47999572753906, 78.82999420166016, 78.4000015258789, 77.98999786376953, 78.97999572753906, 78.98999786376953, 78.40999603271484, 78.82999420166016, 78.63999938964844, 79.13999938964844, 78.75999450683594, 78.44999694824219, 78.48999786376953, 78.57999420166016, 78.94999694824219, 78.87999725341797, 78.50999450683594, 78.68999481201172, 78.38999938964844, 79.02999877929688, 78.90999603271484, 78.41999816894531, 78.22999572753906, 78.72999572753906, 79.18999481201172, 78.29999542236328, 78.68000030517578, 78.66999816894531, 78.88999938964844, 79.4000015258789, 78.75999450683594], "epochs": [0, 1, 2, 3, 4, 5, 6, 7, 8, 9, 10, 11, 12, 13, 14, 15, 16, 17, 18, 19, 20, 21, 22, 23, 24, 25, 26, 27, 28, 29, 30, 31, 32, 33, 34, 35, 36, 37, 38, 39, 40, 41, 42, 43, 44, 45, 46, 47, 48, 49, 50, 51, 52, 53, 54, 55, 56, 57, 58, 59, 60, 61, 62, 63, 64, 65, 66, 67, 68, 69, 70, 71, 72, 73, 74, 75, 76, 77, 78, 79, 80, 81, 82, 83, 84, 85, 86, 87, 88, 89, 90, 91, 92, 93, 94, 95, 96, 97, 98, 99]}