{"train_losses": [0.013622374273836613, 0.011389186605811119, 0.010410906746983528, 0.009703990072011948, 0.009116334840655327, 0.008560053072869778, 0.008160348981618881, 0.007790536154061556, 0.0074544791132211685, 0.007197752594947815, 0.00692560151219368, 0.006690767128020525, 0.006490682251751423, 0.006251766812056303, 0.006128413137048483, 0.0059488010592758656, 0.005800080951303244, 0.005706882104277611, 0.005524452310055494, 0.005429484881460667, 0.0052827452309429646, 0.005201810039579868, 0.005086147226393223, 0.004916851874440908, 0.004834411200135946, 0.004757196642458439, 0.0046407016925513744, 0.004585698246955872, 0.004483798053115606, 0.00436063390225172, 0.0043125092051923275, 0.0041908323764801025, 0.004115806892514229, 0.0040329634211957455, 0.003954757936298847, 0.0039053705986589193, 0.0037768776528537273, 0.003761050058528781, 0.003636630717664957, 0.0036042171996086836, 0.003490391420200467, 0.0034604717511683702, 0.0033899322152137756, 0.003342173295095563, 0.003292326582595706, 0.003198490012437105, 0.0031140169594436884, 0.003065860830247402, 0.00306101911701262, 0.002969262422993779, 0.002875796752050519, 0.002836324507370591, 0.0027838151436299086, 0.0027404127176851034, 0.00269200187176466, 0.0026338680181652308, 0.0025964672677218914, 0.0024884184822440147, 0.0024490519426763058, 0.0024230601266026497, 0.0023930277675390244, 0.002364184008911252, 0.002291307086125016, 0.0022553852759301662, 0.002225183416157961, 0.0021519027650356293, 0.0021264967508614063, 0.0020859185606241226, 0.002039358951151371, 0.002014201832935214, 0.002000004518777132, 0.00190752896014601, 0.0018831478664651513, 0.0018936704145744443, 0.001835218514315784, 0.001803700695745647, 0.0017375927418470383, 0.0016868544043973088, 0.0016924627125263214, 0.0016710031777620316, 0.0016130405711010098, 0.0016003226628527045, 0.001558818039484322, 0.0015411259373649955, 0.0015207474352791905, 0.0015152364503592253, 0.0014466890133917332, 0.0014001299859955907, 0.0014240490272641182, 0.0013573664473369718, 0.0013554580509662628, 0.0013698723632842302, 0.001324262237176299, 0.0012907993514090776, 0.001276857452467084, 0.0012630807468667626, 0.001235470874235034, 0.0012298461515456438, 0.0011864443076774478, 0.001222338411025703], "accs": [45.7599983215332, 52.19999694824219, 55.099998474121094, 59.029998779296875, 61.54999923706055, 63.59000015258789, 65.1199951171875, 65.91999816894531, 68.12999725341797, 67.94999694824219, 69.66999816894531, 70.22999572753906, 69.87999725341797, 71.37999725341797, 71.8499984741211, 71.8699951171875, 73.19999694824219, 74.25999450683594, 73.8699951171875, 73.9000015258789, 74.44999694824219, 74.69999694824219, 74.56999969482422, 75.72999572753906, 75.79000091552734, 75.50999450683594, 75.6199951171875, 76.0199966430664, 76.40999603271484, 76.7699966430664, 76.69999694824219, 76.9000015258789, 77.08999633789062, 77.0199966430664, 77.77999877929688, 77.04999542236328, 77.33999633789062, 77.6199951171875, 77.8499984741211, 78.25999450683594, 77.91999816894531, 78.05999755859375, 78.7699966430664, 78.27999877929688, 77.93000030517578, 78.0, 78.22000122070312, 78.5999984741211, 78.13999938964844, 78.83999633789062, 78.3699951171875, 78.66999816894531, 78.68999481201172, 78.55999755859375, 78.93999481201172, 78.75, 78.95999908447266, 79.5, 78.97999572753906, 79.18000030517578, 78.93999481201172, 79.23999786376953, 79.06999969482422, 78.80999755859375, 78.90999603271484, 79.22999572753906, 79.0, 79.25, 79.15999603271484, 78.79000091552734, 79.68999481201172, 79.5, 79.72000122070312, 79.4000015258789, 79.19999694824219, 79.55999755859375, 79.44999694824219, 79.45999908447266, 79.45999908447266, 79.30999755859375, 79.29000091552734, 79.11000061035156, 79.16999816894531, 79.18000030517578, 79.91999816894531, 79.2699966430664, 79.8499984741211, 79.91999816894531, 79.8499984741211, 79.47999572753906, 79.63999938964844, 79.4000015258789, 79.16999816894531, 79.43000030517578, 79.77999877929688, 79.16999816894531, 79.15999603271484, 79.52999877929688, 79.56999969482422, 80.05999755859375], "epochs": [0, 1, 2, 3, 4, 5, 6, 7, 8, 9, 10, 11, 12, 13, 14, 15, 16, 17, 18, 19, 20, 21, 22, 23, 24, 25, 26, 27, 28, 29, 30, 31, 32, 33, 34, 35, 36, 37, 38, 39, 40, 41, 42, 43, 44, 45, 46, 47, 48, 49, 50, 51, 52, 53, 54, 55, 56, 57, 58, 59, 60, 61, 62, 63, 64, 65, 66, 67, 68, 69, 70, 71, 72, 73, 74, 75, 76, 77, 78, 79, 80, 81, 82, 83, 84, 85, 86, 87, 88, 89, 90, 91, 92, 93, 94, 95, 96, 97, 98, 99]}