{"train_losses": [0.016932301223278046, 0.014789151027798653, 0.013851861469447613, 0.013290517032146454, 0.012830675579607487, 0.012497464194893837, 0.012182394973933697, 0.011900348588824272, 0.01169074047356844, 0.01148319523781538, 0.011328010819852352, 0.011122239753603935, 0.010963267646729946, 0.010812346823513508, 0.01068347878754139, 0.010530045256018639, 0.01042899303138256, 0.010330164805054665, 0.01014294195920229, 0.01007878314703703, 0.009959428571164608, 0.009837434627115726, 0.009745965711772442, 0.009669438935816288, 0.009538797661662102, 0.009431454353034496, 0.009340289980173111, 0.00927059818059206, 0.00918630138039589, 0.009096977300941944, 0.00901170913130045, 0.008965661749243736, 0.008869963698089123, 0.00879921019077301, 0.008724014274775982, 0.008648445829749107, 0.008583045564591885, 0.008516556583344936, 0.008449757471680641, 0.00838019885122776, 0.00832127034664154, 0.008274559862911701, 0.008214027620851994, 0.0081334812566638, 0.008086934685707092, 0.008068123832345009, 0.007976042106747627, 0.007923251949250698, 0.007853515446186066, 0.007799240294843912, 0.007772662211209536, 0.007742622401565313, 0.007649258244782686, 0.007636921014636755, 0.007583913393318653, 0.007479561027139425, 0.007427157834172249, 0.007405050564557314, 0.007387232501059771, 0.007315104361623526, 0.007317569572478533, 0.007230633404105902, 0.007206008303910494, 0.00716295326128602, 0.007097562309354544, 0.00707858195528388, 0.007021472789347172, 0.007003019098192453, 0.006929903291165829, 0.006928666029125452, 0.006896221078932285, 0.006827611941844225, 0.0067760152742266655, 0.006748222280293703, 0.006699458230286837, 0.006685398984700441, 0.006643119268119335, 0.006622115150094032, 0.0065731448121368885, 0.006512909196317196, 0.006494803819805384, 0.006457680370658636, 0.006434169132262468, 0.006403815001249313, 0.006359159480780363, 0.00632729846984148, 0.006279899738729, 0.00626186141744256, 0.006237710360437632, 0.006163063924759626, 0.006154871545732021, 0.006145422346889973, 0.006088280584663153, 0.006068323738873005, 0.006061954889446497, 0.005987848155200481, 0.005948233418166637, 0.005960524082183838, 0.005956773646175861, 0.005871091037988663], "accs": [29.25, 35.849998474121094, 39.55999755859375, 41.90999984741211, 43.849998474121094, 45.78999710083008, 46.69999694824219, 47.80999755859375, 48.34000015258789, 49.47999954223633, 50.66999816894531, 51.69999694824219, 52.25, 52.689998626708984, 52.57999801635742, 53.84000015258789, 54.04999923706055, 54.349998474121094, 55.18000030517578, 55.849998474121094, 56.029998779296875, 56.69999694824219, 57.0, 57.439998626708984, 58.03999710083008, 58.53999710083008, 58.64999771118164, 59.06999969482422, 59.32999801635742, 59.88999938964844, 60.15999984741211, 60.41999816894531, 60.89999771118164, 61.019996643066406, 61.43000030517578, 61.32999801635742, 61.369998931884766, 62.369998931884766, 62.25, 62.31999969482422, 62.41999816894531, 62.7599983215332, 63.029998779296875, 63.38999938964844, 63.73999786376953, 64.16999816894531, 63.62999725341797, 63.869998931884766, 63.929996490478516, 64.68999481201172, 64.95999908447266, 64.72000122070312, 64.95999908447266, 65.19999694824219, 65.5199966430664, 65.68999481201172, 66.0999984741211, 66.26000213623047, 66.18999481201172, 66.27999877929688, 66.3499984741211, 66.26000213623047, 66.79000091552734, 66.97000122070312, 67.0999984741211, 66.97000122070312, 67.54999542236328, 67.5199966430664, 67.45999908447266, 67.4000015258789, 67.73999786376953, 68.23999786376953, 67.81999969482422, 68.31999969482422, 68.83000183105469, 68.30999755859375, 68.45999908447266, 68.90999603271484, 68.79000091552734, 68.86000061035156, 69.22000122070312, 68.93000030517578, 69.15999603271484, 69.61000061035156, 69.68000030517578, 69.48999786376953, 69.40999603271484, 69.38999938964844, 69.50999450683594, 69.68999481201172, 69.86000061035156, 69.79000091552734, 69.75999450683594, 70.1500015258789, 70.43000030517578, 70.23999786376953, 70.43000030517578, 70.62999725341797, 70.4000015258789, 70.30999755859375], "epochs": [0, 1, 2, 3, 4, 5, 6, 7, 8, 9, 10, 11, 12, 13, 14, 15, 16, 17, 18, 19, 20, 21, 22, 23, 24, 25, 26, 27, 28, 29, 30, 31, 32, 33, 34, 35, 36, 37, 38, 39, 40, 41, 42, 43, 44, 45, 46, 47, 48, 49, 50, 51, 52, 53, 54, 55, 56, 57, 58, 59, 60, 61, 62, 63, 64, 65, 66, 67, 68, 69, 70, 71, 72, 73, 74, 75, 76, 77, 78, 79, 80, 81, 82, 83, 84, 85, 86, 87, 88, 89, 90, 91, 92, 93, 94, 95, 96, 97, 98, 99]}