{"train_losses": [0.016778135672211647, 0.014791437424719334, 0.013926644809544086, 0.013329491950571537, 0.012898324057459831, 0.012559100985527039, 0.012293906882405281, 0.012003056704998016, 0.011793590150773525, 0.011580957099795341, 0.011385791935026646, 0.011226819828152657, 0.011065156199038029, 0.010898984037339687, 0.010782298631966114, 0.010619081556797028, 0.010472455993294716, 0.010348268784582615, 0.010277778841555119, 0.01017621997743845, 0.010040346533060074, 0.009972978383302689, 0.009867551736533642, 0.009725281968712807, 0.009641265496611595, 0.009546210989356041, 0.009438673034310341, 0.009315082803368568, 0.009223592467606068, 0.009158121421933174, 0.009098893962800503, 0.008956478908658028, 0.008935741148889065, 0.008830876089632511, 0.008744265884160995, 0.008661906234920025, 0.008602731861174107, 0.008496816270053387, 0.008470437489449978, 0.008418158628046513, 0.008287683129310608, 0.008246720768511295, 0.008168932050466537, 0.008120971731841564, 0.008104859851300716, 0.008030412718653679, 0.007926481775939465, 0.007889294996857643, 0.0078450758010149, 0.00779988057911396, 0.007715174462646246, 0.007683041971176863, 0.0076355901546776295, 0.007585995830595493, 0.00753999687731266, 0.0075143491849303246, 0.0074745421297848225, 0.007367138285189867, 0.007303994614630938, 0.007284809835255146, 0.007250633556395769, 0.007174666505306959, 0.007179005537182093, 0.007128104567527771, 0.007105137687176466, 0.00702216662466526, 0.007004989311099052, 0.006967082154005766, 0.006923750042915344, 0.006867032963782549, 0.006868337281048298, 0.006760109681636095, 0.006765684112906456, 0.006709478795528412, 0.006648845039308071, 0.006617834325879812, 0.006596650928258896, 0.00656806631013751, 0.006528579164296389, 0.006498168688267469, 0.006451893597841263, 0.006424400489777327, 0.006370750721544027, 0.0063980259001255035, 0.0063281613402068615, 0.006302979774773121, 0.006247056182473898, 0.00622966792434454, 0.006187603808939457, 0.006145385093986988, 0.0061254543252289295, 0.006079500075429678, 0.006040820851922035, 0.006023903843015432, 0.006039483938366175, 0.005996054969727993, 0.0059790234081447124, 0.005944151431322098, 0.005894326139241457, 0.005852237343788147], "accs": [29.939998626708984, 35.72999954223633, 38.439998626708984, 40.5099983215332, 42.45000076293945, 44.32999801635742, 45.38999938964844, 46.279998779296875, 47.11000061035156, 48.31999969482422, 49.38999938964844, 49.779998779296875, 50.69999694824219, 50.98999786376953, 52.27000045776367, 52.91999816894531, 53.599998474121094, 53.88999938964844, 53.97999954223633, 54.62999725341797, 55.65999984741211, 56.099998474121094, 56.07999801635742, 56.82999801635742, 57.16999816894531, 57.53999710083008, 58.279998779296875, 58.519996643066406, 59.05999755859375, 59.57999801635742, 60.14999771118164, 60.57999801635742, 60.7599983215332, 60.72999954223633, 60.93000030517578, 61.349998474121094, 61.7599983215332, 61.62999725341797, 62.21999740600586, 62.16999816894531, 62.59000015258789, 62.98999786376953, 63.59000015258789, 63.37999725341797, 63.849998474121094, 63.96999740600586, 64.41999816894531, 64.31999969482422, 64.68999481201172, 64.77999877929688, 65.0, 65.55999755859375, 65.55999755859375, 66.01000213623047, 65.87999725341797, 66.22999572753906, 66.26000213623047, 66.43000030517578, 66.58000183105469, 66.43999481201172, 66.65999603271484, 66.90999603271484, 67.00999450683594, 67.3499984741211, 67.27999877929688, 67.69999694824219, 67.72000122070312, 67.88999938964844, 68.05999755859375, 67.88999938964844, 68.11000061035156, 68.25, 68.25999450683594, 68.41999816894531, 68.77999877929688, 68.70999908447266, 68.91999816894531, 68.6199951171875, 69.29000091552734, 69.33999633789062, 69.15999603271484, 69.55999755859375, 69.56999969482422, 69.72000122070312, 69.61000061035156, 69.66999816894531, 69.80999755859375, 69.93999481201172, 70.04000091552734, 70.18999481201172, 70.30999755859375, 70.00999450683594, 70.18999481201172, 70.43000030517578, 70.48999786376953, 70.56999969482422, 70.65999603271484, 70.62999725341797, 70.87999725341797, 70.72999572753906], "epochs": [0, 1, 2, 3, 4, 5, 6, 7, 8, 9, 10, 11, 12, 13, 14, 15, 16, 17, 18, 19, 20, 21, 22, 23, 24, 25, 26, 27, 28, 29, 30, 31, 32, 33, 34, 35, 36, 37, 38, 39, 40, 41, 42, 43, 44, 45, 46, 47, 48, 49, 50, 51, 52, 53, 54, 55, 56, 57, 58, 59, 60, 61, 62, 63, 64, 65, 66, 67, 68, 69, 70, 71, 72, 73, 74, 75, 76, 77, 78, 79, 80, 81, 82, 83, 84, 85, 86, 87, 88, 89, 90, 91, 92, 93, 94, 95, 96, 97, 98, 99]}