{"train_losses": [0.01945102959871292, 0.018113525584340096, 0.017362721264362335, 0.016926776617765427, 0.01654297299683094, 0.016237162053585052, 0.01600044220685959, 0.015824558213353157, 0.0156263280659914, 0.015439491719007492, 0.01525847241282463, 0.015142704360187054, 0.014974781312048435, 0.014902111142873764, 0.014783729799091816, 0.01467551477253437, 0.01453014463186264, 0.014454293064773083, 0.014359613880515099, 0.01426031906157732, 0.014177901670336723, 0.014042523689568043, 0.013978968374431133, 0.013955219648778439, 0.013831433840095997, 0.013801923021674156, 0.013724620454013348, 0.013667833060026169, 0.013551647774875164, 0.013537107035517693, 0.013471496291458607, 0.0133949751034379, 0.013364232145249844, 0.013308410532772541, 0.013219749554991722, 0.013170203194022179, 0.013111709617078304, 0.013038825243711472, 0.013043928891420364, 0.01300407201051712, 0.012936385348439217, 0.012855331413447857, 0.012846242636442184, 0.012802903540432453, 0.012801877222955227, 0.012684758752584457, 0.012666815891861916, 0.012640630826354027, 0.012623511254787445, 0.012554225511848927, 0.012504837475717068, 0.012507716193795204, 0.012479771859943867, 0.012422154657542706, 0.012410051189363003, 0.012350250966846943, 0.012346616946160793, 0.01228791568428278, 0.012270288541913033, 0.01223820075392723, 0.012175201438367367, 0.012186458334326744, 0.012179365381598473, 0.01213312242180109, 0.01209830678999424, 0.01210025604814291, 0.01203326415270567, 0.012027145363390446, 0.01199882011860609, 0.012003510259091854, 0.011951320804655552, 0.011877034790813923, 0.01189709547907114, 0.011861569248139858, 0.011831078678369522, 0.011818180792033672, 0.01179047953337431, 0.011753047816455364, 0.011761903762817383, 0.011720542795956135, 0.011698580347001553, 0.011664587073028088, 0.01165561843663454, 0.011624271981418133, 0.011601921170949936, 0.01164152566343546, 0.011539498344063759, 0.01156493742018938, 0.011555803939700127, 0.01151476614177227, 0.011479108594357967, 0.011511282995343208, 0.01146744191646576, 0.011470971629023552, 0.01145253051072359, 0.011410476639866829, 0.011398638598620892, 0.011360703967511654, 0.011340290307998657, 0.011341189034283161], "accs": [15.049999237060547, 19.09000015258789, 21.299999237060547, 23.010000228881836, 24.65999984741211, 25.60999870300293, 27.189998626708984, 28.15999984741211, 28.969999313354492, 30.099998474121094, 31.09000015258789, 31.509998321533203, 32.029998779296875, 32.73999786376953, 33.41999816894531, 34.18000030517578, 34.5, 35.11000061035156, 35.52000045776367, 35.93000030517578, 36.38999938964844, 36.72999954223633, 37.18000030517578, 37.209999084472656, 37.63999938964844, 38.18000030517578, 38.32999801635742, 38.779998779296875, 39.07999801635742, 39.31999969482422, 39.779998779296875, 40.30999755859375, 40.59000015258789, 40.98999786376953, 41.0099983215332, 41.09000015258789, 41.22999954223633, 41.43000030517578, 41.84000015258789, 41.779998779296875, 42.27000045776367, 42.28999710083008, 42.619998931884766, 42.86000061035156, 43.18000030517578, 43.15999984741211, 43.45000076293945, 43.70000076293945, 43.779998779296875, 43.95000076293945, 44.439998626708984, 44.36000061035156, 44.93000030517578, 44.84000015258789, 44.689998626708984, 44.70000076293945, 45.06999969482422, 45.62999725341797, 45.38999938964844, 45.41999816894531, 45.40999984741211, 45.599998474121094, 45.89999771118164, 45.97999954223633, 45.69999694824219, 46.07999801635742, 46.0, 46.369998931884766, 46.439998626708984, 46.529998779296875, 46.54999923706055, 46.709999084472656, 46.66999816894531, 46.89999771118164, 47.099998474121094, 47.43000030517578, 47.47999954223633, 47.64999771118164, 47.44999694824219, 47.71999740600586, 48.04999923706055, 47.94999694824219, 48.05999755859375, 48.21999740600586, 48.14999771118164, 48.04999923706055, 48.7599983215332, 48.459999084472656, 48.69999694824219, 48.48999786376953, 48.81999969482422, 48.63999938964844, 49.22999954223633, 49.22999954223633, 49.34000015258789, 48.959999084472656, 49.02000045776367, 49.38999938964844, 48.94999694824219, 49.36000061035156], "epochs": [0, 1, 2, 3, 4, 5, 6, 7, 8, 9, 10, 11, 12, 13, 14, 15, 16, 17, 18, 19, 20, 21, 22, 23, 24, 25, 26, 27, 28, 29, 30, 31, 32, 33, 34, 35, 36, 37, 38, 39, 40, 41, 42, 43, 44, 45, 46, 47, 48, 49, 50, 51, 52, 53, 54, 55, 56, 57, 58, 59, 60, 61, 62, 63, 64, 65, 66, 67, 68, 69, 70, 71, 72, 73, 74, 75, 76, 77, 78, 79, 80, 81, 82, 83, 84, 85, 86, 87, 88, 89, 90, 91, 92, 93, 94, 95, 96, 97, 98, 99]}