{"train_losses": [0.019341226667165756, 0.01823359727859497, 0.01756403222680092, 0.017124902456998825, 0.01677926443517208, 0.016459593549370766, 0.01619601435959339, 0.01592141203582287, 0.0157210323959589, 0.015529025346040726, 0.015353160910308361, 0.015165772289037704, 0.015008784830570221, 0.014913455583155155, 0.01476522907614708, 0.014623060822486877, 0.014524921774864197, 0.014456178992986679, 0.014354313723742962, 0.014249644242227077, 0.014141174964606762, 0.014091169461607933, 0.01398470439016819, 0.013872720301151276, 0.013831794261932373, 0.013730432838201523, 0.01364353857934475, 0.01357610896229744, 0.013536813668906689, 0.013479837216436863, 0.013389261439442635, 0.013383064419031143, 0.013273441232740879, 0.01324611809104681, 0.013175968080759048, 0.01307697594165802, 0.013066677376627922, 0.013018430210649967, 0.012979689985513687, 0.012906174175441265, 0.012866003438830376, 0.012835902161896229, 0.012809891253709793, 0.012742960825562477, 0.012690221890807152, 0.012659518979489803, 0.012624159455299377, 0.012584863230586052, 0.0125429667532444, 0.012496314011514187, 0.01248657051473856, 0.01247102115303278, 0.012384315021336079, 0.012380469590425491, 0.012352533638477325, 0.012296529486775398, 0.01227563340216875, 0.01219640951603651, 0.012214441783726215, 0.012196621857583523, 0.012166972272098064, 0.012109145522117615, 0.012072723358869553, 0.012094338424503803, 0.01203558687120676, 0.012031062506139278, 0.011986195109784603, 0.011930272914469242, 0.01194042433053255, 0.01192327868193388, 0.011877895332872868, 0.01190552581101656, 0.01182414311915636, 0.011823142878711224, 0.011778667569160461, 0.011736923828721046, 0.011725754477083683, 0.011759651824831963, 0.011682873591780663, 0.011669561266899109, 0.011660227552056313, 0.011618833988904953, 0.011596355587244034, 0.011581399478018284, 0.011573215946555138, 0.011524003930389881, 0.011474071070551872, 0.011516852304339409, 0.011499709449708462, 0.011412420310080051, 0.01138335932046175, 0.01141438540071249, 0.011374755762517452, 0.011347291991114616, 0.011344832368195057, 0.011331332847476006, 0.01127232238650322, 0.011311991140246391, 0.011302579194307327, 0.011248394846916199], "accs": [14.170000076293945, 17.459999084472656, 19.760000228881836, 22.059999465942383, 23.76999855041504, 25.239999771118164, 26.60999870300293, 27.60999870300293, 28.69999885559082, 29.729999542236328, 30.69999885559082, 31.369998931884766, 32.0, 32.65999984741211, 33.14999771118164, 34.05999755859375, 34.939998626708984, 35.12999725341797, 35.87999725341797, 36.48999786376953, 36.71999740600586, 36.91999816894531, 37.61000061035156, 37.959999084472656, 38.37999725341797, 38.62999725341797, 39.13999938964844, 39.15999984741211, 39.70000076293945, 40.09000015258789, 40.209999084472656, 40.57999801635742, 41.28999710083008, 41.189998626708984, 41.349998474121094, 41.43000030517578, 42.04999923706055, 42.0, 42.66999816894531, 42.46999740600586, 42.72999954223633, 42.93000030517578, 43.36000061035156, 43.72999954223633, 43.7599983215332, 44.279998779296875, 44.209999084472656, 44.459999084472656, 44.43000030517578, 44.959999084472656, 44.87999725341797, 45.27000045776367, 45.21999740600586, 45.48999786376953, 45.81999969482422, 45.61000061035156, 45.88999938964844, 45.869998931884766, 46.12999725341797, 46.25, 46.31999969482422, 46.38999938964844, 47.029998779296875, 46.80999755859375, 47.19999694824219, 46.98999786376953, 47.46999740600586, 47.15999984741211, 47.5099983215332, 47.30999755859375, 47.75, 47.619998931884766, 48.0099983215332, 47.75, 48.31999969482422, 48.29999923706055, 48.37999725341797, 48.52000045776367, 48.529998779296875, 48.64999771118164, 48.86000061035156, 48.98999786376953, 49.0, 49.03999710083008, 48.94999694824219, 49.21999740600586, 49.02000045776367, 49.0099983215332, 48.96999740600586, 49.599998474121094, 49.52000045776367, 49.48999786376953, 49.48999786376953, 49.81999969482422, 49.93000030517578, 49.98999786376953, 50.099998474121094, 50.22999954223633, 50.189998626708984, 50.2599983215332], "epochs": [0, 1, 2, 3, 4, 5, 6, 7, 8, 9, 10, 11, 12, 13, 14, 15, 16, 17, 18, 19, 20, 21, 22, 23, 24, 25, 26, 27, 28, 29, 30, 31, 32, 33, 34, 35, 36, 37, 38, 39, 40, 41, 42, 43, 44, 45, 46, 47, 48, 49, 50, 51, 52, 53, 54, 55, 56, 57, 58, 59, 60, 61, 62, 63, 64, 65, 66, 67, 68, 69, 70, 71, 72, 73, 74, 75, 76, 77, 78, 79, 80, 81, 82, 83, 84, 85, 86, 87, 88, 89, 90, 91, 92, 93, 94, 95, 96, 97, 98, 99]}