{"train_losses": [0.016747746616601944, 0.014657078310847282, 0.013870877213776112, 0.01330053061246872, 0.012875838205218315, 0.01252938061952591, 0.012237675487995148, 0.011990636587142944, 0.011770062148571014, 0.011573677882552147, 0.011393649503588676, 0.011232544668018818, 0.011104665696620941, 0.010942329652607441, 0.010788338258862495, 0.010659435763955116, 0.010564342141151428, 0.010495840571820736, 0.010313033126294613, 0.010210423730313778, 0.010135611519217491, 0.01003242190927267, 0.00990939512848854, 0.009860453195869923, 0.009736434556543827, 0.009684426710009575, 0.009601127356290817, 0.0094774030148983, 0.009418089874088764, 0.009302319958806038, 0.009265249595046043, 0.009133708663284779, 0.009050078690052032, 0.009006823413074017, 0.008939872495830059, 0.008848180994391441, 0.0088040204718709, 0.008729754015803337, 0.008684647269546986, 0.008607076480984688, 0.00850993487983942, 0.008478520438075066, 0.008347587659955025, 0.00837788451462984, 0.008246098645031452, 0.008168717846274376, 0.008110013790428638, 0.008094961754977703, 0.008031269535422325, 0.008008792996406555, 0.00792357511818409, 0.007843858562409878, 0.007817239500582218, 0.00775572145357728, 0.0076567851938307285, 0.007593865972012281, 0.007580493576824665, 0.0075341579504311085, 0.00752984406426549, 0.007448865566402674, 0.00737344054505229, 0.007359768263995647, 0.007327417843043804, 0.0073212613351643085, 0.007255613338202238, 0.007194658741354942, 0.007145853713154793, 0.007095874287188053, 0.007022709585726261, 0.007027790881693363, 0.006976190023124218, 0.0069143036380410194, 0.0068718730472028255, 0.0068635838106274605, 0.006820994894951582, 0.0068222698755562305, 0.006772364489734173, 0.006667761597782373, 0.006683556362986565, 0.006635354366153479, 0.006580875255167484, 0.0065764146856963634, 0.006544673349708319, 0.006491100415587425, 0.006451040506362915, 0.006430493667721748, 0.006364960689097643, 0.006373829208314419, 0.006318099331110716, 0.006299513392150402, 0.006263377144932747, 0.006202138494700193, 0.006229541264474392, 0.006170717533677816, 0.006129027344286442, 0.0060814544558525085, 0.006050801835954189, 0.006040665786713362, 0.0060145314782857895, 0.005981171038001776], "accs": [30.09000015258789, 36.279998779296875, 39.36000061035156, 41.529998779296875, 43.29999923706055, 45.0099983215332, 46.32999801635742, 47.119998931884766, 48.05999755859375, 48.96999740600586, 49.529998779296875, 50.39999771118164, 50.90999984741211, 51.40999984741211, 52.30999755859375, 52.939998626708984, 53.7599983215332, 53.98999786376953, 54.16999816894531, 54.71999740600586, 55.439998626708984, 55.849998474121094, 56.40999984741211, 56.529998779296875, 57.029998779296875, 57.459999084472656, 57.91999816894531, 58.29999923706055, 58.66999816894531, 59.34000015258789, 59.43000030517578, 59.8599967956543, 59.84000015258789, 60.31999969482422, 60.619998931884766, 60.91999816894531, 60.98999786376953, 61.32999801635742, 61.62999725341797, 61.81999969482422, 62.459999084472656, 62.57999801635742, 62.78999710083008, 63.04999923706055, 63.21999740600586, 63.519996643066406, 64.05999755859375, 63.82999801635742, 64.31999969482422, 64.65999603271484, 64.63999938964844, 65.0199966430664, 65.31999969482422, 65.47000122070312, 65.15999603271484, 65.56999969482422, 65.61000061035156, 66.13999938964844, 66.0, 66.06999969482422, 66.22000122070312, 66.4000015258789, 66.79999542236328, 66.79999542236328, 67.19999694824219, 67.16999816894531, 67.5199966430664, 67.58999633789062, 67.73999786376953, 68.16999816894531, 68.19999694824219, 68.2699966430664, 68.58999633789062, 68.77999877929688, 68.86000061035156, 68.90999603271484, 68.8699951171875, 68.66999816894531, 69.0999984741211, 68.94999694824219, 69.44999694824219, 69.12999725341797, 69.52999877929688, 69.5, 69.8699951171875, 69.47999572753906, 69.88999938964844, 69.72999572753906, 69.72000122070312, 69.75, 70.16999816894531, 70.08999633789062, 69.88999938964844, 70.13999938964844, 69.94999694824219, 70.19999694824219, 70.37999725341797, 70.25, 70.52999877929688, 70.56999969482422], "epochs": [0, 1, 2, 3, 4, 5, 6, 7, 8, 9, 10, 11, 12, 13, 14, 15, 16, 17, 18, 19, 20, 21, 22, 23, 24, 25, 26, 27, 28, 29, 30, 31, 32, 33, 34, 35, 36, 37, 38, 39, 40, 41, 42, 43, 44, 45, 46, 47, 48, 49, 50, 51, 52, 53, 54, 55, 56, 57, 58, 59, 60, 61, 62, 63, 64, 65, 66, 67, 68, 69, 70, 71, 72, 73, 74, 75, 76, 77, 78, 79, 80, 81, 82, 83, 84, 85, 86, 87, 88, 89, 90, 91, 92, 93, 94, 95, 96, 97, 98, 99]}