{"train_losses": [0.01920679397881031, 0.01807480864226818, 0.017429756000638008, 0.016914524137973785, 0.016541318967938423, 0.01620749942958355, 0.015933537855744362, 0.01569060981273651, 0.015471041202545166, 0.015275436453521252, 0.01516167726367712, 0.014970584772527218, 0.014860854484140873, 0.014699829742312431, 0.014621663838624954, 0.01449835579842329, 0.01440519280731678, 0.014306874945759773, 0.014243578538298607, 0.014127679169178009, 0.014059584587812424, 0.013959947042167187, 0.013911204412579536, 0.013831560499966145, 0.013763798400759697, 0.013745780102908611, 0.01363985426723957, 0.013573158532381058, 0.013519937172532082, 0.01346835307776928, 0.013412083499133587, 0.013365436345338821, 0.013288588263094425, 0.013251195661723614, 0.013216032646596432, 0.013159866444766521, 0.013112340122461319, 0.013084668666124344, 0.013051469810307026, 0.0130143528804183, 0.012949726544320583, 0.012867799028754234, 0.012842106632888317, 0.012788611464202404, 0.012802841141819954, 0.012725402601063251, 0.012698299251496792, 0.012665930204093456, 0.012626259587705135, 0.012624193914234638, 0.012596862390637398, 0.012539475224912167, 0.012479353696107864, 0.01246683206409216, 0.012395543977618217, 0.012379981577396393, 0.012337222695350647, 0.012322081252932549, 0.012304932810366154, 0.01229050662368536, 0.012227339670062065, 0.012231362983584404, 0.012203888967633247, 0.012166397646069527, 0.012144932523369789, 0.012074644677340984, 0.012077555991709232, 0.012067610397934914, 0.012029862031340599, 0.01200462132692337, 0.011963939294219017, 0.011959132738411427, 0.011916237883269787, 0.011918527074158192, 0.011844742111861706, 0.011871365830302238, 0.011854364536702633, 0.011814643628895283, 0.01178678683936596, 0.011736718006432056, 0.011723658069968224, 0.01171409897506237, 0.011666358448565006, 0.011660076677799225, 0.011639743112027645, 0.011660908348858356, 0.011607512831687927, 0.011617925949394703, 0.011563842184841633, 0.011519180610775948, 0.011497501283884048, 0.011482633650302887, 0.011503090150654316, 0.011463252827525139, 0.011428979225456715, 0.011421939358115196, 0.011375632137060165, 0.011356387287378311, 0.011369430460035801, 0.011335451155900955], "accs": [13.819999694824219, 17.40999984741211, 20.260000228881836, 22.28999900817871, 24.779998779296875, 26.219999313354492, 27.510000228881836, 28.260000228881836, 29.709999084472656, 30.099998474121094, 30.8799991607666, 32.0, 32.65999984741211, 33.68000030517578, 33.97999954223633, 34.459999084472656, 35.15999984741211, 35.39999771118164, 36.119998931884766, 36.56999969482422, 36.779998779296875, 37.2599983215332, 37.439998626708984, 37.82999801635742, 38.37999725341797, 38.30999755859375, 38.62999725341797, 39.0, 39.43000030517578, 40.21999740600586, 40.29999923706055, 40.57999801635742, 40.93000030517578, 41.14999771118164, 41.5, 41.619998931884766, 41.68000030517578, 41.93000030517578, 42.39999771118164, 42.37999725341797, 42.78999710083008, 42.689998626708984, 43.189998626708984, 43.36000061035156, 43.25, 43.68000030517578, 43.59000015258789, 43.89999771118164, 43.86000061035156, 44.529998779296875, 44.45000076293945, 44.54999923706055, 44.79999923706055, 44.959999084472656, 44.939998626708984, 45.03999710083008, 45.369998931884766, 45.48999786376953, 45.57999801635742, 45.68000030517578, 45.90999984741211, 46.0, 46.099998474121094, 46.0099983215332, 46.25, 46.39999771118164, 46.529998779296875, 46.63999938964844, 46.89999771118164, 47.02000045776367, 47.03999710083008, 47.05999755859375, 47.29999923706055, 47.25, 47.61000061035156, 47.80999755859375, 47.66999816894531, 47.779998779296875, 47.87999725341797, 48.06999969482422, 48.029998779296875, 48.25, 48.029998779296875, 48.53999710083008, 48.57999801635742, 48.81999969482422, 48.57999801635742, 48.599998474121094, 48.82999801635742, 48.89999771118164, 49.04999923706055, 49.16999816894531, 49.37999725341797, 49.2599983215332, 49.369998931884766, 49.40999984741211, 49.7599983215332, 49.72999954223633, 49.7599983215332, 49.64999771118164], "epochs": [0, 1, 2, 3, 4, 5, 6, 7, 8, 9, 10, 11, 12, 13, 14, 15, 16, 17, 18, 19, 20, 21, 22, 23, 24, 25, 26, 27, 28, 29, 30, 31, 32, 33, 34, 35, 36, 37, 38, 39, 40, 41, 42, 43, 44, 45, 46, 47, 48, 49, 50, 51, 52, 53, 54, 55, 56, 57, 58, 59, 60, 61, 62, 63, 64, 65, 66, 67, 68, 69, 70, 71, 72, 73, 74, 75, 76, 77, 78, 79, 80, 81, 82, 83, 84, 85, 86, 87, 88, 89, 90, 91, 92, 93, 94, 95, 96, 97, 98, 99]}