{"train_losses": [0.015448599122464657, 0.011785601265728474, 0.00991800893098116, 0.008690856397151947, 0.007955595850944519, 0.007336881477385759, 0.00705227255821228, 0.0065662492997944355, 0.0061838943511247635, 0.005858570337295532, 0.005707671400159597, 0.005501866806298494, 0.0052497112192213535, 0.005084744654595852, 0.0048970067873597145, 0.004719070624560118, 0.004592161625623703, 0.004414047114551067, 0.004297470208257437, 0.004156199283897877, 0.004062939435243607, 0.003913591615855694, 0.0038690960500389338, 0.003748668124899268, 0.003648508805781603, 0.0035683303140103817, 0.0034727929159998894, 0.0034100045450031757, 0.003328573890030384, 0.0032381026539951563, 0.0031820323783904314, 0.0031156991608440876, 0.003058216767385602, 0.0029449141584336758, 0.002942877821624279, 0.002881624735891819, 0.002866854425519705, 0.0027707312256097794, 0.0027226959355175495, 0.0026928288862109184, 0.0026073348708450794, 0.0025784310419112444, 0.002569856122136116, 0.002486309502273798, 0.0024814174976199865, 0.0023864470422267914, 0.0023848924320191145, 0.0023155331145972013, 0.002252735896036029, 0.002256459789350629, 0.0022301727440208197, 0.0021976809948682785, 0.0021124957129359245, 0.00207550753839314, 0.00206276448443532, 0.0020342592615634203, 0.002007893053814769, 0.001958901761099696, 0.0019060007762163877, 0.0019078280311077833, 0.0018604061333462596, 0.0018201705534011126, 0.001830638269893825, 0.0018185317749157548, 0.0017555749509483576, 0.001777338795363903, 0.001673137303441763, 0.0016683285357430577, 0.001667477423325181, 0.0016300407005473971, 0.0016075404128059745, 0.001592370681464672, 0.001573021407239139, 0.001494226511567831, 0.0015299607766792178, 0.0014886510325595737, 0.0015035589458420873, 0.0014559769770130515, 0.0014171221992000937, 0.001422422588802874, 0.001410352997481823, 0.0013967674458399415, 0.0013378357980400324, 0.0013325257459655404, 0.0013251225464046001, 0.0012728575384244323, 0.0012717574136331677, 0.0012861662544310093, 0.0012588807148858905, 0.0012518209405243397, 0.0012311759637668729, 0.0011894585331901908, 0.0011948776664212346, 0.0011387091362848878, 0.0011589229106903076, 0.0011821661610156298, 0.0011478987289592624, 0.001066424767486751, 0.001095173298381269, 0.001098239910788834], "accs": [42.20000076293945, 52.48999786376953, 53.8599967956543, 61.79999923706055, 66.02999877929688, 66.8499984741211, 69.5, 71.22999572753906, 72.33999633789062, 75.25, 75.08000183105469, 75.29999542236328, 75.97999572753906, 76.22999572753906, 76.91999816894531, 77.83000183105469, 77.95999908447266, 79.23999786376953, 78.87999725341797, 79.37999725341797, 79.16999816894531, 79.29000091552734, 81.12999725341797, 81.32999420166016, 81.0999984741211, 80.79000091552734, 81.1500015258789, 80.5199966430664, 81.75999450683594, 82.0, 81.54000091552734, 80.63999938964844, 81.72999572753906, 82.75999450683594, 82.1500015258789, 82.08999633789062, 82.1199951171875, 82.29999542236328, 82.61000061035156, 82.5, 82.54000091552734, 82.54000091552734, 83.27999877929688, 83.31999969482422, 82.5999984741211, 82.72999572753906, 82.79000091552734, 83.29999542236328, 82.29999542236328, 83.31999969482422, 83.5199966430664, 83.80999755859375, 83.6199951171875, 83.3499984741211, 83.6199951171875, 83.54999542236328, 83.43999481201172, 82.95999908447266, 83.30999755859375, 83.72000122070312, 84.19999694824219, 84.45999908447266, 83.6500015258789, 83.91999816894531, 83.95999908447266, 83.95999908447266, 84.19999694824219, 83.13999938964844, 83.9000015258789, 84.37999725341797, 84.11000061035156, 83.31999969482422, 83.61000061035156, 83.83999633789062, 84.27999877929688, 84.25999450683594, 84.18000030517578, 83.5999984741211, 83.98999786376953, 83.73999786376953, 83.73999786376953, 83.72999572753906, 83.93999481201172, 83.77999877929688, 84.0, 83.43000030517578, 83.93999481201172, 84.07999420166016, 83.5999984741211, 83.73999786376953, 83.8699951171875, 84.16999816894531, 84.08999633789062, 84.16999816894531, 83.70999908447266, 84.23999786376953, 84.50999450683594, 84.3499984741211, 84.33999633789062, 84.25], "epochs": [0, 1, 2, 3, 4, 5, 6, 7, 8, 9, 10, 11, 12, 13, 14, 15, 16, 17, 18, 19, 20, 21, 22, 23, 24, 25, 26, 27, 28, 29, 30, 31, 32, 33, 34, 35, 36, 37, 38, 39, 40, 41, 42, 43, 44, 45, 46, 47, 48, 49, 50, 51, 52, 53, 54, 55, 56, 57, 58, 59, 60, 61, 62, 63, 64, 65, 66, 67, 68, 69, 70, 71, 72, 73, 74, 75, 76, 77, 78, 79, 80, 81, 82, 83, 84, 85, 86, 87, 88, 89, 90, 91, 92, 93, 94, 95, 96, 97, 98, 99]}