{"train_losses": [0.016719192266464233, 0.01492082979530096, 0.01408356986939907, 0.013493269681930542, 0.013063501566648483, 0.012655350379645824, 0.012319505214691162, 0.012071501463651657, 0.011811817064881325, 0.011604866944253445, 0.011367660015821457, 0.011195030063390732, 0.011040124110877514, 0.010885941796004772, 0.010766593739390373, 0.010608323849737644, 0.01046160701662302, 0.010293695144355297, 0.010204780846834183, 0.01007184386253357, 0.009957215748727322, 0.009873230010271072, 0.009724026545882225, 0.009668304584920406, 0.009519835002720356, 0.009439556859433651, 0.009370393119752407, 0.009267122484743595, 0.00919119268655777, 0.009095428511500359, 0.00900030042976141, 0.008898426778614521, 0.008830434642732143, 0.008748462423682213, 0.00867572333663702, 0.008649608120322227, 0.008539652451872826, 0.008477833122015, 0.008432877250015736, 0.008389003574848175, 0.008311837911605835, 0.00827833078801632, 0.008199808187782764, 0.008079280145466328, 0.008098718710243702, 0.008051538839936256, 0.007953045889735222, 0.007919901981949806, 0.007869069464504719, 0.0078121572732925415, 0.007820297963917255, 0.007696258369833231, 0.0076950183138251305, 0.007603382226079702, 0.007560948375612497, 0.007525840308517218, 0.0074468376114964485, 0.007422730326652527, 0.007403066847473383, 0.007346403785049915, 0.007266046013683081, 0.0072427429258823395, 0.007194277830421925, 0.007182168308645487, 0.007082490250468254, 0.0070706140249967575, 0.007054307498037815, 0.0070135812275111675, 0.006972923409193754, 0.006894030142575502, 0.006872105412185192, 0.006828790530562401, 0.006759351585060358, 0.006775515154004097, 0.006722740363329649, 0.006695302668958902, 0.006656871177256107, 0.006595056504011154, 0.00653995294123888, 0.006568456068634987, 0.006469114683568478, 0.0064618466421961784, 0.006437922827899456, 0.006418990436941385, 0.006399674341082573, 0.006321077235043049, 0.006318321917206049, 0.0062780664302408695, 0.006220382638275623, 0.006245248485356569, 0.00619535893201828, 0.006154647562652826, 0.006152518559247255, 0.006101731210947037, 0.006045985501259565, 0.00601122435182333, 0.006005339790135622, 0.005935754626989365, 0.005909218452870846, 0.005913168657571077], "accs": [28.049999237060547, 34.56999969482422, 38.119998931884766, 40.439998626708984, 42.47999954223633, 44.56999969482422, 45.869998931884766, 46.72999954223633, 48.25, 49.27000045776367, 49.98999786376953, 50.14999771118164, 51.27000045776367, 51.96999740600586, 52.72999954223633, 53.15999984741211, 53.69999694824219, 54.25, 54.55999755859375, 54.709999084472656, 55.57999801635742, 55.82999801635742, 56.47999954223633, 56.78999710083008, 57.349998474121094, 57.80999755859375, 58.23999786376953, 58.5, 58.59000015258789, 59.22999954223633, 59.59000015258789, 60.1099967956543, 60.599998474121094, 60.38999938964844, 60.90999984741211, 61.029998779296875, 61.47999954223633, 61.38999938964844, 62.47999954223633, 62.57999801635742, 62.47999954223633, 62.82999801635742, 62.94999694824219, 63.14999771118164, 62.94999694824219, 63.28999710083008, 63.72999954223633, 63.97999954223633, 64.2699966430664, 64.31999969482422, 64.43999481201172, 65.0199966430664, 64.77999877929688, 65.08000183105469, 65.1500015258789, 65.79999542236328, 65.97000122070312, 65.88999938964844, 65.9000015258789, 65.97000122070312, 66.20999908447266, 66.48999786376953, 66.47000122070312, 66.69999694824219, 66.72000122070312, 67.33999633789062, 67.13999938964844, 67.61000061035156, 67.5, 67.97000122070312, 67.66999816894531, 68.20999908447266, 68.25999450683594, 68.43999481201172, 68.23999786376953, 68.6199951171875, 68.31999969482422, 68.55999755859375, 68.8699951171875, 68.79999542236328, 69.04999542236328, 69.3499984741211, 69.11000061035156, 69.22000122070312, 69.27999877929688, 69.44999694824219, 69.62999725341797, 69.65999603271484, 69.75999450683594, 69.55999755859375, 69.83000183105469, 70.08000183105469, 70.11000061035156, 70.36000061035156, 70.08000183105469, 70.29999542236328, 70.36000061035156, 70.36000061035156, 70.5, 70.29999542236328], "epochs": [0, 1, 2, 3, 4, 5, 6, 7, 8, 9, 10, 11, 12, 13, 14, 15, 16, 17, 18, 19, 20, 21, 22, 23, 24, 25, 26, 27, 28, 29, 30, 31, 32, 33, 34, 35, 36, 37, 38, 39, 40, 41, 42, 43, 44, 45, 46, 47, 48, 49, 50, 51, 52, 53, 54, 55, 56, 57, 58, 59, 60, 61, 62, 63, 64, 65, 66, 67, 68, 69, 70, 71, 72, 73, 74, 75, 76, 77, 78, 79, 80, 81, 82, 83, 84, 85, 86, 87, 88, 89, 90, 91, 92, 93, 94, 95, 96, 97, 98, 99]}