{"train_losses": [0.016659077256917953, 0.014494298957288265, 0.013713632710278034, 0.013155123218894005, 0.01274317316710949, 0.012364459224045277, 0.01208401471376419, 0.011842271313071251, 0.011612622998654842, 0.011414771899580956, 0.011245915666222572, 0.011073124594986439, 0.01093658059835434, 0.010758056305348873, 0.01061710063368082, 0.010480238124728203, 0.010376966558396816, 0.010286283679306507, 0.010118609294295311, 0.01001289114356041, 0.00991719402372837, 0.009818492457270622, 0.009690290316939354, 0.009621932171285152, 0.009499513544142246, 0.009450111538171768, 0.00934506393969059, 0.009247152134776115, 0.009156394749879837, 0.009057298302650452, 0.008998549543321133, 0.008887083269655704, 0.008803104981780052, 0.008736551739275455, 0.008666709065437317, 0.008585331030189991, 0.008527721278369427, 0.008458731696009636, 0.008378084748983383, 0.00831671617925167, 0.008220301941037178, 0.008169593289494514, 0.008031634613871574, 0.008060963824391365, 0.007956954650580883, 0.007860234007239342, 0.007806241977959871, 0.007787114009261131, 0.0077294292859733105, 0.00768886087462306, 0.007605239748954773, 0.007501732092350721, 0.0075215441174805164, 0.007419910281896591, 0.007320094853639603, 0.007292787078768015, 0.007253633346408606, 0.007222709711641073, 0.0071773771196603775, 0.007125654723495245, 0.007050328887999058, 0.007009172812104225, 0.006996121257543564, 0.006978258490562439, 0.006913168355822563, 0.006841039285063744, 0.006799902766942978, 0.006749247200787067, 0.006651632953435183, 0.0066497912630438805, 0.0066078738309443, 0.006538305897265673, 0.006534179672598839, 0.006489559542387724, 0.006456308998167515, 0.006439608056098223, 0.006362689193338156, 0.006288412492722273, 0.006285888608545065, 0.006230386905372143, 0.006205362267792225, 0.006180218420922756, 0.006135108415037394, 0.006088076625019312, 0.006043754518032074, 0.006032781675457954, 0.005955071188509464, 0.00593413133174181, 0.0059186979196965694, 0.005869672633707523, 0.005852147005498409, 0.00581543380394578, 0.005811725277453661, 0.005750927608460188, 0.00571054732427001, 0.005651935935020447, 0.005616591777652502, 0.005638299975544214, 0.005594703368842602, 0.005556564312428236], "accs": [31.209999084472656, 37.119998931884766, 40.59000015258789, 42.72999954223633, 44.46999740600586, 45.91999816894531, 47.02000045776367, 48.30999755859375, 49.12999725341797, 49.79999923706055, 50.25, 51.43000030517578, 51.6099967956543, 52.599998474121094, 53.46999740600586, 53.69999694824219, 54.47999954223633, 54.7599983215332, 55.16999816894531, 55.5099983215332, 56.65999984741211, 56.63999938964844, 57.23999786376953, 57.349998474121094, 57.89999771118164, 58.279998779296875, 58.769996643066406, 59.099998474121094, 59.529998779296875, 60.07999801635742, 60.63999938964844, 60.69999694824219, 60.8599967956543, 61.29999923706055, 61.519996643066406, 61.72999954223633, 61.98999786376953, 62.37999725341797, 62.619998931884766, 62.48999786376953, 63.04999923706055, 63.349998474121094, 63.48999786376953, 63.689998626708984, 63.929996490478516, 64.20999908447266, 64.33000183105469, 64.63999938964844, 64.93000030517578, 65.04999542236328, 65.36000061035156, 65.58000183105469, 66.20999908447266, 66.11000061035156, 65.93000030517578, 66.12999725341797, 66.5, 66.8699951171875, 66.75, 66.98999786376953, 67.0199966430664, 67.04000091552734, 67.22999572753906, 67.41999816894531, 67.50999450683594, 67.80999755859375, 67.88999938964844, 67.90999603271484, 68.05999755859375, 68.37999725341797, 68.36000061035156, 68.54000091552734, 68.5199966430664, 68.80999755859375, 68.91999816894531, 68.70999908447266, 68.70999908447266, 68.61000061035156, 68.83000183105469, 69.23999786376953, 68.91999816894531, 69.25999450683594, 69.58999633789062, 69.69999694824219, 69.58999633789062, 69.37999725341797, 69.55999755859375, 69.81999969482422, 69.69999694824219, 70.15999603271484, 70.02999877929688, 69.97999572753906, 69.95999908447266, 70.13999938964844, 70.43999481201172, 70.38999938964844, 70.31999969482422, 70.47000122070312, 70.50999450683594, 70.54000091552734], "epochs": [0, 1, 2, 3, 4, 5, 6, 7, 8, 9, 10, 11, 12, 13, 14, 15, 16, 17, 18, 19, 20, 21, 22, 23, 24, 25, 26, 27, 28, 29, 30, 31, 32, 33, 34, 35, 36, 37, 38, 39, 40, 41, 42, 43, 44, 45, 46, 47, 48, 49, 50, 51, 52, 53, 54, 55, 56, 57, 58, 59, 60, 61, 62, 63, 64, 65, 66, 67, 68, 69, 70, 71, 72, 73, 74, 75, 76, 77, 78, 79, 80, 81, 82, 83, 84, 85, 86, 87, 88, 89, 90, 91, 92, 93, 94, 95, 96, 97, 98, 99]}