{"train_losses": [0.014483300037682056, 0.011172228492796421, 0.009408241137862206, 0.008330143056809902, 0.007493895478546619, 0.00688753928989172, 0.006424184422940016, 0.0060127959586679935, 0.005660080350935459, 0.005452328827232122, 0.005215311888605356, 0.004975952673703432, 0.004818375688046217, 0.004613656084984541, 0.004448621533811092, 0.004316685255616903, 0.0042119440622627735, 0.00406568543985486, 0.0039422097615897655, 0.00394550571218133, 0.003718035761266947, 0.0036642521154135466, 0.0035641570575535297, 0.003487755311653018, 0.0033629306126385927, 0.003323386423289776, 0.003189664799720049, 0.0031207974534481764, 0.003044714918360114, 0.0029808692634105682, 0.002927395747974515, 0.003361667739227414, 0.0029971315525472164, 0.0027465922757983208, 0.0026656044647097588, 0.0026004763785749674, 0.0025576676707714796, 0.002515269909054041, 0.0024888503830879927, 0.0024487802293151617, 0.0023874747566878796, 0.0023234591353684664, 0.002274909056723118, 0.0022338894195854664, 0.0022231796756386757, 0.0021636243909597397, 0.0020994122605770826, 0.002090769587084651, 0.0021080775186419487, 0.0022207351867109537, 0.002007095143198967, 0.001985585317015648, 0.0019260435365140438, 0.0020768174435943365, 0.0020788998808711767, 0.0018843862926587462, 0.0018321018433198333, 0.001797867938876152, 0.0016863024793565273, 0.0017227601492777467, 0.0016920004272833467, 0.0016568810679018497, 0.0016298971604555845, 0.0016363001195713878, 0.0016021124320104718, 0.0015753977932035923, 0.00152297574095428, 0.0015054933028295636, 0.001472150208428502, 0.001503465697169304, 0.0014698597369715571, 0.0023815054446458817, 0.0017269717063754797, 0.0014298013411462307, 0.001357426168397069, 0.001313013257458806, 0.0013124102260917425, 0.0013235715450718999, 0.001303140539675951, 0.0013044722145423293, 0.0013122260570526123, 0.0012863676529377699, 0.0012094468111172318, 0.0012389685725793242, 0.0012161389458924532, 0.0012191004352644086, 0.0011898953234776855, 0.0012005745666101575, 0.0011637656716629863, 0.0011832392774522305, 0.0011396206682547927, 0.0010952637530863285, 0.0010939410421997309, 0.001102214097045362, 0.0011131748324260116, 0.0010701166465878487, 0.0010166446445509791, 0.0010776520939543843, 0.0010120742954313755, 0.0010814816923812032], "accs": [40.689998626708984, 50.5, 58.779998779296875, 65.54999542236328, 67.25999450683594, 69.90999603271484, 72.55999755859375, 72.11000061035156, 74.98999786376953, 75.36000061035156, 76.15999603271484, 77.6199951171875, 77.87999725341797, 77.75999450683594, 78.3699951171875, 78.82999420166016, 79.38999938964844, 78.56999969482422, 79.82999420166016, 79.45999908447266, 81.72000122070312, 81.62999725341797, 81.22000122070312, 81.37999725341797, 82.22999572753906, 82.30999755859375, 82.30999755859375, 83.04000091552734, 82.68999481201172, 82.02999877929688, 70.0999984741211, 80.86000061035156, 83.55999755859375, 82.8499984741211, 83.73999786376953, 83.13999938964844, 83.20999908447266, 83.38999938964844, 84.0999984741211, 83.75, 83.82999420166016, 83.27999877929688, 83.5999984741211, 84.68000030517578, 84.22000122070312, 84.5199966430664, 83.5, 83.75999450683594, 83.91999816894531, 84.6199951171875, 84.05999755859375, 84.82999420166016, 83.6500015258789, 84.0, 84.44999694824219, 83.79000091552734, 84.1500015258789, 85.18999481201172, 84.58999633789062, 84.4000015258789, 84.8699951171875, 85.18999481201172, 84.38999938964844, 84.27999877929688, 84.41999816894531, 84.68999481201172, 84.70999908447266, 84.72999572753906, 84.47000122070312, 84.43999481201172, 84.93000030517578, 82.8499984741211, 84.5199966430664, 85.70999908447266, 85.23999786376953, 84.95999908447266, 84.5199966430664, 84.08999633789062, 85.0, 84.6199951171875, 84.02999877929688, 84.93000030517578, 84.41999816894531, 84.98999786376953, 84.79000091552734, 84.52999877929688, 84.75999450683594, 84.5999984741211, 84.40999603271484, 84.91999816894531, 84.97000122070312, 85.27999877929688, 85.0, 84.68000030517578, 85.05999755859375, 85.33999633789062, 84.50999450683594, 84.5199966430664, 84.87999725341797, 85.00999450683594], "epochs": [0, 1, 2, 3, 4, 5, 6, 7, 8, 9, 10, 11, 12, 13, 14, 15, 16, 17, 18, 19, 20, 21, 22, 23, 24, 25, 26, 27, 28, 29, 30, 31, 32, 33, 34, 35, 36, 37, 38, 39, 40, 41, 42, 43, 44, 45, 46, 47, 48, 49, 50, 51, 52, 53, 54, 55, 56, 57, 58, 59, 60, 61, 62, 63, 64, 65, 66, 67, 68, 69, 70, 71, 72, 73, 74, 75, 76, 77, 78, 79, 80, 81, 82, 83, 84, 85, 86, 87, 88, 89, 90, 91, 92, 93, 94, 95, 96, 97, 98, 99]}