{"train_losses": [0.013605772517621517, 0.011328893713653088, 0.010249832645058632, 0.009456583298742771, 0.008846893906593323, 0.008344262838363647, 0.00786285474896431, 0.007506893947720528, 0.007211054675281048, 0.006869669537991285, 0.006616740021854639, 0.006391433533281088, 0.006178447511047125, 0.006022282410413027, 0.0058233169838786125, 0.005662358365952969, 0.005469367373734713, 0.005322156939655542, 0.005164030473679304, 0.005066709127277136, 0.004904481116682291, 0.004805232863873243, 0.004646735265851021, 0.004551358055323362, 0.004437366966158152, 0.004313336219638586, 0.004219411872327328, 0.0041058799251914024, 0.0040311506018042564, 0.003924053627997637, 0.0037901366595178843, 0.003733051707968116, 0.0036562092136591673, 0.0035809893161058426, 0.003451529424637556, 0.003348034806549549, 0.0033348097931593657, 0.0032500773668289185, 0.003172478871420026, 0.0030873329378664494, 0.003026238875463605, 0.0029135451186448336, 0.0028075166046619415, 0.002819556277245283, 0.002693487098440528, 0.002682250691577792, 0.002605538349598646, 0.0025949394330382347, 0.002494988264515996, 0.002421304816380143, 0.0023455277550965548, 0.0023034352343529463, 0.002278087195008993, 0.002230621175840497, 0.002135953400284052, 0.0021131064277142286, 0.00203627347946167, 0.0020104362629354, 0.0019772436935454607, 0.0019318211125209928, 0.0019102643709629774, 0.0018704516114667058, 0.0018606367520987988, 0.0017635675612837076, 0.0016934648156166077, 0.0016765817999839783, 0.0016356988344341516, 0.0016290422063320875, 0.001558035728521645, 0.001568010076880455, 0.0015541804023087025, 0.0015032050432637334, 0.0014665818307548761, 0.001459222985431552, 0.0013959500938653946, 0.0014141391729936004, 0.0013439893955364823, 0.0013425499200820923, 0.0013095667818561196, 0.0012857583351433277, 0.001291319145821035, 0.0012680782238021493, 0.0012157565215602517, 0.0012040340807288885, 0.0011855966877192259, 0.001190087990835309, 0.0011407253332436085, 0.001140940235927701, 0.0010730281937867403, 0.0011024619452655315, 0.001082253293134272, 0.001036978792399168, 0.0010254168882966042, 0.001058346126228571, 0.001006702077575028, 0.0009747843723744154, 0.0009529208764433861, 0.000957359850872308, 0.0009779698448255658, 0.0009673736058175564], "accs": [46.869998931884766, 51.65999984741211, 56.72999954223633, 59.939998626708984, 62.03999710083008, 64.73999786376953, 65.8699951171875, 66.54000091552734, 68.36000061035156, 70.06999969482422, 70.86000061035156, 71.27999877929688, 71.93999481201172, 73.13999938964844, 72.5199966430664, 74.0, 74.05999755859375, 74.91999816894531, 75.18999481201172, 74.75999450683594, 75.70999908447266, 75.90999603271484, 76.00999450683594, 76.3499984741211, 77.08000183105469, 77.04999542236328, 77.18999481201172, 76.83000183105469, 76.93000030517578, 77.75, 77.25999450683594, 77.7699966430664, 77.6199951171875, 77.93999481201172, 78.0, 78.30999755859375, 77.66999816894531, 78.04999542236328, 77.75999450683594, 78.04999542236328, 78.56999969482422, 78.79999542236328, 77.95999908447266, 79.0199966430664, 78.83999633789062, 79.0199966430664, 79.1500015258789, 78.3499984741211, 79.04999542236328, 78.80999755859375, 79.18000030517578, 79.37999725341797, 78.82999420166016, 79.25, 79.54000091552734, 79.19999694824219, 79.29000091552734, 79.80999755859375, 78.93999481201172, 79.47000122070312, 79.40999603271484, 79.43999481201172, 79.58999633789062, 80.13999938964844, 79.8499984741211, 79.72999572753906, 79.8499984741211, 79.54999542236328, 79.18999481201172, 79.55999755859375, 79.63999938964844, 79.72999572753906, 78.8499984741211, 80.02999877929688, 79.94999694824219, 79.73999786376953, 80.0, 80.06999969482422, 79.95999908447266, 79.77999877929688, 80.06999969482422, 79.8499984741211, 80.19999694824219, 79.87999725341797, 80.18999481201172, 79.88999938964844, 79.93999481201172, 79.32999420166016, 80.02999877929688, 79.97999572753906, 79.57999420166016, 79.8499984741211, 80.12999725341797, 79.72000122070312, 80.12999725341797, 79.73999786376953, 79.68999481201172, 79.9000015258789, 79.8699951171875, 79.47000122070312], "epochs": [0, 1, 2, 3, 4, 5, 6, 7, 8, 9, 10, 11, 12, 13, 14, 15, 16, 17, 18, 19, 20, 21, 22, 23, 24, 25, 26, 27, 28, 29, 30, 31, 32, 33, 34, 35, 36, 37, 38, 39, 40, 41, 42, 43, 44, 45, 46, 47, 48, 49, 50, 51, 52, 53, 54, 55, 56, 57, 58, 59, 60, 61, 62, 63, 64, 65, 66, 67, 68, 69, 70, 71, 72, 73, 74, 75, 76, 77, 78, 79, 80, 81, 82, 83, 84, 85, 86, 87, 88, 89, 90, 91, 92, 93, 94, 95, 96, 97, 98, 99]}