{"train_losses": [0.013549519702792168, 0.011301102116703987, 0.01028537005186081, 0.00956092868000269, 0.00893652718514204, 0.008413814939558506, 0.007974238134920597, 0.007635450456291437, 0.007264773827046156, 0.0070053525269031525, 0.006708274595439434, 0.006501434836536646, 0.0063071781769394875, 0.006068585440516472, 0.005918782204389572, 0.005692429840564728, 0.005542307160794735, 0.005451396573334932, 0.005220050457865, 0.005164024420082569, 0.005003389902412891, 0.004894274286925793, 0.0047721597366034985, 0.004588364623486996, 0.004495497792959213, 0.00443497346714139, 0.0042948126792907715, 0.0041918461211025715, 0.0041039069183170795, 0.004006794188171625, 0.0038978722877800465, 0.003816196694970131, 0.0037469968665391207, 0.003619344672188163, 0.003556535579264164, 0.003449179232120514, 0.003375532105565071, 0.003331113141030073, 0.003201729152351618, 0.0031527108512818813, 0.003076547756791115, 0.0030119214206933975, 0.0029259242583066225, 0.002901366213336587, 0.0028023081831634045, 0.0027081589214503765, 0.0026547375600785017, 0.002603447763249278, 0.0025628372095525265, 0.0025062153581529856, 0.0024268936831504107, 0.002339236671105027, 0.002278692787513137, 0.0022470876574516296, 0.0021873649675399065, 0.0021514720283448696, 0.0021154351998120546, 0.002054741373285651, 0.0020142593421041965, 0.0020309060346335173, 0.0019143440295010805, 0.0018337994115427136, 0.0018484160536900163, 0.0018486077897250652, 0.001771025825291872, 0.001691127079539001, 0.0017085764557123184, 0.0016650689067319036, 0.001624798052944243, 0.0015689205611124635, 0.0015905792824923992, 0.0014974408550187945, 0.0015113836852833629, 0.0014964943984523416, 0.0014217507559806108, 0.0014036564389243722, 0.0014130889903753996, 0.0013149024453014135, 0.0013303076848387718, 0.0012874158564954996, 0.001248150016181171, 0.0012497165007516742, 0.0012937342980876565, 0.0012080487795174122, 0.0011937883682549, 0.0011588097549974918, 0.0011678902665153146, 0.001130102900788188, 0.001180848921649158, 0.0011222800239920616, 0.001049768878147006, 0.0010736132971942425, 0.0010834949789568782, 0.0010143853724002838, 0.00102442956995219, 0.001040397328324616, 0.0009847847977653146, 0.0009959074668586254, 0.0009763287962414324, 0.0009154544677585363], "accs": [47.44999694824219, 53.16999816894531, 56.279998779296875, 59.90999984741211, 62.3599967956543, 64.47000122070312, 66.0999984741211, 67.04000091552734, 68.95999908447266, 69.04000091552734, 69.30999755859375, 71.23999786376953, 71.48999786376953, 71.83999633789062, 72.27999877929688, 73.3499984741211, 73.93000030517578, 74.0999984741211, 74.1500015258789, 75.1199951171875, 74.95999908447266, 75.75, 75.65999603271484, 75.7699966430664, 75.87999725341797, 77.08999633789062, 76.33999633789062, 77.3699951171875, 76.9000015258789, 76.61000061035156, 77.54999542236328, 77.52999877929688, 77.62999725341797, 77.11000061035156, 77.54000091552734, 77.3499984741211, 77.22999572753906, 78.18000030517578, 77.68999481201172, 78.04000091552734, 78.08999633789062, 78.06999969482422, 78.57999420166016, 77.9000015258789, 78.37999725341797, 79.08999633789062, 78.97999572753906, 78.40999603271484, 78.37999725341797, 78.0999984741211, 78.57999420166016, 78.79999542236328, 78.3499984741211, 78.2699966430664, 79.04000091552734, 78.61000061035156, 79.22000122070312, 78.54999542236328, 78.8699951171875, 79.43000030517578, 79.25999450683594, 79.6199951171875, 78.88999938964844, 78.8699951171875, 78.37999725341797, 79.22000122070312, 79.2699966430664, 78.47000122070312, 78.91999816894531, 78.58999633789062, 79.1199951171875, 78.91999816894531, 79.27999877929688, 78.97000122070312, 79.0999984741211, 79.1500015258789, 79.12999725341797, 79.8499984741211, 79.43999481201172, 79.19999694824219, 79.29999542236328, 78.8699951171875, 78.72000122070312, 79.13999938964844, 79.54000091552734, 79.36000061035156, 79.1199951171875, 78.79000091552734, 79.75, 79.87999725341797, 79.38999938964844, 79.61000061035156, 79.68000030517578, 79.22000122070312, 79.37999725341797, 79.11000061035156, 79.22999572753906, 79.16999816894531, 79.3499984741211, 80.18000030517578], "epochs": [0, 1, 2, 3, 4, 5, 6, 7, 8, 9, 10, 11, 12, 13, 14, 15, 16, 17, 18, 19, 20, 21, 22, 23, 24, 25, 26, 27, 28, 29, 30, 31, 32, 33, 34, 35, 36, 37, 38, 39, 40, 41, 42, 43, 44, 45, 46, 47, 48, 49, 50, 51, 52, 53, 54, 55, 56, 57, 58, 59, 60, 61, 62, 63, 64, 65, 66, 67, 68, 69, 70, 71, 72, 73, 74, 75, 76, 77, 78, 79, 80, 81, 82, 83, 84, 85, 86, 87, 88, 89, 90, 91, 92, 93, 94, 95, 96, 97, 98, 99]}