{"train_losses": [0.012125473469495773, 0.009217241778969765, 0.007886764593422413, 0.007071584928780794, 0.006548146717250347, 0.006058859173208475, 0.005673641804605722, 0.0054343524388968945, 0.00516666192561388, 0.004932256881147623, 0.004675733391195536, 0.004514527507126331, 0.004399264696985483, 0.00421513244509697, 0.004092480521649122, 0.003974477760493755, 0.003829681547358632, 0.0037204832769930363, 0.0036084328312426805, 0.003513486124575138, 0.0034174001775681973, 0.0033143542241305113, 0.0032157625537365675, 0.0031516875606030226, 0.003039086004719138, 0.003007653634995222, 0.0028621398378163576, 0.0028218920342624187, 0.002766498364508152, 0.0027004326693713665, 0.0026340989861637354, 0.0025628008879721165, 0.002514284336939454, 0.0024233029689639807, 0.0023768357932567596, 0.002368796616792679, 0.002254468621686101, 0.0022092259023338556, 0.002181381219998002, 0.0021274934988468885, 0.002088438021019101, 0.0020422209054231644, 0.001991673605516553, 0.00196449039503932, 0.0019122802186757326, 0.001898420974612236, 0.001842325204052031, 0.0018032623920589685, 0.001769874943420291, 0.0017256782157346606, 0.0016947885742411017, 0.0016515942988917232, 0.0016005380311980844, 0.00158683059271425, 0.001543280086480081, 0.0015204786323010921, 0.0015078342985361814, 0.001497982651926577, 0.0014398429775610566, 0.001435392419807613, 0.001384682604111731, 0.001376503612846136, 0.001398349879309535, 0.001308790990151465, 0.0012677524937316775, 0.0012532861437648535, 0.0012404471635818481, 0.0012628608383238316, 0.0012175956508144736, 0.0011829781578853726, 0.0011606691405177116, 0.0011795846512541175, 0.0011606159387156367, 0.001139728701673448, 0.0010785232298076153, 0.0011082729324698448, 0.0010496418690308928, 0.0010695878881961107, 0.0010839449241757393, 0.0010451837442815304, 0.0010449332185089588, 0.0010037663159891963, 0.0009769094176590443, 0.0009314705384895205, 0.0009675378678366542, 0.0009513174300082028, 0.0009348338353447616, 0.0009383431752212346, 0.0009034196846187115, 0.0008857231587171555, 0.0008766207029111683, 0.0008699040045030415, 0.0008502212585881352, 0.0008842053939588368, 0.0008048149757087231, 0.0008437526412308216, 0.0008524032891727984, 0.0008312168647535145, 0.0008122043218463659, 0.0008161927689798176], "accs": [53.099998474121094, 60.189998626708984, 66.47999572753906, 67.98999786376953, 70.80999755859375, 73.73999786376953, 73.29000091552734, 74.61000061035156, 76.61000061035156, 78.0, 77.20999908447266, 78.83999633789062, 78.04000091552734, 79.08999633789062, 78.43999481201172, 80.0, 80.83999633789062, 80.73999786376953, 79.44999694824219, 80.8699951171875, 81.56999969482422, 81.32999420166016, 82.29000091552734, 81.8499984741211, 82.6199951171875, 81.38999938964844, 82.68000030517578, 82.47999572753906, 82.73999786376953, 82.52999877929688, 83.06999969482422, 82.95999908447266, 83.19999694824219, 83.47000122070312, 83.0199966430664, 82.73999786376953, 83.9000015258789, 83.91999816894531, 84.04999542236328, 83.43999481201172, 84.25999450683594, 83.75999450683594, 83.18000030517578, 83.48999786376953, 83.88999938964844, 83.54000091552734, 84.18000030517578, 83.8499984741211, 83.8499984741211, 84.0199966430664, 83.52999877929688, 84.3699951171875, 84.0999984741211, 84.05999755859375, 84.62999725341797, 84.47000122070312, 84.6500015258789, 83.95999908447266, 84.31999969482422, 84.8699951171875, 84.45999908447266, 84.66999816894531, 84.41999816894531, 84.5, 84.3499984741211, 83.77999877929688, 84.32999420166016, 84.25999450683594, 84.06999969482422, 84.63999938964844, 84.40999603271484, 84.32999420166016, 84.68999481201172, 84.45999908447266, 84.82999420166016, 85.1500015258789, 84.18999481201172, 85.08999633789062, 84.80999755859375, 84.41999816894531, 84.50999450683594, 84.55999755859375, 84.52999877929688, 84.5199966430664, 84.5, 84.72000122070312, 85.13999938964844, 84.75999450683594, 85.06999969482422, 85.06999969482422, 84.47999572753906, 84.69999694824219, 84.6500015258789, 85.43000030517578, 85.0199966430664, 84.6199951171875, 84.70999908447266, 85.13999938964844, 85.25999450683594, 84.72999572753906], "epochs": [0, 1, 2, 3, 4, 5, 6, 7, 8, 9, 10, 11, 12, 13, 14, 15, 16, 17, 18, 19, 20, 21, 22, 23, 24, 25, 26, 27, 28, 29, 30, 31, 32, 33, 34, 35, 36, 37, 38, 39, 40, 41, 42, 43, 44, 45, 46, 47, 48, 49, 50, 51, 52, 53, 54, 55, 56, 57, 58, 59, 60, 61, 62, 63, 64, 65, 66, 67, 68, 69, 70, 71, 72, 73, 74, 75, 76, 77, 78, 79, 80, 81, 82, 83, 84, 85, 86, 87, 88, 89, 90, 91, 92, 93, 94, 95, 96, 97, 98, 99]}