{"train_losses": [0.01210369635373354, 0.009267829358577728, 0.007929117418825626, 0.00717358011752367, 0.006533373147249222, 0.006126123480498791, 0.005748400930315256, 0.00544197391718626, 0.0051169260405004025, 0.004948826972395182, 0.004763560835272074, 0.004552112426608801, 0.00438598170876503, 0.0042603206820786, 0.0040823123417794704, 0.0039709885604679585, 0.00383011344820261, 0.0037057565059512854, 0.0036226517986506224, 0.0035087948199361563, 0.003415704006329179, 0.0032921950332820415, 0.0032484745606780052, 0.00313677079975605, 0.003047398990020156, 0.002990278648212552, 0.0028627594001591206, 0.002827947959303856, 0.0027691377326846123, 0.0027147692162543535, 0.0026331781409680843, 0.002570139477029443, 0.002529050223529339, 0.0024493937380611897, 0.002407450694590807, 0.0023270659148693085, 0.0022813142277300358, 0.0022122880909591913, 0.002153553068637848, 0.0021662372164428234, 0.0020767964888364077, 0.0020549017935991287, 0.001984488684684038, 0.001970192650333047, 0.0019345697946846485, 0.0018966963980346918, 0.0018109024967998266, 0.001795603078790009, 0.001755808829329908, 0.0017405173275619745, 0.0016839129384607077, 0.0016636563232168555, 0.0016549311112612486, 0.0015989926178008318, 0.001568140578456223, 0.001506483880802989, 0.0015027030603960156, 0.0014795870520174503, 0.001449819654226303, 0.001440434018149972, 0.0014410363510251045, 0.0013764820760115981, 0.0013716932153329253, 0.0013342455495148897, 0.0013165799900889397, 0.0012961991596966982, 0.0012587476521730423, 0.0012309118174016476, 0.0012048716889694333, 0.0012067934731021523, 0.0012017864501103759, 0.0011542191496118903, 0.0011593413073569536, 0.0011251887772232294, 0.0011206185445189476, 0.0010919183259829879, 0.0011252369731664658, 0.0010840471368283033, 0.0010606819996610284, 0.0010237459791824222, 0.0010210807668045163, 0.0010201233671978116, 0.0010071633150801063, 0.0009714363841339946, 0.0009366656304337084, 0.0009831745410338044, 0.0009531676769256592, 0.0009373250068165362, 0.0009323061094619334, 0.0009021463338285685, 0.0009267193963751197, 0.0008834369364194572, 0.0009096951689571142, 0.0008772527799010277, 0.000864753033965826, 0.0008813938475213945, 0.0008180743898265064, 0.0008096751407720149, 0.0008385807741433382, 0.0007836560835130513], "accs": [53.439998626708984, 61.56999969482422, 66.27999877929688, 71.3699951171875, 69.93000030517578, 73.5, 75.40999603271484, 73.95999908447266, 75.45999908447266, 78.29000091552734, 79.08999633789062, 78.16999816894531, 77.45999908447266, 77.45999908447266, 80.05999755859375, 80.77999877929688, 80.4000015258789, 81.3499984741211, 80.79999542236328, 81.18000030517578, 82.0999984741211, 81.45999908447266, 82.2699966430664, 81.47999572753906, 82.3699951171875, 81.86000061035156, 82.98999786376953, 82.31999969482422, 82.75999450683594, 82.38999938964844, 82.23999786376953, 82.70999908447266, 83.18999481201172, 83.05999755859375, 82.9000015258789, 83.65999603271484, 83.12999725341797, 84.25999450683594, 83.25999450683594, 83.31999969482422, 83.29999542236328, 83.43000030517578, 83.77999877929688, 84.04999542236328, 83.54999542236328, 84.29000091552734, 83.93000030517578, 84.73999786376953, 84.9000015258789, 83.79999542236328, 84.22000122070312, 84.00999450683594, 84.27999877929688, 84.3699951171875, 84.5199966430664, 84.18000030517578, 84.0199966430664, 84.23999786376953, 84.3699951171875, 84.5, 84.1500015258789, 84.1500015258789, 84.5199966430664, 83.57999420166016, 84.61000061035156, 84.98999786376953, 84.00999450683594, 84.0199966430664, 84.19999694824219, 84.5199966430664, 84.68000030517578, 84.55999755859375, 84.16999816894531, 84.70999908447266, 84.11000061035156, 83.86000061035156, 83.6500015258789, 84.75, 85.33999633789062, 84.65999603271484, 84.82999420166016, 84.55999755859375, 84.79999542236328, 84.05999755859375, 83.75999450683594, 85.18000030517578, 84.5999984741211, 84.40999603271484, 84.36000061035156, 84.25, 84.30999755859375, 85.04000091552734, 84.70999908447266, 84.11000061035156, 84.79000091552734, 84.63999938964844, 84.62999725341797, 84.56999969482422, 84.87999725341797, 84.06999969482422], "epochs": [0, 1, 2, 3, 4, 5, 6, 7, 8, 9, 10, 11, 12, 13, 14, 15, 16, 17, 18, 19, 20, 21, 22, 23, 24, 25, 26, 27, 28, 29, 30, 31, 32, 33, 34, 35, 36, 37, 38, 39, 40, 41, 42, 43, 44, 45, 46, 47, 48, 49, 50, 51, 52, 53, 54, 55, 56, 57, 58, 59, 60, 61, 62, 63, 64, 65, 66, 67, 68, 69, 70, 71, 72, 73, 74, 75, 76, 77, 78, 79, 80, 81, 82, 83, 84, 85, 86, 87, 88, 89, 90, 91, 92, 93, 94, 95, 96, 97, 98, 99]}