{"train_losses": [0.018799517303705215, 0.017841888591647148, 0.01722734607756138, 0.016807476058602333, 0.016444984823465347, 0.016172103583812714, 0.01590804010629654, 0.015728039667010307, 0.015542990528047085, 0.01534540019929409, 0.015193233266472816, 0.015077328309416771, 0.014940233901143074, 0.014828881248831749, 0.014721955172717571, 0.014609167352318764, 0.014498867094516754, 0.014383728615939617, 0.01433451659977436, 0.0142254289239645, 0.014174246229231358, 0.014053994789719582, 0.013978637754917145, 0.01390456035733223, 0.013833573088049889, 0.013787390664219856, 0.013720246031880379, 0.01361200399696827, 0.013562352396547794, 0.013466793112456799, 0.013429639860987663, 0.013369235210120678, 0.013315754942595959, 0.013227800838649273, 0.013162336312234402, 0.01314971037209034, 0.013080732896924019, 0.013061020523309708, 0.012987497262656689, 0.01292011234909296, 0.012896634638309479, 0.01288826484233141, 0.012815629132091999, 0.012769930996000767, 0.01272501889616251, 0.01270329114049673, 0.012618501670658588, 0.012573334388434887, 0.012526202015578747, 0.012521062977612019, 0.012490443885326385, 0.01243949681520462, 0.012414708733558655, 0.012351751327514648, 0.01235145516693592, 0.012257278896868229, 0.01224268414080143, 0.012233427725732327, 0.012175623327493668, 0.012160340324044228, 0.012120460160076618, 0.012081442400813103, 0.012079372070729733, 0.012030420824885368, 0.011961088515818119, 0.011978776194155216, 0.011951318942010403, 0.011901035904884338, 0.011873629875481129, 0.011858664453029633, 0.011832972057163715, 0.011804099194705486, 0.011719918809831142, 0.01173437386751175, 0.011692280881106853, 0.01167516689747572, 0.011668937280774117, 0.011584469117224216, 0.011612093076109886, 0.011581141501665115, 0.011523966677486897, 0.01151397917419672, 0.011507948860526085, 0.01144250575453043, 0.011450202204287052, 0.011452817358076572, 0.011414948850870132, 0.011406295001506805, 0.011363147757947445, 0.011387083679437637, 0.01131505612283945, 0.01129743829369545, 0.011266672983765602, 0.011238167062401772, 0.01121007651090622, 0.01119348593056202, 0.011209596879780293, 0.011187929660081863, 0.011162159033119678, 0.011124206706881523], "accs": [13.75999927520752, 17.709999084472656, 20.44999885559082, 22.479999542236328, 23.959999084472656, 25.25, 26.34000015258789, 27.19999885559082, 28.60999870300293, 29.309999465942383, 29.78999900817871, 30.85999870300293, 31.279998779296875, 31.92999839782715, 32.82999801635742, 33.38999938964844, 33.88999938964844, 34.369998931884766, 34.97999954223633, 35.75, 36.13999938964844, 36.54999923706055, 36.81999969482422, 37.5099983215332, 37.93000030517578, 38.279998779296875, 38.57999801635742, 38.81999969482422, 39.39999771118164, 39.39999771118164, 40.0, 40.279998779296875, 40.54999923706055, 40.779998779296875, 41.02000045776367, 41.40999984741211, 41.43000030517578, 41.36000061035156, 42.20000076293945, 42.279998779296875, 42.46999740600586, 42.63999938964844, 42.80999755859375, 43.04999923706055, 43.2599983215332, 43.47999954223633, 43.63999938964844, 43.939998626708984, 44.09000015258789, 44.30999755859375, 44.279998779296875, 45.03999710083008, 45.029998779296875, 45.02000045776367, 45.21999740600586, 45.54999923706055, 45.65999984741211, 45.68000030517578, 45.91999816894531, 46.03999710083008, 46.07999801635742, 46.279998779296875, 46.55999755859375, 46.80999755859375, 46.77000045776367, 46.869998931884766, 46.90999984741211, 47.23999786376953, 47.2599983215332, 47.62999725341797, 47.689998626708984, 47.72999954223633, 48.0099983215332, 47.98999786376953, 48.04999923706055, 48.41999816894531, 48.209999084472656, 48.54999923706055, 48.64999771118164, 48.47999954223633, 48.619998931884766, 48.84000015258789, 48.97999954223633, 48.939998626708984, 49.13999938964844, 49.25, 49.18000030517578, 49.599998474121094, 49.57999801635742, 49.65999984741211, 49.79999923706055, 49.88999938964844, 49.96999740600586, 50.03999710083008, 50.06999969482422, 49.68000030517578, 50.19999694824219, 50.13999938964844, 50.28999710083008, 50.28999710083008], "epochs": [0, 1, 2, 3, 4, 5, 6, 7, 8, 9, 10, 11, 12, 13, 14, 15, 16, 17, 18, 19, 20, 21, 22, 23, 24, 25, 26, 27, 28, 29, 30, 31, 32, 33, 34, 35, 36, 37, 38, 39, 40, 41, 42, 43, 44, 45, 46, 47, 48, 49, 50, 51, 52, 53, 54, 55, 56, 57, 58, 59, 60, 61, 62, 63, 64, 65, 66, 67, 68, 69, 70, 71, 72, 73, 74, 75, 76, 77, 78, 79, 80, 81, 82, 83, 84, 85, 86, 87, 88, 89, 90, 91, 92, 93, 94, 95, 96, 97, 98, 99]}