{"train_losses": [0.019263841211795807, 0.01827281154692173, 0.017621617764234543, 0.01708364300429821, 0.016694391146302223, 0.01635003089904785, 0.016081146895885468, 0.015831852331757545, 0.015607022680342197, 0.015460175462067127, 0.015270726755261421, 0.015124218538403511, 0.014985904097557068, 0.014840256422758102, 0.014743528328835964, 0.014635835774242878, 0.014517283998429775, 0.014432501047849655, 0.01435341127216816, 0.01427545864135027, 0.014182261191308498, 0.014074872247874737, 0.014038724824786186, 0.01393117755651474, 0.013824761845171452, 0.013768037781119347, 0.013725909404456615, 0.01366253849118948, 0.013601585291326046, 0.013502178713679314, 0.013446557335555553, 0.01336714718490839, 0.013327245600521564, 0.013311230577528477, 0.013223483227193356, 0.013207404874265194, 0.013118037953972816, 0.013136414811015129, 0.013057282194495201, 0.012966256588697433, 0.012986606918275356, 0.012879558838903904, 0.012887733988463879, 0.012816056609153748, 0.012772978283464909, 0.012736654840409756, 0.012705701403319836, 0.012627681717276573, 0.012609886936843395, 0.01256483606994152, 0.012547649443149567, 0.012508478946983814, 0.012486298568546772, 0.012436565943062305, 0.012334540486335754, 0.012355607934296131, 0.012334289029240608, 0.012295752763748169, 0.01228655967861414, 0.012243453413248062, 0.012198036536574364, 0.012211373075842857, 0.012130818329751492, 0.012100555002689362, 0.012098779901862144, 0.012044242583215237, 0.012041945941746235, 0.012009646743535995, 0.011993836611509323, 0.01195212360471487, 0.011892780661582947, 0.011906679719686508, 0.011881652288138866, 0.011876152828335762, 0.01181728858500719, 0.011809025891125202, 0.011752370744943619, 0.011724183335900307, 0.011717662215232849, 0.011746685951948166, 0.01167578436434269, 0.01166260614991188, 0.011619500815868378, 0.011598576791584492, 0.011616969481110573, 0.011550485156476498, 0.011519507504999638, 0.011521486565470695, 0.011454634368419647, 0.011501469649374485, 0.01146430429071188, 0.01142844744026661, 0.011441979557275772, 0.011385207064449787, 0.011399062350392342, 0.011359484866261482, 0.01133526861667633, 0.011310076341032982, 0.011292991228401661, 0.011261245235800743], "accs": [13.170000076293945, 16.260000228881836, 18.85999870300293, 21.26999855041504, 23.51999855041504, 24.969999313354492, 27.149999618530273, 28.260000228881836, 29.17999839782715, 30.06999969482422, 31.0, 31.5, 32.439998626708984, 33.40999984741211, 33.45000076293945, 34.34000015258789, 35.02000045776367, 35.34000015258789, 35.709999084472656, 36.02000045776367, 36.30999755859375, 36.47999954223633, 36.95000076293945, 37.54999923706055, 37.77000045776367, 38.349998474121094, 38.7599983215332, 38.81999969482422, 39.20000076293945, 39.55999755859375, 40.31999969482422, 40.06999969482422, 40.779998779296875, 40.80999755859375, 41.09000015258789, 41.11000061035156, 41.84000015258789, 41.71999740600586, 42.099998474121094, 42.119998931884766, 42.66999816894531, 42.97999954223633, 43.34000015258789, 43.06999969482422, 43.20000076293945, 43.709999084472656, 43.79999923706055, 44.05999755859375, 44.27000045776367, 43.71999740600586, 44.2599983215332, 44.68000030517578, 44.62999725341797, 45.16999816894531, 45.16999816894531, 45.619998931884766, 45.28999710083008, 45.79999923706055, 45.54999923706055, 45.89999771118164, 45.79999923706055, 45.98999786376953, 46.38999938964844, 46.459999084472656, 46.619998931884766, 46.529998779296875, 47.06999969482422, 46.849998474121094, 47.14999771118164, 47.2599983215332, 47.57999801635742, 47.43000030517578, 47.5, 47.55999755859375, 47.57999801635742, 47.66999816894531, 47.98999786376953, 47.97999954223633, 48.119998931884766, 48.19999694824219, 48.44999694824219, 48.459999084472656, 48.46999740600586, 48.619998931884766, 48.77000045776367, 48.80999755859375, 48.68000030517578, 48.93000030517578, 48.91999816894531, 49.209999084472656, 49.13999938964844, 49.0099983215332, 49.439998626708984, 49.5, 49.44999694824219, 49.689998626708984, 49.72999954223633, 49.709999084472656, 49.88999938964844, 49.88999938964844], "epochs": [0, 1, 2, 3, 4, 5, 6, 7, 8, 9, 10, 11, 12, 13, 14, 15, 16, 17, 18, 19, 20, 21, 22, 23, 24, 25, 26, 27, 28, 29, 30, 31, 32, 33, 34, 35, 36, 37, 38, 39, 40, 41, 42, 43, 44, 45, 46, 47, 48, 49, 50, 51, 52, 53, 54, 55, 56, 57, 58, 59, 60, 61, 62, 63, 64, 65, 66, 67, 68, 69, 70, 71, 72, 73, 74, 75, 76, 77, 78, 79, 80, 81, 82, 83, 84, 85, 86, 87, 88, 89, 90, 91, 92, 93, 94, 95, 96, 97, 98, 99]}