{"train_losses": [0.016821591183543205, 0.014819596894085407, 0.013915964402258396, 0.013364480808377266, 0.012928517535328865, 0.012524579651653767, 0.012258720584213734, 0.011966210789978504, 0.011764256283640862, 0.011557430028915405, 0.011377794668078423, 0.011209200136363506, 0.011022064834833145, 0.010873332619667053, 0.010686343535780907, 0.010585141368210316, 0.010405834764242172, 0.010318423621356487, 0.010201681405305862, 0.010069926269352436, 0.009951378218829632, 0.009806412272155285, 0.009721759706735611, 0.00958711002022028, 0.009456096217036247, 0.009384091012179852, 0.00926006305962801, 0.009179001674056053, 0.009038624353706837, 0.008974969387054443, 0.00888453796505928, 0.008824117481708527, 0.00873236358165741, 0.008635164238512516, 0.008526364341378212, 0.008452738635241985, 0.008408487774431705, 0.008326103910803795, 0.00824945978820324, 0.008177333511412144, 0.008110331371426582, 0.008027664385735989, 0.007975960150361061, 0.007908221334218979, 0.007810905110090971, 0.0077363429591059685, 0.0077225021086633205, 0.007641736418008804, 0.007586111314594746, 0.007507022935897112, 0.0074798972345888615, 0.007428320590406656, 0.007364937569946051, 0.007312001194804907, 0.00722924992442131, 0.007212469819933176, 0.0071591162122786045, 0.007084805052727461, 0.0070517282001674175, 0.007006920408457518, 0.006907278671860695, 0.0069191488437354565, 0.006852028425782919, 0.006790549028664827, 0.006763245910406113, 0.006705524865537882, 0.006691044196486473, 0.0066290972754359245, 0.0065888348035514355, 0.006552910432219505, 0.006443918216973543, 0.006480057258158922, 0.006455417722463608, 0.006378160789608955, 0.006330590695142746, 0.006274846848100424, 0.006257778033614159, 0.006191710010170937, 0.006179927848279476, 0.006164500955492258, 0.006095370277762413, 0.006068154238164425, 0.00604288699105382, 0.0059835705906152725, 0.005963992793112993, 0.005926690995693207, 0.005905907601118088, 0.005850522313266993, 0.005817309021949768, 0.005804975982755423, 0.005733169615268707, 0.005727996118366718, 0.005705119576305151, 0.005646842531859875, 0.005666064098477364, 0.005577683448791504, 0.005539060104638338, 0.005527840927243233, 0.005511690396815538, 0.005438815802335739], "accs": [29.389999389648438, 35.81999969482422, 38.7599983215332, 41.86000061035156, 43.34000015258789, 45.18000030517578, 46.37999725341797, 47.66999816894531, 48.09000015258789, 48.90999984741211, 49.66999816894531, 50.529998779296875, 51.16999816894531, 51.80999755859375, 52.66999816894531, 53.46999740600586, 54.09000015258789, 54.73999786376953, 55.39999771118164, 55.8599967956543, 56.34000015258789, 56.82999801635742, 57.279998779296875, 57.81999969482422, 57.82999801635742, 58.40999984741211, 59.119998931884766, 58.81999969482422, 59.38999938964844, 59.849998474121094, 60.28999710083008, 60.63999938964844, 60.73999786376953, 61.46999740600586, 61.54999923706055, 61.779998779296875, 62.09000015258789, 62.43000030517578, 62.59000015258789, 62.73999786376953, 63.1099967956543, 63.54999923706055, 63.81999969482422, 63.94999694824219, 64.04000091552734, 64.1500015258789, 64.51000213623047, 64.69999694824219, 65.0, 65.43999481201172, 65.66999816894531, 65.8499984741211, 65.80999755859375, 65.88999938964844, 66.37999725341797, 66.7699966430664, 66.56999969482422, 66.79000091552734, 66.81999969482422, 66.98999786376953, 67.47999572753906, 67.29000091552734, 67.4000015258789, 67.7699966430664, 67.93000030517578, 68.30999755859375, 67.91999816894531, 68.36000061035156, 68.19999694824219, 68.47000122070312, 68.54999542236328, 68.8699951171875, 68.70999908447266, 68.81999969482422, 68.8499984741211, 69.31999969482422, 68.97999572753906, 69.36000061035156, 69.58000183105469, 69.33999633789062, 69.56999969482422, 69.52999877929688, 69.43000030517578, 70.02999877929688, 70.05999755859375, 70.04000091552734, 69.83999633789062, 69.88999938964844, 70.33000183105469, 69.83999633789062, 70.27999877929688, 70.2699966430664, 70.33999633789062, 70.38999938964844, 70.47999572753906, 70.6199951171875, 70.58000183105469, 70.91999816894531, 70.79000091552734, 70.87999725341797], "epochs": [0, 1, 2, 3, 4, 5, 6, 7, 8, 9, 10, 11, 12, 13, 14, 15, 16, 17, 18, 19, 20, 21, 22, 23, 24, 25, 26, 27, 28, 29, 30, 31, 32, 33, 34, 35, 36, 37, 38, 39, 40, 41, 42, 43, 44, 45, 46, 47, 48, 49, 50, 51, 52, 53, 54, 55, 56, 57, 58, 59, 60, 61, 62, 63, 64, 65, 66, 67, 68, 69, 70, 71, 72, 73, 74, 75, 76, 77, 78, 79, 80, 81, 82, 83, 84, 85, 86, 87, 88, 89, 90, 91, 92, 93, 94, 95, 96, 97, 98, 99]}