{"train_losses": [0.013712244108319283, 0.011485448107123375, 0.010449333116412163, 0.009633360430598259, 0.008902054280042648, 0.0083906976506114, 0.007925744168460369, 0.007579785771667957, 0.007269784342497587, 0.006954805925488472, 0.00672373129054904, 0.006463862955570221, 0.006271278951317072, 0.006073630414903164, 0.005904300604015589, 0.0057196905836462975, 0.005550005938857794, 0.005375633481889963, 0.005247756373137236, 0.005145185627043247, 0.005011128727346659, 0.004844126291573048, 0.0047668348997831345, 0.004597475752234459, 0.00448219757527113, 0.004439911805093288, 0.004290285985916853, 0.004181249067187309, 0.004092652350664139, 0.003998361527919769, 0.003887811442837119, 0.0038019362837076187, 0.0037371122743934393, 0.003617150243371725, 0.003539083758369088, 0.003463760484009981, 0.00340255512855947, 0.0032783611677587032, 0.003229272784665227, 0.0031681936234235764, 0.0030669793486595154, 0.00301472470164299, 0.0029084905982017517, 0.00288761337287724, 0.002785725751891732, 0.002733446191996336, 0.0026449081487953663, 0.0026109404861927032, 0.0025476841256022453, 0.0024610182736068964, 0.002426052000373602, 0.0023902987595647573, 0.0023208828642964363, 0.002251526340842247, 0.002200016053393483, 0.0021203462965786457, 0.0021524005569517612, 0.0020600364077836275, 0.0019764427561312914, 0.001963607966899872, 0.001926557277329266, 0.0018630098784342408, 0.0018694287864491343, 0.0017774732550606132, 0.0017894447082653642, 0.0017109256004914641, 0.001677132211625576, 0.001666152966208756, 0.0015948994550853968, 0.0015737758949398994, 0.0015107757644727826, 0.0015496928244829178, 0.0015195757150650024, 0.0015018630074337125, 0.001400316134095192, 0.001391656813211739, 0.0013781129382550716, 0.0013638455420732498, 0.0013549752766266465, 0.0013048028340563178, 0.0013018037425354123, 0.001286230282858014, 0.0012116357684135437, 0.001250379835255444, 0.0011856926139444113, 0.0011748353717848659, 0.001177178113721311, 0.001164633547887206, 0.0011172171216458082, 0.001107608200982213, 0.0010393039556220174, 0.001072716899216175, 0.0010618303203955293, 0.001035128254443407, 0.0010408248053863645, 0.0010065191891044378, 0.0009759450913406909, 0.0010034439619630575, 0.0009156364831142128, 0.0009429038036614656], "accs": [44.72999954223633, 51.46999740600586, 56.02000045776367, 59.71999740600586, 62.23999786376953, 64.22999572753906, 65.6199951171875, 66.98999786376953, 68.63999938964844, 69.5999984741211, 69.6199951171875, 70.98999786376953, 70.80999755859375, 71.4000015258789, 73.20999908447266, 73.16999816894531, 73.75, 73.90999603271484, 73.94999694824219, 74.75999450683594, 74.98999786376953, 75.20999908447266, 75.68000030517578, 75.77999877929688, 75.9000015258789, 76.79999542236328, 76.86000061035156, 77.08999633789062, 77.12999725341797, 76.79999542236328, 77.06999969482422, 76.97999572753906, 77.69999694824219, 77.45999908447266, 77.62999725341797, 77.83999633789062, 77.83999633789062, 78.22000122070312, 78.08000183105469, 78.04999542236328, 78.37999725341797, 78.55999755859375, 78.57999420166016, 78.18000030517578, 78.83999633789062, 78.5999984741211, 78.6199951171875, 78.94999694824219, 78.97000122070312, 78.82999420166016, 78.5199966430664, 78.54999542236328, 78.90999603271484, 78.93999481201172, 78.65999603271484, 78.72999572753906, 78.7699966430664, 78.81999969482422, 78.88999938964844, 79.43000030517578, 79.05999755859375, 79.29000091552734, 79.0199966430664, 79.37999725341797, 78.65999603271484, 78.8499984741211, 78.75, 78.94999694824219, 78.93000030517578, 79.30999755859375, 78.88999938964844, 79.08999633789062, 78.87999725341797, 79.33999633789062, 79.54999542236328, 78.77999877929688, 79.62999725341797, 79.38999938964844, 79.20999908447266, 79.38999938964844, 79.3499984741211, 79.22999572753906, 79.18000030517578, 78.82999420166016, 79.55999755859375, 79.11000061035156, 79.9000015258789, 79.27999877929688, 79.22000122070312, 79.05999755859375, 79.47999572753906, 79.19999694824219, 79.25, 79.5, 79.22000122070312, 79.79000091552734, 79.11000061035156, 79.22000122070312, 79.22999572753906, 79.93000030517578], "epochs": [0, 1, 2, 3, 4, 5, 6, 7, 8, 9, 10, 11, 12, 13, 14, 15, 16, 17, 18, 19, 20, 21, 22, 23, 24, 25, 26, 27, 28, 29, 30, 31, 32, 33, 34, 35, 36, 37, 38, 39, 40, 41, 42, 43, 44, 45, 46, 47, 48, 49, 50, 51, 52, 53, 54, 55, 56, 57, 58, 59, 60, 61, 62, 63, 64, 65, 66, 67, 68, 69, 70, 71, 72, 73, 74, 75, 76, 77, 78, 79, 80, 81, 82, 83, 84, 85, 86, 87, 88, 89, 90, 91, 92, 93, 94, 95, 96, 97, 98, 99]}