{"train_losses": [0.016683707013726234, 0.014650197699666023, 0.013769353739917278, 0.013201895169913769, 0.01275094598531723, 0.012425195425748825, 0.012155754491686821, 0.011831016279757023, 0.011643419973552227, 0.011431167833507061, 0.01124650239944458, 0.011053958907723427, 0.010895144194364548, 0.010719412937760353, 0.010606742464005947, 0.010429712943732738, 0.010282955132424831, 0.010148822329938412, 0.01006515882909298, 0.009967959485948086, 0.009813068434596062, 0.009732787497341633, 0.009606817737221718, 0.009500660933554173, 0.009386574849486351, 0.009296169504523277, 0.009170482866466045, 0.00903420802205801, 0.008967769332230091, 0.008892114274203777, 0.008825704455375671, 0.008695406839251518, 0.00865868665277958, 0.008544925600290298, 0.008454295806586742, 0.00837304163724184, 0.008308752439916134, 0.008186130784451962, 0.008186204358935356, 0.008117523975670338, 0.007982163690030575, 0.007939429022371769, 0.007847601547837257, 0.007820487953722477, 0.0077702756971120834, 0.007718358654528856, 0.007622339762747288, 0.007553629577159882, 0.007522216532379389, 0.007478232961148024, 0.007384252268821001, 0.00735311396420002, 0.007300050929188728, 0.0072425915859639645, 0.007205587811768055, 0.007168533280491829, 0.0071032168343663216, 0.007031641900539398, 0.006940097082406282, 0.00691111758351326, 0.006902909837663174, 0.006812668405473232, 0.006816252134740353, 0.006742914207279682, 0.006718943361192942, 0.006626307964324951, 0.006606641225516796, 0.0065925889648497105, 0.006543590687215328, 0.006477790884673595, 0.006463256664574146, 0.0063642337918281555, 0.0063828472048044205, 0.006284690927714109, 0.006292156875133514, 0.006231644656509161, 0.006185086909681559, 0.006158952601253986, 0.006120698060840368, 0.00607929565012455, 0.006043659057468176, 0.006011888850480318, 0.005943950731307268, 0.005964074749499559, 0.00589036988094449, 0.005875180941075087, 0.005799830891191959, 0.005794669035822153, 0.005754075013101101, 0.005685801152139902, 0.005683219525963068, 0.0056214286014437675, 0.0055860052816569805, 0.005597936920821667, 0.005573180504143238, 0.005537319928407669, 0.005524688400328159, 0.005490357056260109, 0.005421948619186878, 0.005358412861824036], "accs": [30.889999389648438, 36.349998474121094, 39.13999938964844, 41.209999084472656, 42.91999816894531, 44.869998931884766, 45.94999694824219, 47.689998626708984, 48.2599983215332, 49.87999725341797, 50.52000045776367, 50.89999771118164, 51.959999084472656, 52.03999710083008, 53.21999740600586, 53.8599967956543, 54.56999969482422, 55.099998474121094, 55.43000030517578, 55.849998474121094, 56.97999954223633, 56.79999923706055, 57.41999816894531, 58.189998626708984, 58.64999771118164, 58.47999954223633, 59.529998779296875, 59.41999816894531, 59.869998931884766, 60.18000030517578, 60.75, 61.05999755859375, 61.349998474121094, 61.5099983215332, 61.93000030517578, 62.21999740600586, 62.709999084472656, 62.81999969482422, 63.029998779296875, 63.04999923706055, 63.53999710083008, 63.849998474121094, 64.08000183105469, 64.06999969482422, 64.41999816894531, 64.62999725341797, 64.90999603271484, 65.04999542236328, 65.31999969482422, 65.23999786376953, 65.45999908447266, 65.56999969482422, 66.04999542236328, 66.13999938964844, 66.23999786376953, 66.55999755859375, 66.80999755859375, 66.6500015258789, 67.22000122070312, 67.00999450683594, 67.27999877929688, 67.62999725341797, 67.43999481201172, 67.72999572753906, 67.87999725341797, 68.02999877929688, 68.08999633789062, 68.3699951171875, 68.25999450683594, 68.5999984741211, 68.52999877929688, 68.6500015258789, 68.55999755859375, 68.97000122070312, 69.0199966430664, 69.18000030517578, 69.40999603271484, 69.33999633789062, 69.56999969482422, 69.54000091552734, 69.5, 69.58999633789062, 69.9000015258789, 70.11000061035156, 69.90999603271484, 70.22000122070312, 70.16999816894531, 70.43000030517578, 70.33999633789062, 70.43999481201172, 70.52999877929688, 70.58999633789062, 70.4000015258789, 70.38999938964844, 70.73999786376953, 70.13999938964844, 70.8699951171875, 70.75999450683594, 70.8699951171875, 70.70999908447266], "epochs": [0, 1, 2, 3, 4, 5, 6, 7, 8, 9, 10, 11, 12, 13, 14, 15, 16, 17, 18, 19, 20, 21, 22, 23, 24, 25, 26, 27, 28, 29, 30, 31, 32, 33, 34, 35, 36, 37, 38, 39, 40, 41, 42, 43, 44, 45, 46, 47, 48, 49, 50, 51, 52, 53, 54, 55, 56, 57, 58, 59, 60, 61, 62, 63, 64, 65, 66, 67, 68, 69, 70, 71, 72, 73, 74, 75, 76, 77, 78, 79, 80, 81, 82, 83, 84, 85, 86, 87, 88, 89, 90, 91, 92, 93, 94, 95, 96, 97, 98, 99]}