{"train_losses": [0.019103892147541046, 0.01803155057132244, 0.01739206351339817, 0.016895556822419167, 0.016506744548678398, 0.016197359189391136, 0.015972312539815903, 0.015654101967811584, 0.015481417998671532, 0.015290380455553532, 0.015153295360505581, 0.014967301860451698, 0.014846798032522202, 0.014680893160402775, 0.014601592905819416, 0.014467202126979828, 0.014384914189577103, 0.014268873259425163, 0.0142010897397995, 0.014077035710215569, 0.014012514613568783, 0.013942829333245754, 0.013836689293384552, 0.013770024292171001, 0.013697775080800056, 0.013624057173728943, 0.013571366667747498, 0.013513932935893536, 0.013432599604129791, 0.013401512987911701, 0.013305594213306904, 0.013272569514811039, 0.01321089081466198, 0.01315778773277998, 0.013099895790219307, 0.013009401969611645, 0.01298736035823822, 0.012917984277009964, 0.012881483882665634, 0.012892348691821098, 0.012768365442752838, 0.012718310579657555, 0.01271648146212101, 0.012678361497819424, 0.012626971118152142, 0.012557676993310452, 0.012533056549727917, 0.012491032481193542, 0.012416299432516098, 0.012443692423403263, 0.012382556684315205, 0.012388292700052261, 0.012359872460365295, 0.012272936291992664, 0.012255607172846794, 0.012228568084537983, 0.01219065673649311, 0.012142060324549675, 0.012114529497921467, 0.012060735374689102, 0.012076467275619507, 0.012024528346955776, 0.011991899460554123, 0.012003492563962936, 0.011975600384175777, 0.011918876320123672, 0.011883985251188278, 0.01187029480934143, 0.011825837194919586, 0.011798350140452385, 0.011794475838541985, 0.011728023178875446, 0.011751130223274231, 0.01169617660343647, 0.011684834957122803, 0.011649069376289845, 0.011606715619564056, 0.011601324193179607, 0.011619157157838345, 0.01158484909683466, 0.011519992724061012, 0.011492724530398846, 0.011476480402052402, 0.011494426056742668, 0.011452287435531616, 0.01140066422522068, 0.011403302662074566, 0.011351077817380428, 0.01136532798409462, 0.011320522055029869, 0.011316856369376183, 0.011274888180196285, 0.011259886436164379, 0.011258775368332863, 0.011222758330404758, 0.01121160015463829, 0.011187529191374779, 0.011203303001821041, 0.011125224642455578, 0.011162283830344677], "accs": [15.579999923706055, 19.529998779296875, 21.75, 23.529998779296875, 25.010000228881836, 26.799999237060547, 27.829999923706055, 28.739999771118164, 29.479999542236328, 30.579999923706055, 31.60999870300293, 32.14999771118164, 33.15999984741211, 33.86000061035156, 34.05999755859375, 34.439998626708984, 35.06999969482422, 35.56999969482422, 35.790000915527344, 36.279998779296875, 36.59000015258789, 37.25, 37.290000915527344, 37.79999923706055, 37.96999740600586, 38.57999801635742, 38.65999984741211, 39.02000045776367, 39.38999938964844, 39.529998779296875, 40.029998779296875, 40.43000030517578, 40.599998474121094, 40.79999923706055, 40.849998474121094, 41.15999984741211, 41.05999755859375, 41.779998779296875, 42.11000061035156, 42.03999710083008, 42.09000015258789, 42.66999816894531, 42.45000076293945, 43.0099983215332, 43.04999923706055, 43.11000061035156, 43.40999984741211, 43.64999771118164, 43.939998626708984, 43.779998779296875, 43.709999084472656, 44.13999938964844, 44.47999954223633, 44.40999984741211, 44.62999725341797, 44.72999954223633, 44.84000015258789, 45.0099983215332, 45.34000015258789, 45.46999740600586, 46.029998779296875, 45.89999771118164, 46.15999984741211, 46.2599983215332, 46.68000030517578, 46.619998931884766, 46.88999938964844, 46.97999954223633, 47.02000045776367, 47.09000015258789, 47.19999694824219, 47.34000015258789, 47.29999923706055, 47.64999771118164, 47.779998779296875, 47.72999954223633, 47.72999954223633, 48.119998931884766, 48.18000030517578, 48.119998931884766, 48.40999984741211, 48.29999923706055, 48.619998931884766, 48.29999923706055, 48.689998626708984, 48.66999816894531, 48.79999923706055, 48.86000061035156, 48.96999740600586, 49.12999725341797, 49.27000045776367, 49.41999816894531, 49.72999954223633, 49.75, 49.939998626708984, 49.96999740600586, 49.869998931884766, 50.189998626708984, 50.16999816894531, 50.23999786376953], "epochs": [0, 1, 2, 3, 4, 5, 6, 7, 8, 9, 10, 11, 12, 13, 14, 15, 16, 17, 18, 19, 20, 21, 22, 23, 24, 25, 26, 27, 28, 29, 30, 31, 32, 33, 34, 35, 36, 37, 38, 39, 40, 41, 42, 43, 44, 45, 46, 47, 48, 49, 50, 51, 52, 53, 54, 55, 56, 57, 58, 59, 60, 61, 62, 63, 64, 65, 66, 67, 68, 69, 70, 71, 72, 73, 74, 75, 76, 77, 78, 79, 80, 81, 82, 83, 84, 85, 86, 87, 88, 89, 90, 91, 92, 93, 94, 95, 96, 97, 98, 99]}