{"train_losses": [0.01469673216342926, 0.011216668412089348, 0.009526349604129791, 0.008390414528548717, 0.0075417314656078815, 0.0069281114265322685, 0.006527941673994064, 0.006060465704649687, 0.00572217209264636, 0.005422601010650396, 0.005195180419832468, 0.005014505237340927, 0.004786008503288031, 0.004630717448890209, 0.004442088771611452, 0.004314281977713108, 0.00416816771030426, 0.004083444830030203, 0.003925388213247061, 0.0038382350467145443, 0.0037355904933065176, 0.0036544841714203358, 0.003651736071333289, 0.003535011550411582, 0.003398619592189789, 0.0033105320762842894, 0.003184931818395853, 0.0031594778411090374, 0.0035637328401207924, 0.003025016514584422, 0.0029671117663383484, 0.002848521340638399, 0.002802548697218299, 0.0028003777842968702, 0.0031259306706488132, 0.002772791078314185, 0.002638779114931822, 0.002615873934701085, 0.0024657631292939186, 0.002462616888806224, 0.002406688407063484, 0.002429869258776307, 0.0023426192346960306, 0.002292598132044077, 0.00224527926184237, 0.0022331748623400927, 0.002194473287090659, 0.0021695683244615793, 0.002153657376766205, 0.002672691596671939, 0.0021202496718615294, 0.0020768861286342144, 0.001980249769985676, 0.0019306434551253915, 0.0020305404905229807, 0.0020536151714622974, 0.001872263615950942, 0.0018591409316286445, 0.001805637963116169, 0.001887278282083571, 0.0018380883848294616, 0.0017461023526266217, 0.0016976224724203348, 0.0016857607988640666, 0.0016830639215186238, 0.001717292470857501, 0.0017106025479733944, 0.0016089340206235647, 0.0015605809167027473, 0.0015389841282740235, 0.0015291414456441998, 0.0015038599958643317, 0.0015087580541148782, 0.001490314258262515, 0.0014471049653366208, 0.0015523595502600074, 0.001606770558282733, 0.0015168130630627275, 0.0013506823452189565, 0.0013494717422872782, 0.0013752636732533574, 0.0013590528396889567, 0.0013597746146842837, 0.0012845208402723074, 0.0012883315794169903, 0.0012641140492632985, 0.001288136700168252, 0.0019465734949335456, 0.0016027326928451657, 0.001349648809991777, 0.001242849975824356, 0.0014721975894644856, 0.0023076708894222975, 0.0012672352604568005, 0.0010962169617414474, 0.0010988812427967787, 0.0011400997173041105, 0.001126360846683383, 0.0010855604195967317, 0.001075780251994729], "accs": [43.87999725341797, 54.599998474121094, 58.32999801635742, 62.04999923706055, 67.20999908447266, 68.47999572753906, 72.11000061035156, 72.9000015258789, 75.55999755859375, 74.11000061035156, 76.11000061035156, 76.72000122070312, 77.3699951171875, 77.8499984741211, 79.61000061035156, 76.90999603271484, 79.73999786376953, 79.55999755859375, 80.45999908447266, 80.97999572753906, 80.27999877929688, 81.07999420166016, 81.52999877929688, 80.90999603271484, 82.18999481201172, 82.22999572753906, 80.88999938964844, 80.91999816894531, 82.6500015258789, 82.83999633789062, 82.2699966430664, 82.68999481201172, 82.43999481201172, 82.45999908447266, 82.19999694824219, 82.75, 82.3499984741211, 82.94999694824219, 83.79999542236328, 82.87999725341797, 83.31999969482422, 82.1500015258789, 83.5199966430664, 83.69999694824219, 83.45999908447266, 83.57999420166016, 83.79999542236328, 83.4000015258789, 83.63999938964844, 83.3499984741211, 83.54000091552734, 83.61000061035156, 83.68000030517578, 83.7699966430664, 84.11000061035156, 83.80999755859375, 83.56999969482422, 83.75999450683594, 84.18999481201172, 82.79999542236328, 83.94999694824219, 84.15999603271484, 84.05999755859375, 83.93000030517578, 84.61000061035156, 84.72999572753906, 84.0199966430664, 84.07999420166016, 84.5199966430664, 84.06999969482422, 84.29000091552734, 83.45999908447266, 84.75, 84.54999542236328, 84.20999908447266, 84.81999969482422, 82.25, 84.75, 84.1500015258789, 83.18999481201172, 84.50999450683594, 84.07999420166016, 84.5199966430664, 84.32999420166016, 84.79000091552734, 83.94999694824219, 84.66999816894531, 82.94999694824219, 84.43999481201172, 84.8699951171875, 85.07999420166016, 84.54999542236328, 84.44999694824219, 84.88999938964844, 84.91999816894531, 84.3499984741211, 84.04999542236328, 84.9000015258789, 84.86000061035156, 84.22000122070312], "epochs": [0, 1, 2, 3, 4, 5, 6, 7, 8, 9, 10, 11, 12, 13, 14, 15, 16, 17, 18, 19, 20, 21, 22, 23, 24, 25, 26, 27, 28, 29, 30, 31, 32, 33, 34, 35, 36, 37, 38, 39, 40, 41, 42, 43, 44, 45, 46, 47, 48, 49, 50, 51, 52, 53, 54, 55, 56, 57, 58, 59, 60, 61, 62, 63, 64, 65, 66, 67, 68, 69, 70, 71, 72, 73, 74, 75, 76, 77, 78, 79, 80, 81, 82, 83, 84, 85, 86, 87, 88, 89, 90, 91, 92, 93, 94, 95, 96, 97, 98, 99]}