{"train_losses": [0.012118760496377945, 0.009376046247780323, 0.008065669797360897, 0.007220055442303419, 0.0066245561465620995, 0.006110487971454859, 0.005785416346043348, 0.005488336551934481, 0.0052086059004068375, 0.004950458649545908, 0.0047430130653083324, 0.004603064153343439, 0.004405229818075895, 0.004265367519110441, 0.0041389972902834415, 0.003960844594985247, 0.003848504042252898, 0.0038176255766302347, 0.003635328495875001, 0.0035283942706882954, 0.0034145708195865154, 0.0033397874794900417, 0.003235874930396676, 0.0031311744824051857, 0.003086122451350093, 0.0030021523125469685, 0.002924971282482147, 0.0028732046484947205, 0.00277517456561327, 0.00274454103782773, 0.0026459756772965193, 0.0025817337445914745, 0.0025222613476216793, 0.0024470393545925617, 0.0024072611704468727, 0.0023456925991922617, 0.002288305200636387, 0.0022895592264831066, 0.0021888657938688993, 0.0021339431405067444, 0.0021022018045186996, 0.0020355896558612585, 0.0020466407295316458, 0.0019994894973933697, 0.0019353757379576564, 0.0018973284168168902, 0.001853136345744133, 0.0018151546828448772, 0.001804353785701096, 0.0017971029737964272, 0.0017018141224980354, 0.0016588418511673808, 0.0016535662580281496, 0.00161576340906322, 0.0015454655513167381, 0.00158415618352592, 0.0015434816014021635, 0.0014920900575816631, 0.0015024117892608047, 0.0014394831378012896, 0.0014179543359205127, 0.0013917359756305814, 0.0013967016711831093, 0.001357823028229177, 0.0013557266211137176, 0.001281680422835052, 0.0012822275748476386, 0.0012602347414940596, 0.0012586199445649981, 0.0011778661282733083, 0.0011929641477763653, 0.0012032900704070926, 0.0011487886076793075, 0.001154990983195603, 0.0011324369115754962, 0.0011191164376214147, 0.0010699278209358454, 0.0010571131715551019, 0.0010763807222247124, 0.0010563614778220654, 0.0010484140366315842, 0.0010092289885506034, 0.0010192717891186476, 0.001030768733471632, 0.0009746549767442048, 0.0010107879061251879, 0.0009611689019948244, 0.0009498997824266553, 0.0009051099768839777, 0.0009363364079035819, 0.0009126553195528686, 0.0009023264865390956, 0.000907973968423903, 0.000875305209774524, 0.0008680119062773883, 0.0008843052200973034, 0.0008496612426824868, 0.0008429352892562747, 0.0008217034628614783, 0.0008108728798106313], "accs": [52.5099983215332, 60.279998779296875, 65.6199951171875, 70.63999938964844, 72.70999908447266, 73.69999694824219, 70.0199966430664, 74.5, 77.22000122070312, 77.94999694824219, 77.79000091552734, 79.3699951171875, 79.22000122070312, 78.79000091552734, 78.6500015258789, 78.93999481201172, 80.3499984741211, 80.43999481201172, 80.47999572753906, 81.73999786376953, 80.56999969482422, 81.86000061035156, 81.36000061035156, 81.25, 81.18000030517578, 81.48999786376953, 82.08999633789062, 82.44999694824219, 82.83999633789062, 80.88999938964844, 83.0, 83.0199966430664, 83.66999816894531, 83.58999633789062, 83.30999755859375, 83.05999755859375, 83.20999908447266, 83.65999603271484, 84.0, 83.68000030517578, 83.62999725341797, 84.0999984741211, 83.82999420166016, 84.07999420166016, 84.16999816894531, 84.25999450683594, 84.04999542236328, 83.86000061035156, 84.47000122070312, 84.55999755859375, 84.57999420166016, 84.41999816894531, 84.12999725341797, 84.1500015258789, 84.47000122070312, 83.79999542236328, 84.36000061035156, 84.93000030517578, 84.72999572753906, 84.40999603271484, 84.61000061035156, 84.66999816894531, 84.07999420166016, 84.3499984741211, 84.9000015258789, 84.70999908447266, 84.9000015258789, 83.97999572753906, 84.43999481201172, 84.50999450683594, 84.94999694824219, 84.94999694824219, 84.8499984741211, 85.0, 84.22000122070312, 84.57999420166016, 84.8699951171875, 84.4000015258789, 84.8699951171875, 85.0199966430664, 85.47999572753906, 84.43000030517578, 84.68999481201172, 84.47000122070312, 84.62999725341797, 84.5999984741211, 84.79000091552734, 84.48999786376953, 84.3499984741211, 84.8499984741211, 84.45999908447266, 84.79000091552734, 84.45999908447266, 84.82999420166016, 84.48999786376953, 84.79999542236328, 84.97999572753906, 84.91999816894531, 85.18000030517578, 85.25], "epochs": [0, 1, 2, 3, 4, 5, 6, 7, 8, 9, 10, 11, 12, 13, 14, 15, 16, 17, 18, 19, 20, 21, 22, 23, 24, 25, 26, 27, 28, 29, 30, 31, 32, 33, 34, 35, 36, 37, 38, 39, 40, 41, 42, 43, 44, 45, 46, 47, 48, 49, 50, 51, 52, 53, 54, 55, 56, 57, 58, 59, 60, 61, 62, 63, 64, 65, 66, 67, 68, 69, 70, 71, 72, 73, 74, 75, 76, 77, 78, 79, 80, 81, 82, 83, 84, 85, 86, 87, 88, 89, 90, 91, 92, 93, 94, 95, 96, 97, 98, 99]}