{"train_losses": [0.014396585524082184, 0.011094889603555202, 0.009185947477817535, 0.00798485055565834, 0.007224553264677525, 0.006661651656031609, 0.00617711478844285, 0.005847036372870207, 0.005560611374676228, 0.0052779801189899445, 0.005067167337983847, 0.004875225480645895, 0.0046768346801400185, 0.004560302477329969, 0.004398472607135773, 0.00429139006882906, 0.0041021136566996574, 0.004025775007903576, 0.0038481950759887695, 0.0037829887587577105, 0.0036026115994900465, 0.0035024702083319426, 0.0034243373665958643, 0.003394141560420394, 0.0033237289171665907, 0.0032430882565677166, 0.003157012164592743, 0.003081168048083782, 0.003029847051948309, 0.0031177925411611795, 0.002890122588723898, 0.002945440588518977, 0.002748768776655197, 0.00264812377281487, 0.002609753981232643, 0.00255958060733974, 0.002517370507121086, 0.0024435853119939566, 0.002429372863844037, 0.0023602289147675037, 0.002316767815500498, 0.0022975467145442963, 0.0022077506873756647, 0.0021839707624167204, 0.0021829092875123024, 0.0021009817719459534, 0.002051398390904069, 0.0020242747850716114, 0.0024246168322861195, 0.0030229727271944284, 0.001977744046598673, 0.0019369515357539058, 0.0018590003019198775, 0.0018768321024253964, 0.0017899039667099714, 0.001741795800626278, 0.0017458987422287464, 0.0017137101385742426, 0.001705426024273038, 0.0017191985389217734, 0.0016394054982811213, 0.0016145531553775072, 0.0016059944173321128, 0.0015988227678462863, 0.0015604564687237144, 0.0015504752518609166, 0.0015820357948541641, 0.0016254785005003214, 0.0015498606953769922, 0.0014332359423860908, 0.0013906712410971522, 0.0014135241508483887, 0.001383820897899568, 0.0013771182857453823, 0.0013328283093869686, 0.001311865053139627, 0.0013441352639347315, 0.0015616067685186863, 0.001383113325573504, 0.0012491734232753515, 0.0012371533084660769, 0.0012285811826586723, 0.001182788168080151, 0.0012607439421117306, 0.0011676100548356771, 0.0012382951099425554, 0.0012239328352734447, 0.0011329955887049437, 0.001116622006520629, 0.0011006881250068545, 0.0011536168167367578, 0.0010994264157488942, 0.0011177068809047341, 0.0011294789146631956, 0.0010457102907821536, 0.0013161830138415098, 0.0010688052279874682, 0.0010590576566755772, 0.0009922346798703074, 0.000986709725111723], "accs": [45.72999954223633, 52.56999969482422, 62.40999984741211, 64.90999603271484, 70.63999938964844, 71.25, 72.8499984741211, 73.70999908447266, 75.70999908447266, 75.90999603271484, 77.47999572753906, 78.05999755859375, 79.63999938964844, 78.81999969482422, 78.87999725341797, 79.72999572753906, 79.47999572753906, 80.06999969482422, 78.56999969482422, 81.4000015258789, 80.62999725341797, 80.29000091552734, 80.33999633789062, 81.0199966430664, 80.22000122070312, 81.6500015258789, 81.91999816894531, 81.23999786376953, 83.1500015258789, 82.54000091552734, 82.43000030517578, 82.43999481201172, 82.5999984741211, 82.5999984741211, 81.68000030517578, 83.25, 83.18000030517578, 83.04000091552734, 82.94999694824219, 83.16999816894531, 82.97000122070312, 84.00999450683594, 84.4000015258789, 83.68999481201172, 83.48999786376953, 83.6199951171875, 83.61000061035156, 84.11000061035156, 79.05999755859375, 83.7699966430664, 83.58999633789062, 83.95999908447266, 82.32999420166016, 83.55999755859375, 83.68000030517578, 84.55999755859375, 84.15999603271484, 84.1500015258789, 83.5999984741211, 84.45999908447266, 84.22000122070312, 84.30999755859375, 83.2699966430664, 84.05999755859375, 83.7699966430664, 83.93000030517578, 83.95999908447266, 82.81999969482422, 84.32999420166016, 84.08999633789062, 83.54999542236328, 84.13999938964844, 84.0, 84.2699966430664, 83.50999450683594, 84.25999450683594, 84.43999481201172, 83.72999572753906, 84.36000061035156, 84.3499984741211, 84.93000030517578, 84.79999542236328, 84.5199966430664, 85.02999877929688, 85.1500015258789, 82.7699966430664, 84.63999938964844, 84.47000122070312, 84.8499984741211, 84.57999420166016, 84.36000061035156, 84.72999572753906, 84.88999938964844, 83.47000122070312, 85.0999984741211, 84.02999877929688, 84.68999481201172, 84.91999816894531, 84.27999877929688, 84.61000061035156], "epochs": [0, 1, 2, 3, 4, 5, 6, 7, 8, 9, 10, 11, 12, 13, 14, 15, 16, 17, 18, 19, 20, 21, 22, 23, 24, 25, 26, 27, 28, 29, 30, 31, 32, 33, 34, 35, 36, 37, 38, 39, 40, 41, 42, 43, 44, 45, 46, 47, 48, 49, 50, 51, 52, 53, 54, 55, 56, 57, 58, 59, 60, 61, 62, 63, 64, 65, 66, 67, 68, 69, 70, 71, 72, 73, 74, 75, 76, 77, 78, 79, 80, 81, 82, 83, 84, 85, 86, 87, 88, 89, 90, 91, 92, 93, 94, 95, 96, 97, 98, 99]}