{"train_losses": [0.016610680148005486, 0.014772857539355755, 0.013922670856118202, 0.013324301689863205, 0.012879659421741962, 0.012478703632950783, 0.01215281616896391, 0.011887517757713795, 0.011643217876553535, 0.011445419862866402, 0.01119218859821558, 0.01101592369377613, 0.01086836401373148, 0.010690082795917988, 0.010571717284619808, 0.010413057170808315, 0.01025362964719534, 0.01008560135960579, 0.009981798008084297, 0.009877515956759453, 0.00973969791084528, 0.009654364548623562, 0.009497983381152153, 0.00943274050951004, 0.00928549375385046, 0.009217170998454094, 0.009122520685195923, 0.009034722112119198, 0.008935816586017609, 0.0088399862870574, 0.008746270090341568, 0.008644173853099346, 0.008567479439079762, 0.008497307077050209, 0.00839995127171278, 0.008373269811272621, 0.008264735341072083, 0.008195383474230766, 0.008160905912518501, 0.008097010664641857, 0.008047695271670818, 0.007973704487085342, 0.00791605468839407, 0.007790432311594486, 0.007794132921844721, 0.007734448183327913, 0.007668463047593832, 0.007626147475093603, 0.007544913794845343, 0.007497282698750496, 0.007495078723877668, 0.007370451465249062, 0.007361183408647776, 0.007251180242747068, 0.007221083622425795, 0.007181836292147636, 0.007083418779075146, 0.007067985832691193, 0.007033487781882286, 0.006984115578234196, 0.00689090508967638, 0.006898138206452131, 0.006819630041718483, 0.006808473728597164, 0.006724899634718895, 0.006691706366837025, 0.006676519755274057, 0.006626958958804607, 0.006598093081265688, 0.006496461108326912, 0.006489071529358625, 0.006462860386818647, 0.006379667203873396, 0.0063672312535345554, 0.006339126266539097, 0.006282873917371035, 0.006263815797865391, 0.006188075989484787, 0.006139526609331369, 0.006137995049357414, 0.0060556731186807156, 0.006055288482457399, 0.006023704539984465, 0.00598847446963191, 0.005971672013401985, 0.005891298875212669, 0.005889713764190674, 0.005837870761752129, 0.0057839336805045605, 0.0058091776445508, 0.0057576620019972324, 0.005716637242585421, 0.005690228659659624, 0.005663597956299782, 0.005598521791398525, 0.005549382884055376, 0.005533921532332897, 0.005480657797306776, 0.005445372778922319, 0.005454414989799261], "accs": [29.01999855041504, 35.45000076293945, 39.23999786376953, 41.70000076293945, 43.48999786376953, 45.09000015258789, 46.71999740600586, 48.2599983215332, 48.97999954223633, 49.66999816894531, 50.44999694824219, 51.029998779296875, 51.59000015258789, 52.63999938964844, 53.029998779296875, 53.30999755859375, 53.98999786376953, 54.66999816894531, 55.099998474121094, 55.84000015258789, 56.48999786376953, 56.29999923706055, 56.90999984741211, 57.63999938964844, 58.14999771118164, 58.44999694824219, 58.94999694824219, 58.88999938964844, 59.40999984741211, 59.78999710083008, 60.189998626708984, 60.84000015258789, 61.18000030517578, 61.34000015258789, 61.689998626708984, 61.97999954223633, 62.23999786376953, 62.21999740600586, 62.439998626708984, 63.099998474121094, 63.019996643066406, 63.5099983215332, 64.0199966430664, 63.90999984741211, 63.88999938964844, 64.26000213623047, 64.77999877929688, 64.79999542236328, 64.97000122070312, 65.33000183105469, 65.43000030517578, 66.02999877929688, 66.12999725341797, 66.05999755859375, 66.56999969482422, 66.75, 66.8499984741211, 67.2699966430664, 66.86000061035156, 67.0999984741211, 67.58999633789062, 67.52999877929688, 67.43000030517578, 67.43000030517578, 67.97999572753906, 68.22999572753906, 67.9000015258789, 68.43000030517578, 68.50999450683594, 68.50999450683594, 68.80999755859375, 69.15999603271484, 69.13999938964844, 69.20999908447266, 69.47000122070312, 69.18999481201172, 69.37999725341797, 69.44999694824219, 69.79000091552734, 69.83999633789062, 69.87999725341797, 70.0, 69.9000015258789, 70.08000183105469, 70.25999450683594, 70.4000015258789, 70.30999755859375, 70.41999816894531, 70.80999755859375, 70.70999908447266, 70.33000183105469, 70.79999542236328, 71.06999969482422, 71.05999755859375, 71.18000030517578, 70.55999755859375, 71.04000091552734, 71.1500015258789, 70.95999908447266, 71.05999755859375], "epochs": [0, 1, 2, 3, 4, 5, 6, 7, 8, 9, 10, 11, 12, 13, 14, 15, 16, 17, 18, 19, 20, 21, 22, 23, 24, 25, 26, 27, 28, 29, 30, 31, 32, 33, 34, 35, 36, 37, 38, 39, 40, 41, 42, 43, 44, 45, 46, 47, 48, 49, 50, 51, 52, 53, 54, 55, 56, 57, 58, 59, 60, 61, 62, 63, 64, 65, 66, 67, 68, 69, 70, 71, 72, 73, 74, 75, 76, 77, 78, 79, 80, 81, 82, 83, 84, 85, 86, 87, 88, 89, 90, 91, 92, 93, 94, 95, 96, 97, 98, 99]}