{"train_losses": [0.013649165630340576, 0.011342443525791168, 0.01026163436472416, 0.009456158615648746, 0.008910843171179295, 0.008414567448198795, 0.008006913587450981, 0.007650806102901697, 0.007346766069531441, 0.00700754439458251, 0.0067652007564902306, 0.00652147876098752, 0.006324094720184803, 0.006097805220633745, 0.005943585652858019, 0.00576517079025507, 0.005614116787910461, 0.005405874457210302, 0.005255999509245157, 0.005181058309972286, 0.004951319191604853, 0.004809725563973188, 0.004764324054121971, 0.004636366851627827, 0.004545548465102911, 0.004437705036252737, 0.004305936396121979, 0.00420159799978137, 0.004131045192480087, 0.004013001918792725, 0.003909958992153406, 0.003806001739576459, 0.003716888837516308, 0.003637168789282441, 0.0035522091202437878, 0.0034524090588092804, 0.0033825545106083155, 0.0033176818396896124, 0.003227229928597808, 0.003160010324791074, 0.00309498468413949, 0.0030489228665828705, 0.002928619971498847, 0.002818977227434516, 0.0028029128443449736, 0.0027312382590025663, 0.0026371877174824476, 0.0026438627392053604, 0.0025497369933873415, 0.002523664850741625, 0.0024354716297239065, 0.0024105526972562075, 0.002340968931093812, 0.002277237130329013, 0.0022120431531220675, 0.0021279011853039265, 0.002122972859069705, 0.0020565965678542852, 0.002047173911705613, 0.0019967972766608, 0.0019488605903461576, 0.0019335589604452252, 0.0018495091935619712, 0.0018331247847527266, 0.0017769886180758476, 0.0017563847359269857, 0.0017143207369372249, 0.00167008675634861, 0.0015894068637862802, 0.0015922801103442907, 0.0015849581686779857, 0.0015732652973383665, 0.001510719070211053, 0.0014839296927675605, 0.0014297242742031813, 0.0014138763071969151, 0.0013763009337708354, 0.0013688286999240518, 0.001342164701782167, 0.0013630124740302563, 0.0012807140592485666, 0.0012860996648669243, 0.0012901731533929706, 0.0012673722812905908, 0.001191110466606915, 0.0011671124957501888, 0.0011977427639067173, 0.0011913280468434095, 0.0011237083235755563, 0.0011093782959505916, 0.0011172586819157004, 0.0010842710034921765, 0.00110715685877949, 0.0010377210564911366, 0.0010224576108157635, 0.0010248796315863729, 0.0009707940625958145, 0.000998220406472683, 0.0009780479595065117, 0.0009510227246209979], "accs": [46.55999755859375, 52.80999755859375, 56.28999710083008, 59.39999771118164, 62.38999938964844, 63.40999984741211, 65.65999603271484, 66.55999755859375, 67.97999572753906, 69.11000061035156, 69.47999572753906, 70.75999450683594, 71.43000030517578, 71.93999481201172, 73.0999984741211, 72.20999908447266, 73.43999481201172, 73.62999725341797, 73.91999816894531, 74.44999694824219, 74.98999786376953, 74.83999633789062, 75.83999633789062, 75.33000183105469, 76.38999938964844, 75.97999572753906, 76.04999542236328, 77.1500015258789, 77.5999984741211, 77.6500015258789, 76.93999481201172, 77.0999984741211, 77.72000122070312, 77.72000122070312, 77.69999694824219, 77.91999816894531, 78.0, 78.56999969482422, 78.5, 77.81999969482422, 78.80999755859375, 78.0199966430664, 78.5, 78.98999786376953, 78.38999938964844, 79.23999786376953, 78.75999450683594, 79.41999816894531, 78.77999877929688, 79.43999481201172, 78.43000030517578, 79.00999450683594, 78.93000030517578, 78.80999755859375, 78.86000061035156, 79.48999786376953, 78.93999481201172, 79.43000030517578, 79.54000091552734, 78.97999572753906, 78.8699951171875, 79.4000015258789, 79.4000015258789, 79.43999481201172, 79.44999694824219, 79.27999877929688, 79.23999786376953, 79.40999603271484, 79.54999542236328, 79.4000015258789, 79.5999984741211, 79.77999877929688, 79.11000061035156, 79.47000122070312, 79.72999572753906, 79.62999725341797, 79.86000061035156, 79.62999725341797, 79.82999420166016, 79.43000030517578, 79.87999725341797, 79.30999755859375, 79.72000122070312, 80.00999450683594, 80.0199966430664, 79.18000030517578, 79.5, 79.79999542236328, 79.7699966430664, 79.72999572753906, 79.8499984741211, 79.58999633789062, 79.88999938964844, 80.00999450683594, 79.82999420166016, 79.44999694824219, 79.1500015258789, 80.0199966430664, 79.41999816894531, 80.04000091552734], "epochs": [0, 1, 2, 3, 4, 5, 6, 7, 8, 9, 10, 11, 12, 13, 14, 15, 16, 17, 18, 19, 20, 21, 22, 23, 24, 25, 26, 27, 28, 29, 30, 31, 32, 33, 34, 35, 36, 37, 38, 39, 40, 41, 42, 43, 44, 45, 46, 47, 48, 49, 50, 51, 52, 53, 54, 55, 56, 57, 58, 59, 60, 61, 62, 63, 64, 65, 66, 67, 68, 69, 70, 71, 72, 73, 74, 75, 76, 77, 78, 79, 80, 81, 82, 83, 84, 85, 86, 87, 88, 89, 90, 91, 92, 93, 94, 95, 96, 97, 98, 99]}