{"train_losses": [0.019572731107473373, 0.018298543989658356, 0.017477229237556458, 0.016963006928563118, 0.01651385985314846, 0.016165724024176598, 0.015898019075393677, 0.01569831185042858, 0.01548248901963234, 0.015282115899026394, 0.015095080249011517, 0.014972197823226452, 0.014798554591834545, 0.01472143642604351, 0.01460148487240076, 0.014486283995211124, 0.014339820481836796, 0.014263217337429523, 0.014164059422910213, 0.014061990194022655, 0.0139781404286623, 0.013843240216374397, 0.013776369392871857, 0.013752353377640247, 0.013626579195261002, 0.013603582046926022, 0.013519716449081898, 0.013470083475112915, 0.013348197564482689, 0.01332777552306652, 0.013272722251713276, 0.013196724466979504, 0.01316116563975811, 0.0131104476749897, 0.013020801357924938, 0.012972559779882431, 0.012921126559376717, 0.012843113392591476, 0.012847218662500381, 0.012812379747629166, 0.012741678394377232, 0.012660864740610123, 0.012650759890675545, 0.012610206380486488, 0.012606393545866013, 0.01249220222234726, 0.01247766800224781, 0.012460347265005112, 0.012432263232767582, 0.012370332144200802, 0.012316258624196053, 0.012320322915911674, 0.012289578095078468, 0.01223498024046421, 0.012217416428029537, 0.012165951542556286, 0.01216197945177555, 0.0120955565944314, 0.012086650356650352, 0.012048485688865185, 0.011981834657490253, 0.011992057785391808, 0.011985165998339653, 0.011943838559091091, 0.011910000815987587, 0.0119143296033144, 0.011838335543870926, 0.011835434474050999, 0.011806601658463478, 0.011818460188806057, 0.011756972409784794, 0.011679683811962605, 0.011704632081091404, 0.01166380662471056, 0.011639926582574844, 0.011625788174569607, 0.01159376185387373, 0.011558502912521362, 0.011568645015358925, 0.011521019041538239, 0.011503160931169987, 0.011476322077214718, 0.01145570632070303, 0.01141841895878315, 0.011400825344026089, 0.011443853378295898, 0.011339524760842323, 0.011365190148353577, 0.0113541753962636, 0.011310040019452572, 0.011276447214186192, 0.011306720785796642, 0.011257218196988106, 0.011268358677625656, 0.011244638822972775, 0.011205198243260384, 0.011194475926458836, 0.011155880056321621, 0.011136914603412151, 0.011132616549730301], "accs": [14.549999237060547, 18.979999542236328, 21.739999771118164, 23.3799991607666, 25.149999618530273, 26.459999084472656, 27.92999839782715, 28.920000076293945, 29.979999542236328, 31.25, 32.0099983215332, 32.61000061035156, 33.06999969482422, 33.62999725341797, 34.56999969482422, 35.279998779296875, 35.599998474121094, 36.29999923706055, 36.59000015258789, 37.16999816894531, 37.41999816894531, 37.84000015258789, 38.2599983215332, 38.39999771118164, 38.87999725341797, 39.43000030517578, 39.63999938964844, 40.14999771118164, 40.37999725341797, 40.61000061035156, 40.779998779296875, 41.369998931884766, 41.31999969482422, 41.7599983215332, 41.87999725341797, 41.95000076293945, 42.119998931884766, 42.57999801635742, 42.57999801635742, 42.91999816894531, 43.22999954223633, 43.45000076293945, 43.279998779296875, 43.81999969482422, 44.04999923706055, 43.91999816894531, 44.349998474121094, 44.80999755859375, 44.71999740600586, 44.96999740600586, 45.03999710083008, 45.13999938964844, 45.57999801635742, 45.48999786376953, 45.439998626708984, 45.41999816894531, 45.689998626708984, 46.23999786376953, 46.02000045776367, 46.16999816894531, 46.27000045776367, 46.25, 46.869998931884766, 46.69999694824219, 46.69999694824219, 47.02000045776367, 46.80999755859375, 47.38999938964844, 47.38999938964844, 47.54999923706055, 47.68000030517578, 47.82999801635742, 47.69999694824219, 47.98999786376953, 48.06999969482422, 48.16999816894531, 48.53999710083008, 48.66999816894531, 48.52000045776367, 48.5, 48.90999984741211, 48.959999084472656, 49.02000045776367, 49.31999969482422, 49.189998626708984, 49.36000061035156, 49.68000030517578, 49.41999816894531, 49.599998474121094, 49.529998779296875, 49.849998474121094, 49.61000061035156, 50.12999725341797, 50.07999801635742, 50.40999984741211, 50.0099983215332, 50.209999084472656, 50.31999969482422, 50.23999786376953, 50.64999771118164], "epochs": [0, 1, 2, 3, 4, 5, 6, 7, 8, 9, 10, 11, 12, 13, 14, 15, 16, 17, 18, 19, 20, 21, 22, 23, 24, 25, 26, 27, 28, 29, 30, 31, 32, 33, 34, 35, 36, 37, 38, 39, 40, 41, 42, 43, 44, 45, 46, 47, 48, 49, 50, 51, 52, 53, 54, 55, 56, 57, 58, 59, 60, 61, 62, 63, 64, 65, 66, 67, 68, 69, 70, 71, 72, 73, 74, 75, 76, 77, 78, 79, 80, 81, 82, 83, 84, 85, 86, 87, 88, 89, 90, 91, 92, 93, 94, 95, 96, 97, 98, 99]}