{"train_losses": [0.019293932244181633, 0.018186146393418312, 0.017460985109210014, 0.016862478107213974, 0.016427822411060333, 0.01605839654803276, 0.015764765441417694, 0.015511948615312576, 0.015290376730263233, 0.015089084394276142, 0.01497629750519991, 0.014789232052862644, 0.014680532738566399, 0.014519370160996914, 0.014444385655224323, 0.014317987486720085, 0.01422207709401846, 0.014129122719168663, 0.014062509872019291, 0.013945690356194973, 0.013881761580705643, 0.013780337758362293, 0.013730930164456367, 0.013652916066348553, 0.013584612868726254, 0.013562318868935108, 0.01345982775092125, 0.01338973268866539, 0.013337659649550915, 0.013286353088915348, 0.013227454386651516, 0.01318034902215004, 0.013105284422636032, 0.013071577064692974, 0.01302655041217804, 0.012971846386790276, 0.012926443479955196, 0.01290398370474577, 0.012863722629845142, 0.012830231338739395, 0.012758001685142517, 0.012685351073741913, 0.012655863538384438, 0.012607461772859097, 0.012613721191883087, 0.012540110386908054, 0.012512028217315674, 0.01247397344559431, 0.012437168508768082, 0.01243540458381176, 0.012409165501594543, 0.012351003475487232, 0.012283332645893097, 0.012279154732823372, 0.012204318307340145, 0.012186822481453419, 0.012143286876380444, 0.012126805260777473, 0.012114851735532284, 0.012096676044166088, 0.012033563107252121, 0.012037321925163269, 0.012007941491901875, 0.011974670924246311, 0.01194793451577425, 0.011883500963449478, 0.011888235807418823, 0.011873125098645687, 0.011836702935397625, 0.011803879402577877, 0.011768445372581482, 0.011761595495045185, 0.011723442003130913, 0.011718516238033772, 0.011641430668532848, 0.011678887531161308, 0.011659786105155945, 0.011609182693064213, 0.011587957851588726, 0.011537912301719189, 0.011523726396262646, 0.011518516577780247, 0.011465406976640224, 0.011460286565124989, 0.011436737142503262, 0.011462120339274406, 0.011408566497266293, 0.011418472975492477, 0.011362295597791672, 0.011318190954625607, 0.011291056871414185, 0.011277252808213234, 0.011303301900625229, 0.011258549056947231, 0.011227441020309925, 0.011211925186216831, 0.011168085969984531, 0.011152766644954681, 0.01116866897791624, 0.01112390123307705], "accs": [13.34999942779541, 16.850000381469727, 20.09000015258789, 22.44999885559082, 25.010000228881836, 26.719999313354492, 28.28999900817871, 29.329999923706055, 30.920000076293945, 31.10999870300293, 32.05999755859375, 33.15999984741211, 33.63999938964844, 34.36000061035156, 35.029998779296875, 35.459999084472656, 36.07999801635742, 36.43000030517578, 36.98999786376953, 37.38999938964844, 37.55999755859375, 38.349998474121094, 38.65999984741211, 38.75, 39.66999816894531, 39.53999710083008, 39.849998474121094, 40.39999771118164, 40.599998474121094, 40.98999786376953, 41.25, 41.29999923706055, 41.7599983215332, 42.14999771118164, 42.459999084472656, 42.48999786376953, 42.689998626708984, 42.89999771118164, 43.32999801635742, 43.349998474121094, 43.849998474121094, 44.0099983215332, 44.34000015258789, 44.38999938964844, 44.29999923706055, 44.439998626708984, 44.779998779296875, 44.78999710083008, 45.28999710083008, 45.34000015258789, 45.55999755859375, 45.48999786376953, 45.79999923706055, 45.98999786376953, 45.939998626708984, 46.189998626708984, 46.39999771118164, 46.46999740600586, 46.54999923706055, 46.75, 46.77000045776367, 47.0, 47.0, 46.939998626708984, 47.349998474121094, 47.56999969482422, 47.54999923706055, 47.599998474121094, 47.90999984741211, 48.119998931884766, 48.209999084472656, 48.23999786376953, 48.06999969482422, 48.25, 48.31999969482422, 48.709999084472656, 48.63999938964844, 48.7599983215332, 49.029998779296875, 48.91999816894531, 49.099998474121094, 49.04999923706055, 49.25, 49.27000045776367, 49.40999984741211, 49.65999984741211, 49.529998779296875, 49.64999771118164, 49.77000045776367, 50.05999755859375, 49.98999786376953, 50.14999771118164, 50.28999710083008, 50.18000030517578, 50.37999725341797, 50.31999969482422, 50.40999984741211, 50.599998474121094, 50.779998779296875, 50.689998626708984], "epochs": [0, 1, 2, 3, 4, 5, 6, 7, 8, 9, 10, 11, 12, 13, 14, 15, 16, 17, 18, 19, 20, 21, 22, 23, 24, 25, 26, 27, 28, 29, 30, 31, 32, 33, 34, 35, 36, 37, 38, 39, 40, 41, 42, 43, 44, 45, 46, 47, 48, 49, 50, 51, 52, 53, 54, 55, 56, 57, 58, 59, 60, 61, 62, 63, 64, 65, 66, 67, 68, 69, 70, 71, 72, 73, 74, 75, 76, 77, 78, 79, 80, 81, 82, 83, 84, 85, 86, 87, 88, 89, 90, 91, 92, 93, 94, 95, 96, 97, 98, 99]}