{"train_losses": [0.013553181663155556, 0.01130511611700058, 0.010201655328273773, 0.009464489296078682, 0.008885596878826618, 0.008345353417098522, 0.00788695365190506, 0.007581019774079323, 0.007229657378047705, 0.006926718167960644, 0.006683997809886932, 0.006415319163352251, 0.006210812833160162, 0.006062538828700781, 0.005873836111277342, 0.005679370369762182, 0.0055231875739991665, 0.005381906405091286, 0.005230169743299484, 0.005078526213765144, 0.004959733225405216, 0.0047843786887824535, 0.004664571490138769, 0.0046317968517541885, 0.004476283676922321, 0.004390433896332979, 0.004256482236087322, 0.004138902761042118, 0.00403479253873229, 0.003907975275069475, 0.003848183434456587, 0.0037533477880060673, 0.0036906986497342587, 0.0035710518714040518, 0.0034701628610491753, 0.0034258062951266766, 0.003322324715554714, 0.0032478964421898127, 0.003184236353263259, 0.0030895681120455265, 0.00304648675955832, 0.002919271355494857, 0.0028866457287222147, 0.0028226496651768684, 0.0027697517070919275, 0.0026745819486677647, 0.0025974404998123646, 0.002570187672972679, 0.00247582676820457, 0.0024250769056379795, 0.002382215578109026, 0.0022971387952566147, 0.0022433449048548937, 0.0022009569220244884, 0.0021688577253371477, 0.0020968469325453043, 0.002022805390879512, 0.0020077209919691086, 0.0019846111536026, 0.0019392910180613399, 0.0018747346475720406, 0.001838426454924047, 0.0018216453026980162, 0.0018030216451734304, 0.0017310240073129535, 0.0016641393303871155, 0.001679877983406186, 0.0016617787769064307, 0.001539166085422039, 0.0015197762986645103, 0.0015189179684966803, 0.0014701841864734888, 0.0014525734586641192, 0.001447078539058566, 0.0013957524206489325, 0.0013583636609837413, 0.0014027097495272756, 0.0013853759737685323, 0.0013158953515812755, 0.0012625220697373152, 0.0012461596634238958, 0.0012539613526314497, 0.0011986198369413614, 0.0011910628527402878, 0.001156545476987958, 0.0011767346877604723, 0.0011360456701368093, 0.0011224125046283007, 0.001120343804359436, 0.0011120670242235065, 0.0010546755511313677, 0.0011050489265471697, 0.0010529158171266317, 0.0010429841931909323, 0.0009933005785569549, 0.0009927902137860656, 0.0009592270944267511, 0.000944491068366915, 0.0009614250157028437, 0.0009818928083404899], "accs": [46.11000061035156, 53.34000015258789, 56.1099967956543, 59.279998779296875, 61.98999786376953, 63.959999084472656, 66.54000091552734, 66.3699951171875, 67.45999908447266, 69.45999908447266, 68.72000122070312, 71.1199951171875, 71.73999786376953, 72.13999938964844, 73.04000091552734, 72.97999572753906, 72.93999481201172, 74.33999633789062, 74.30999755859375, 75.22000122070312, 74.7699966430664, 75.29999542236328, 75.08999633789062, 76.48999786376953, 75.80999755859375, 76.43000030517578, 77.04999542236328, 76.79999542236328, 77.3699951171875, 77.88999938964844, 77.43000030517578, 77.55999755859375, 77.94999694824219, 77.65999603271484, 77.48999786376953, 78.13999938964844, 77.72999572753906, 78.04000091552734, 77.58999633789062, 78.19999694824219, 78.22000122070312, 78.29999542236328, 78.50999450683594, 78.69999694824219, 78.3499984741211, 79.16999816894531, 78.68000030517578, 78.80999755859375, 78.2699966430664, 78.87999725341797, 78.48999786376953, 78.69999694824219, 78.75, 79.43999481201172, 79.0199966430664, 78.7699966430664, 78.29000091552734, 79.81999969482422, 79.29999542236328, 78.38999938964844, 79.37999725341797, 78.83999633789062, 78.45999908447266, 78.8699951171875, 79.62999725341797, 78.8699951171875, 79.32999420166016, 79.15999603271484, 79.2699966430664, 79.08999633789062, 78.75, 79.65999603271484, 79.0199966430664, 79.5199966430664, 79.80999755859375, 79.68000030517578, 79.16999816894531, 79.18999481201172, 79.93999481201172, 79.22999572753906, 79.68000030517578, 80.02999877929688, 79.75999450683594, 79.37999725341797, 79.95999908447266, 79.08999633789062, 79.5199966430664, 79.68000030517578, 79.43000030517578, 79.54999542236328, 79.45999908447266, 79.65999603271484, 79.87999725341797, 79.33999633789062, 79.41999816894531, 78.97999572753906, 79.22000122070312, 79.08999633789062, 79.22999572753906, 79.68999481201172], "epochs": [0, 1, 2, 3, 4, 5, 6, 7, 8, 9, 10, 11, 12, 13, 14, 15, 16, 17, 18, 19, 20, 21, 22, 23, 24, 25, 26, 27, 28, 29, 30, 31, 32, 33, 34, 35, 36, 37, 38, 39, 40, 41, 42, 43, 44, 45, 46, 47, 48, 49, 50, 51, 52, 53, 54, 55, 56, 57, 58, 59, 60, 61, 62, 63, 64, 65, 66, 67, 68, 69, 70, 71, 72, 73, 74, 75, 76, 77, 78, 79, 80, 81, 82, 83, 84, 85, 86, 87, 88, 89, 90, 91, 92, 93, 94, 95, 96, 97, 98, 99]}