{"train_losses": [0.012174256145954132, 0.009331660345196724, 0.007966761477291584, 0.007164596579968929, 0.0065839895978569984, 0.006117079872637987, 0.005722153000533581, 0.005425271578133106, 0.00521112373098731, 0.0049259546212852, 0.004716074094176292, 0.00453563267365098, 0.00440434692427516, 0.004268118645995855, 0.004081318154931068, 0.003991296049207449, 0.0038848479744046926, 0.003693361533805728, 0.00358002120628953, 0.0035092169418931007, 0.003412290010601282, 0.0033130194060504436, 0.0032040318474173546, 0.0031812796369194984, 0.0030709239654242992, 0.0029768007807433605, 0.0028979741036891937, 0.002871665870770812, 0.002732211025431752, 0.0026901275850832462, 0.0026928477454930544, 0.002642261330038309, 0.0025340451393276453, 0.0024678108748048544, 0.002406316576525569, 0.0023548200260847807, 0.0023416064213961363, 0.0022344966419041157, 0.0022227196022868156, 0.002157810842618346, 0.0021028732880949974, 0.002053981414064765, 0.0019815752748399973, 0.0019802507013082504, 0.0019509050762280822, 0.0018998639425262809, 0.001871525659225881, 0.0018461450235918164, 0.0017920394893735647, 0.0017576946411281824, 0.0016666809096932411, 0.001693184138275683, 0.001609276863746345, 0.0016475757583975792, 0.0015786313451826572, 0.0015375957591459155, 0.0015075941337272525, 0.001558877993375063, 0.001442680018953979, 0.0014531684573739767, 0.0014033149927854538, 0.0014264779165387154, 0.0013610207242891192, 0.0013876984594389796, 0.0013159771915525198, 0.001301000826060772, 0.0012774456990882754, 0.0012598654720932245, 0.0012654542224481702, 0.001211752649396658, 0.001221502316184342, 0.0011927175801247358, 0.001139009022153914, 0.0012636129977181554, 0.0011612153612077236, 0.0011157654225826263, 0.0011004075640812516, 0.0011053908383473754, 0.0010530382860451937, 0.0010340360458940268, 0.0010379673913121223, 0.0010474382434040308, 0.0010115832556039095, 0.001016142894513905, 0.0009827491594478488, 0.0009378685499541461, 0.000976925133727491, 0.0009676445624791086, 0.0009306241990998387, 0.0009353929781354964, 0.0009136280859820545, 0.0009359958348795772, 0.0008992747170850635, 0.0008743462967686355, 0.0008896379149518907, 0.0008825397817417979, 0.0008409595466218889, 0.0008189993677660823, 0.0008250169921666384, 0.0008138277335092425], "accs": [55.869998931884766, 61.80999755859375, 66.94999694824219, 69.79999542236328, 70.7699966430664, 72.8499984741211, 73.93999481201172, 73.93999481201172, 77.11000061035156, 75.81999969482422, 76.44999694824219, 78.61000061035156, 78.68000030517578, 78.82999420166016, 79.25999450683594, 79.33999633789062, 80.77999877929688, 81.06999969482422, 81.56999969482422, 81.47999572753906, 81.69999694824219, 81.80999755859375, 80.41999816894531, 81.16999816894531, 82.43000030517578, 81.97999572753906, 83.05999755859375, 82.83999633789062, 82.72999572753906, 83.0199966430664, 83.18999481201172, 83.18999481201172, 83.48999786376953, 83.62999725341797, 83.54999542236328, 83.72000122070312, 82.88999938964844, 83.18999481201172, 82.6500015258789, 83.8499984741211, 82.5999984741211, 83.47999572753906, 83.63999938964844, 84.08999633789062, 83.65999603271484, 83.7699966430664, 83.12999725341797, 83.90999603271484, 83.45999908447266, 84.47999572753906, 83.72999572753906, 83.43999481201172, 83.93999481201172, 83.82999420166016, 84.1500015258789, 84.56999969482422, 84.00999450683594, 84.33999633789062, 84.36000061035156, 84.25, 84.47000122070312, 84.4000015258789, 84.0199966430664, 84.12999725341797, 84.36000061035156, 84.0199966430664, 83.80999755859375, 84.0999984741211, 84.18999481201172, 84.11000061035156, 84.29999542236328, 84.22999572753906, 84.44999694824219, 84.4000015258789, 84.43999481201172, 84.55999755859375, 84.20999908447266, 84.63999938964844, 84.3499984741211, 84.47999572753906, 84.30999755859375, 84.63999938964844, 84.50999450683594, 84.52999877929688, 84.88999938964844, 84.6500015258789, 84.86000061035156, 84.13999938964844, 84.79999542236328, 85.05999755859375, 84.6500015258789, 84.65999603271484, 84.41999816894531, 84.32999420166016, 84.93000030517578, 84.36000061035156, 84.2699966430664, 84.29000091552734, 84.56999969482422, 84.66999816894531], "epochs": [0, 1, 2, 3, 4, 5, 6, 7, 8, 9, 10, 11, 12, 13, 14, 15, 16, 17, 18, 19, 20, 21, 22, 23, 24, 25, 26, 27, 28, 29, 30, 31, 32, 33, 34, 35, 36, 37, 38, 39, 40, 41, 42, 43, 44, 45, 46, 47, 48, 49, 50, 51, 52, 53, 54, 55, 56, 57, 58, 59, 60, 61, 62, 63, 64, 65, 66, 67, 68, 69, 70, 71, 72, 73, 74, 75, 76, 77, 78, 79, 80, 81, 82, 83, 84, 85, 86, 87, 88, 89, 90, 91, 92, 93, 94, 95, 96, 97, 98, 99]}