{"train_losses": [0.014557680115103722, 0.01110892090946436, 0.009401366114616394, 0.008167386054992676, 0.007446277886629105, 0.006798854097723961, 0.006309711840003729, 0.005898199509829283, 0.0055963024497032166, 0.005311152432113886, 0.00504367146641016, 0.004889354575425386, 0.004699190147221088, 0.004539979621767998, 0.0043903132900595665, 0.004281281027942896, 0.004125787410885096, 0.003987408243119717, 0.0038631646893918514, 0.003839193843305111, 0.0037157658953219652, 0.003616663161665201, 0.003752304008230567, 0.0035035894252359867, 0.003356984816491604, 0.0032600830309093, 0.003185455920174718, 0.0033189167734235525, 0.0031845346093177795, 0.002989453263580799, 0.0028881242033094168, 0.0028092230204492807, 0.0028012769762426615, 0.002868212293833494, 0.0026873634196817875, 0.002599357860162854, 0.0026749111711978912, 0.002854179823771119, 0.0025042686611413956, 0.0024149692617356777, 0.0024143345654010773, 0.0023381304927170277, 0.002290877280756831, 0.0022169705480337143, 0.002212338149547577, 0.002158423187211156, 0.002118448494002223, 0.002108423737809062, 0.002414137125015259, 0.0020848580170422792, 0.0019962741062045097, 0.001999779837206006, 0.001918933936394751, 0.0019283125875517726, 0.0018740409286692739, 0.0018480613362044096, 0.0018169332761317492, 0.0017626299522817135, 0.0017968581523746252, 0.0017523457063362002, 0.0016895256703719497, 0.0016919018235057592, 0.0016752087976783514, 0.001630165264941752, 0.0015990656102076173, 0.0015939909499138594, 0.0018914291867986321, 0.0015967583749443293, 0.0014885168056935072, 0.001500945072621107, 0.0023050601594150066, 0.0021183891221880913, 0.0016593675827607512, 0.0014176052063703537, 0.0013424380449578166, 0.0013496401952579618, 0.0013449211837723851, 0.001360104652121663, 0.0013614194467663765, 0.0013534548925235868, 0.0012990690302103758, 0.0013171540340408683, 0.0013014664873480797, 0.0012471836525946856, 0.00125722901429981, 0.0012653168523684144, 0.0012562990887090564, 0.0012161481427028775, 0.001277643023058772, 0.0012102286564186215, 0.0011421235976740718, 0.0012067307252436876, 0.0011269371025264263, 0.001125864451751113, 0.0010910040000453591, 0.001138615421950817, 0.0010784603655338287, 0.0010754694230854511, 0.0010833718115463853, 0.0010999635560438037], "accs": [44.66999816894531, 54.07999801635742, 63.099998474121094, 64.65999603271484, 69.93000030517578, 71.33000183105469, 72.47000122070312, 73.38999938964844, 75.5199966430664, 75.3699951171875, 75.58000183105469, 76.04000091552734, 77.25999450683594, 79.29000091552734, 77.75, 79.37999725341797, 79.48999786376953, 80.25, 81.19999694824219, 80.18000030517578, 79.66999816894531, 81.4000015258789, 79.7699966430664, 81.6199951171875, 82.1500015258789, 81.98999786376953, 82.66999816894531, 78.7699966430664, 82.16999816894531, 82.07999420166016, 82.22000122070312, 82.6199951171875, 82.8699951171875, 82.48999786376953, 83.19999694824219, 82.93000030517578, 76.97999572753906, 83.73999786376953, 83.3699951171875, 82.97999572753906, 83.63999938964844, 83.79000091552734, 83.36000061035156, 83.47000122070312, 82.29000091552734, 83.27999877929688, 83.43000030517578, 82.72999572753906, 84.18000030517578, 84.68999481201172, 83.87999725341797, 84.57999420166016, 84.1199951171875, 84.44999694824219, 83.69999694824219, 83.68999481201172, 83.79000091552734, 84.29000091552734, 84.00999450683594, 84.00999450683594, 84.77999877929688, 84.30999755859375, 84.00999450683594, 84.66999816894531, 84.31999969482422, 83.91999816894531, 84.45999908447266, 84.5, 84.43999481201172, 83.75999450683594, 80.66999816894531, 84.20999908447266, 84.02999877929688, 84.6500015258789, 84.11000061035156, 84.47999572753906, 84.61000061035156, 84.1199951171875, 84.68999481201172, 83.54000091552734, 83.6500015258789, 84.40999603271484, 85.22000122070312, 83.83999633789062, 84.97999572753906, 84.6199951171875, 84.22000122070312, 80.75999450683594, 84.91999816894531, 84.16999816894531, 84.52999877929688, 84.68000030517578, 85.16999816894531, 85.20999908447266, 84.13999938964844, 85.22000122070312, 84.47999572753906, 84.79000091552734, 85.12999725341797, 85.08999633789062], "epochs": [0, 1, 2, 3, 4, 5, 6, 7, 8, 9, 10, 11, 12, 13, 14, 15, 16, 17, 18, 19, 20, 21, 22, 23, 24, 25, 26, 27, 28, 29, 30, 31, 32, 33, 34, 35, 36, 37, 38, 39, 40, 41, 42, 43, 44, 45, 46, 47, 48, 49, 50, 51, 52, 53, 54, 55, 56, 57, 58, 59, 60, 61, 62, 63, 64, 65, 66, 67, 68, 69, 70, 71, 72, 73, 74, 75, 76, 77, 78, 79, 80, 81, 82, 83, 84, 85, 86, 87, 88, 89, 90, 91, 92, 93, 94, 95, 96, 97, 98, 99]}