{"train_losses": [0.012070709839463234, 0.009207968600094318, 0.007978887297213078, 0.007185820024460554, 0.006629553157836199, 0.00614571338519454, 0.00578699866309762, 0.005502164363861084, 0.00521522993221879, 0.004975102376192808, 0.004756943788379431, 0.004596741404384375, 0.004437510389834642, 0.0042356024496257305, 0.004144061356782913, 0.003985006362199783, 0.003881456097587943, 0.0037227757275104523, 0.003627110505476594, 0.003522100392729044, 0.003436332568526268, 0.003328667487949133, 0.0032655757386237383, 0.003182470565661788, 0.00308938417583704, 0.003010060405358672, 0.0029341087210923433, 0.0028377468697726727, 0.0027756013441830873, 0.0026991835329681635, 0.002644673455506563, 0.002576591679826379, 0.002532576909288764, 0.002434495836496353, 0.002413315000012517, 0.002331450814381242, 0.0023131314665079117, 0.0022296099923551083, 0.002230167854577303, 0.002158636227250099, 0.002114584669470787, 0.0020498912781476974, 0.002038219477981329, 0.0019655313808470964, 0.001946970820426941, 0.0018851479981094599, 0.0018198381876572967, 0.0018591552507132292, 0.0017581155989319086, 0.0017431216547265649, 0.0017353107687085867, 0.0016568178543820977, 0.0016775942640379071, 0.0016013063723221421, 0.001617254107259214, 0.001532109221443534, 0.0015720664523541927, 0.001481361803598702, 0.0014546666061505675, 0.0014482460683211684, 0.0013916909229010344, 0.0013865026412531734, 0.001355439773760736, 0.0013154923217371106, 0.0013453697320073843, 0.0012780268443748355, 0.0012932667741551995, 0.0012688158312812448, 0.0012467887718230486, 0.0012119447346776724, 0.0012235484318807721, 0.0012020347639918327, 0.0011730584083124995, 0.0011303938226774335, 0.0010911693098023534, 0.0010914423037320375, 0.001098934095352888, 0.00109856144990772, 0.0010567611316218972, 0.0010599105153232813, 0.0010417315643280745, 0.0010232607601210475, 0.0009896636474877596, 0.00097021518740803, 0.0009728925651870668, 0.0009640479111112654, 0.0009625519160181284, 0.0009596254676580429, 0.0009134302963502705, 0.0009378367103636265, 0.0008712522685527802, 0.0009551409748382866, 0.000898017839062959, 0.000876647187396884, 0.0008712323615327477, 0.0008625230402685702, 0.0008248047670349479, 0.0008108290494419634, 0.0008038912201300263, 0.0008101920830085874], "accs": [50.07999801635742, 59.8599967956543, 64.98999786376953, 69.5199966430664, 71.98999786376953, 72.86000061035156, 73.88999938964844, 76.47999572753906, 76.93999481201172, 77.70999908447266, 76.6500015258789, 78.04999542236328, 78.05999755859375, 78.45999908447266, 79.20999908447266, 79.5199966430664, 81.12999725341797, 80.75, 80.72000122070312, 81.57999420166016, 81.43000030517578, 81.70999908447266, 82.30999755859375, 81.77999877929688, 82.0199966430664, 82.5, 82.72000122070312, 82.62999725341797, 83.25999450683594, 82.48999786376953, 82.79999542236328, 83.29000091552734, 83.8499984741211, 84.02999877929688, 82.95999908447266, 83.5, 83.55999755859375, 83.56999969482422, 83.54999542236328, 83.73999786376953, 83.57999420166016, 84.47999572753906, 84.0999984741211, 84.02999877929688, 83.88999938964844, 83.82999420166016, 84.13999938964844, 83.95999908447266, 84.07999420166016, 84.18000030517578, 84.68999481201172, 83.6500015258789, 84.45999908447266, 84.18000030517578, 84.56999969482422, 84.63999938964844, 84.6500015258789, 84.43000030517578, 84.27999877929688, 84.52999877929688, 84.94999694824219, 85.15999603271484, 84.47000122070312, 84.63999938964844, 84.81999969482422, 84.56999969482422, 84.61000061035156, 84.31999969482422, 84.47999572753906, 84.69999694824219, 84.2699966430664, 84.88999938964844, 84.87999725341797, 84.72999572753906, 84.6199951171875, 84.70999908447266, 83.77999877929688, 84.50999450683594, 83.94999694824219, 85.0199966430664, 84.15999603271484, 84.37999725341797, 84.25, 84.97000122070312, 84.43999481201172, 84.93000030517578, 84.87999725341797, 84.5999984741211, 84.5999984741211, 85.44999694824219, 84.98999786376953, 84.75999450683594, 84.45999908447266, 84.87999725341797, 84.81999969482422, 84.8499984741211, 84.5999984741211, 84.9000015258789, 85.1500015258789, 84.93999481201172], "epochs": [0, 1, 2, 3, 4, 5, 6, 7, 8, 9, 10, 11, 12, 13, 14, 15, 16, 17, 18, 19, 20, 21, 22, 23, 24, 25, 26, 27, 28, 29, 30, 31, 32, 33, 34, 35, 36, 37, 38, 39, 40, 41, 42, 43, 44, 45, 46, 47, 48, 49, 50, 51, 52, 53, 54, 55, 56, 57, 58, 59, 60, 61, 62, 63, 64, 65, 66, 67, 68, 69, 70, 71, 72, 73, 74, 75, 76, 77, 78, 79, 80, 81, 82, 83, 84, 85, 86, 87, 88, 89, 90, 91, 92, 93, 94, 95, 96, 97, 98, 99]}