{"train_losses": [0.018989302217960358, 0.018106583505868912, 0.01741350255906582, 0.016957463696599007, 0.01654644124209881, 0.016248086467385292, 0.01591469906270504, 0.015686634927988052, 0.015504973009228706, 0.015292804688215256, 0.0151424715295434, 0.014974319376051426, 0.014838646166026592, 0.014759905636310577, 0.014600683003664017, 0.014542578719556332, 0.014398543164134026, 0.0142826521769166, 0.014183319173753262, 0.014136971905827522, 0.014134534634649754, 0.013983971439301968, 0.01391594484448433, 0.013838921673595905, 0.013752690516412258, 0.01369086280465126, 0.01361684687435627, 0.013577979058027267, 0.013540667481720448, 0.013474824838340282, 0.013389412313699722, 0.01330916304141283, 0.013277771882712841, 0.013232707045972347, 0.013167954050004482, 0.013093510642647743, 0.013077035546302795, 0.013049479573965073, 0.0129892248660326, 0.012933526188135147, 0.012876840308308601, 0.012818241491913795, 0.012805198319256306, 0.012781290337443352, 0.012701613828539848, 0.01268051192164421, 0.01262922864407301, 0.012617520056664944, 0.01257400494068861, 0.012527131475508213, 0.012496842071413994, 0.012463661842048168, 0.01244165375828743, 0.012429565191268921, 0.01235230453312397, 0.012303107418119907, 0.012255539186298847, 0.012221590615808964, 0.012207115069031715, 0.012153332121670246, 0.012129931710660458, 0.012117195874452591, 0.012088901363313198, 0.012079472653567791, 0.01203372422605753, 0.012027636170387268, 0.011963365599513054, 0.011949255131185055, 0.01189475879073143, 0.011859424412250519, 0.011873356997966766, 0.01183578185737133, 0.011799137108027935, 0.011767151765525341, 0.011737795546650887, 0.011727283708751202, 0.011679154820740223, 0.011674589477479458, 0.01167577225714922, 0.01160512026399374, 0.0116164181381464, 0.011595010757446289, 0.011551945470273495, 0.01153210923075676, 0.011517510749399662, 0.011488734744489193, 0.011475584469735622, 0.011451182886958122, 0.011407907120883465, 0.011393502354621887, 0.011388536542654037, 0.0113717345520854, 0.011371123604476452, 0.011326560750603676, 0.01127670519053936, 0.011275333352386951, 0.01127755455672741, 0.011214174330234528, 0.01120710652321577, 0.011150801554322243], "accs": [13.529999732971191, 17.3799991607666, 20.0, 22.28999900817871, 24.149999618530273, 25.65999984741211, 26.81999969482422, 28.0, 29.059999465942383, 29.889999389648438, 30.26999855041504, 31.28999900817871, 31.920000076293945, 32.75, 33.15999984741211, 33.88999938964844, 34.529998779296875, 34.7599983215332, 35.48999786376953, 36.16999816894531, 36.22999954223633, 36.7599983215332, 37.31999969482422, 37.689998626708984, 37.37999725341797, 37.96999740600586, 38.599998474121094, 38.80999755859375, 39.13999938964844, 39.279998779296875, 39.5, 40.18000030517578, 40.32999801635742, 40.54999923706055, 41.14999771118164, 41.29999923706055, 41.46999740600586, 41.62999725341797, 42.12999725341797, 42.28999710083008, 42.599998474121094, 42.59000015258789, 42.78999710083008, 43.099998474121094, 43.48999786376953, 43.61000061035156, 43.64999771118164, 44.099998474121094, 44.39999771118164, 44.34000015258789, 44.52000045776367, 44.439998626708984, 44.79999923706055, 44.7599983215332, 44.96999740600586, 45.11000061035156, 45.12999725341797, 45.32999801635742, 45.209999084472656, 45.619998931884766, 45.849998474121094, 46.099998474121094, 46.119998931884766, 46.189998626708984, 46.19999694824219, 46.279998779296875, 46.44999694824219, 46.55999755859375, 46.89999771118164, 47.0099983215332, 46.88999938964844, 47.06999969482422, 47.209999084472656, 47.31999969482422, 47.849998474121094, 47.75, 47.73999786376953, 47.79999923706055, 47.91999816894531, 48.11000061035156, 48.189998626708984, 48.37999725341797, 48.32999801635742, 48.59000015258789, 48.86000061035156, 48.77000045776367, 48.869998931884766, 48.82999801635742, 49.11000061035156, 49.099998474121094, 49.209999084472656, 49.54999923706055, 49.55999755859375, 49.47999954223633, 49.41999816894531, 49.75, 49.72999954223633, 50.06999969482422, 49.77000045776367, 50.06999969482422], "epochs": [0, 1, 2, 3, 4, 5, 6, 7, 8, 9, 10, 11, 12, 13, 14, 15, 16, 17, 18, 19, 20, 21, 22, 23, 24, 25, 26, 27, 28, 29, 30, 31, 32, 33, 34, 35, 36, 37, 38, 39, 40, 41, 42, 43, 44, 45, 46, 47, 48, 49, 50, 51, 52, 53, 54, 55, 56, 57, 58, 59, 60, 61, 62, 63, 64, 65, 66, 67, 68, 69, 70, 71, 72, 73, 74, 75, 76, 77, 78, 79, 80, 81, 82, 83, 84, 85, 86, 87, 88, 89, 90, 91, 92, 93, 94, 95, 96, 97, 98, 99]}