{"train_losses": [0.016878491267561913, 0.01461471151560545, 0.013691152445971966, 0.013128460384905338, 0.012670040130615234, 0.012334818951785564, 0.012005826458334923, 0.011741816066205502, 0.011517267674207687, 0.011297814548015594, 0.011161666363477707, 0.010935110040009022, 0.010785265825688839, 0.010613395832479, 0.010487479157745838, 0.010306496173143387, 0.010212943889200687, 0.010093145072460175, 0.009935060515999794, 0.00985433254390955, 0.00971988309174776, 0.009592794813215733, 0.009517723694443703, 0.009406577795743942, 0.009290355257689953, 0.009183519519865513, 0.009086697362363338, 0.009029443375766277, 0.008917909115552902, 0.00883291196078062, 0.008759802207350731, 0.00870326068252325, 0.008590269833803177, 0.00851297564804554, 0.008467045612633228, 0.008349998854100704, 0.008284253068268299, 0.008220487274229527, 0.00815623626112938, 0.008080531843006611, 0.00801722053438425, 0.007975617423653603, 0.007893613539636135, 0.007819176651537418, 0.007791778538376093, 0.007745009381324053, 0.007653830572962761, 0.007620404940098524, 0.007512139622122049, 0.007458411622792482, 0.007415739353746176, 0.007402076851576567, 0.007310818415135145, 0.007280950900167227, 0.007244103122502565, 0.007122301496565342, 0.007094102445989847, 0.007054066751152277, 0.007020696997642517, 0.006960249971598387, 0.006947644054889679, 0.006860252469778061, 0.006860962137579918, 0.0067931474186480045, 0.006710591726005077, 0.006720901932567358, 0.006644782610237598, 0.006629960611462593, 0.006566195283085108, 0.006539870053529739, 0.006509319879114628, 0.006448558997362852, 0.0063760788179934025, 0.00636579655110836, 0.006314676254987717, 0.006293162237852812, 0.006247221026569605, 0.006221510004252195, 0.006177488248795271, 0.006108350586146116, 0.006065066438168287, 0.0060581942088902, 0.0060056280344724655, 0.005975863430649042, 0.0059449938125908375, 0.005937947425991297, 0.005862769670784473, 0.0058290837332606316, 0.005794012453407049, 0.005745238624513149, 0.005745348986238241, 0.0057065789587795734, 0.005656298249959946, 0.005589741747826338, 0.005604528822004795, 0.005555629730224609, 0.005489155184477568, 0.005513561889529228, 0.005486408714205027, 0.005440758541226387], "accs": [30.309999465942383, 37.23999786376953, 40.18000030517578, 42.29999923706055, 44.39999771118164, 46.529998779296875, 47.209999084472656, 48.529998779296875, 49.369998931884766, 50.25, 51.369998931884766, 52.25, 52.599998474121094, 53.31999969482422, 53.56999969482422, 54.5099983215332, 55.029998779296875, 55.88999938964844, 56.29999923706055, 57.16999816894531, 57.0099983215332, 57.15999984741211, 57.869998931884766, 58.65999984741211, 58.81999969482422, 58.98999786376953, 59.369998931884766, 59.8599967956543, 60.1099967956543, 60.96999740600586, 61.28999710083008, 61.519996643066406, 61.91999816894531, 62.19999694824219, 62.599998474121094, 62.5, 62.47999954223633, 63.1099967956543, 62.849998474121094, 63.54999923706055, 63.439998626708984, 63.78999710083008, 64.08999633789062, 64.2699966430664, 64.4000015258789, 64.83999633789062, 64.76000213623047, 64.6500015258789, 65.23999786376953, 65.72000122070312, 65.48999786376953, 65.80999755859375, 65.7699966430664, 65.66999816894531, 66.12999725341797, 66.13999938964844, 66.43000030517578, 66.62999725341797, 66.7699966430664, 67.18999481201172, 66.97000122070312, 67.00999450683594, 67.54000091552734, 67.45999908447266, 68.00999450683594, 68.12999725341797, 68.4000015258789, 67.94999694824219, 67.9000015258789, 68.29999542236328, 68.47000122070312, 68.55999755859375, 68.54999542236328, 69.08999633789062, 69.2699966430664, 68.72999572753906, 69.20999908447266, 69.58000183105469, 69.94999694824219, 69.58999633789062, 69.54999542236328, 69.8699951171875, 69.55999755859375, 70.18999481201172, 70.43999481201172, 70.3699951171875, 70.13999938964844, 70.05999755859375, 69.8499984741211, 70.0199966430664, 70.37999725341797, 70.38999938964844, 70.25999450683594, 70.33000183105469, 70.54000091552734, 70.45999908447266, 70.80999755859375, 70.63999938964844, 70.68000030517578, 70.75999450683594], "epochs": [0, 1, 2, 3, 4, 5, 6, 7, 8, 9, 10, 11, 12, 13, 14, 15, 16, 17, 18, 19, 20, 21, 22, 23, 24, 25, 26, 27, 28, 29, 30, 31, 32, 33, 34, 35, 36, 37, 38, 39, 40, 41, 42, 43, 44, 45, 46, 47, 48, 49, 50, 51, 52, 53, 54, 55, 56, 57, 58, 59, 60, 61, 62, 63, 64, 65, 66, 67, 68, 69, 70, 71, 72, 73, 74, 75, 76, 77, 78, 79, 80, 81, 82, 83, 84, 85, 86, 87, 88, 89, 90, 91, 92, 93, 94, 95, 96, 97, 98, 99]}