{"train_losses": [0.016690237447619438, 0.014687742106616497, 0.01381040271371603, 0.013276462443172932, 0.012852223590016365, 0.01251971535384655, 0.012176895514130592, 0.011926906183362007, 0.011691831052303314, 0.01145348884165287, 0.011244124732911587, 0.011080390773713589, 0.010889398865401745, 0.01076828595250845, 0.010574137791991234, 0.010438946075737476, 0.010304607450962067, 0.010206334292888641, 0.010013758204877377, 0.009918753057718277, 0.009817936457693577, 0.009715264663100243, 0.009563879109919071, 0.009480355307459831, 0.009375092573463917, 0.009251432493329048, 0.009174547158181667, 0.009103610180318356, 0.008998950012028217, 0.00893418863415718, 0.008789369836449623, 0.008711965754628181, 0.0086546391248703, 0.008622782304883003, 0.008489015512168407, 0.00839767511934042, 0.008362095803022385, 0.00825839675962925, 0.008212659507989883, 0.008106673136353493, 0.008075186051428318, 0.007984692230820656, 0.007896289229393005, 0.007854408584535122, 0.007809379603713751, 0.007747268304228783, 0.007691253442317247, 0.007630267646163702, 0.007548276335000992, 0.007484511937946081, 0.007441542111337185, 0.007387313060462475, 0.007357881870120764, 0.007326798513531685, 0.007212277036160231, 0.0071790628135204315, 0.007139340043067932, 0.007051023188978434, 0.007028650492429733, 0.00696125952526927, 0.006935792043805122, 0.006919709965586662, 0.00683399336412549, 0.00680296728387475, 0.0067388759925961494, 0.006724917329847813, 0.006638041697442532, 0.006629076786339283, 0.006552049890160561, 0.006560180336236954, 0.00647509703412652, 0.006458410061895847, 0.006422456353902817, 0.0063789114356040955, 0.006307973060756922, 0.006296425126492977, 0.006248926278203726, 0.006202283781021833, 0.006165349390357733, 0.006113341543823481, 0.006128390319645405, 0.006069413386285305, 0.005967102479189634, 0.006003363523632288, 0.00594501756131649, 0.005930030252784491, 0.005917719565331936, 0.0058399527333676815, 0.005799590144306421, 0.005800776183605194, 0.005755042657256126, 0.005693565122783184, 0.005680880509316921, 0.005646891891956329, 0.005571200978010893, 0.00556286470964551, 0.005473857279866934, 0.005519017111510038, 0.005475686397403479, 0.005452609620988369], "accs": [30.009998321533203, 35.56999969482422, 38.66999816894531, 41.68000030517578, 43.48999786376953, 45.41999816894531, 46.439998626708984, 47.439998626708984, 48.29999923706055, 49.369998931884766, 49.81999969482422, 50.86000061035156, 51.59000015258789, 52.439998626708984, 52.78999710083008, 53.349998474121094, 54.27000045776367, 54.5099983215332, 55.06999969482422, 55.81999969482422, 56.19999694824219, 56.68000030517578, 57.37999725341797, 57.87999725341797, 57.69999694824219, 58.16999816894531, 58.89999771118164, 59.279998779296875, 59.57999801635742, 59.769996643066406, 60.56999969482422, 60.68000030517578, 61.37999725341797, 61.5099983215332, 61.53999710083008, 61.98999786376953, 62.43000030517578, 62.73999786376953, 62.689998626708984, 63.14999771118164, 62.869998931884766, 63.71999740600586, 63.959999084472656, 64.04999542236328, 64.33000183105469, 64.40999603271484, 64.55999755859375, 64.8499984741211, 65.25, 65.27999877929688, 65.36000061035156, 65.77999877929688, 65.91999816894531, 66.38999938964844, 66.04999542236328, 66.48999786376953, 66.54999542236328, 66.54999542236328, 66.88999938964844, 66.93999481201172, 67.13999938964844, 67.5, 67.44999694824219, 67.48999786376953, 67.5199966430664, 67.58999633789062, 67.94999694824219, 67.72000122070312, 68.16999816894531, 67.98999786376953, 68.16999816894531, 68.5999984741211, 68.3699951171875, 68.68999481201172, 68.9000015258789, 68.70999908447266, 68.68999481201172, 68.95999908447266, 69.1199951171875, 69.41999816894531, 69.45999908447266, 69.72000122070312, 69.69999694824219, 69.45999908447266, 69.83000183105469, 70.15999603271484, 70.04999542236328, 69.80999755859375, 70.18999481201172, 70.22000122070312, 70.18000030517578, 70.02999877929688, 70.38999938964844, 70.25, 70.86000061035156, 70.91999816894531, 70.77999877929688, 71.12999725341797, 70.41999816894531, 70.58999633789062], "epochs": [0, 1, 2, 3, 4, 5, 6, 7, 8, 9, 10, 11, 12, 13, 14, 15, 16, 17, 18, 19, 20, 21, 22, 23, 24, 25, 26, 27, 28, 29, 30, 31, 32, 33, 34, 35, 36, 37, 38, 39, 40, 41, 42, 43, 44, 45, 46, 47, 48, 49, 50, 51, 52, 53, 54, 55, 56, 57, 58, 59, 60, 61, 62, 63, 64, 65, 66, 67, 68, 69, 70, 71, 72, 73, 74, 75, 76, 77, 78, 79, 80, 81, 82, 83, 84, 85, 86, 87, 88, 89, 90, 91, 92, 93, 94, 95, 96, 97, 98, 99]}