{"train_losses": [0.014891818165779114, 0.01112086046487093, 0.00938816461712122, 0.008283693343400955, 0.007461679633706808, 0.0068694488145411015, 0.006370075512677431, 0.0059677185490727425, 0.005649099126458168, 0.005383176729083061, 0.005132779944688082, 0.0049573699943721294, 0.004740793723613024, 0.004603457637131214, 0.004457496106624603, 0.0042921314015984535, 0.004139971919357777, 0.00406284024938941, 0.0039002406410872936, 0.003795779077336192, 0.0037343385629355907, 0.0036196333821862936, 0.003506675362586975, 0.0034588368143886328, 0.0033486876636743546, 0.003284567268565297, 0.003177633509039879, 0.003085938049480319, 0.003050177590921521, 0.0029879987705498934, 0.0030289168935269117, 0.00283604022115469, 0.0028938367031514645, 0.002741235075518489, 0.0026644347235560417, 0.0026294582057744265, 0.002574280835688114, 0.002549732569605112, 0.002448951592668891, 0.002868232550099492, 0.0024933635722845793, 0.002324694534763694, 0.002302242908626795, 0.0023608629126101732, 0.002217711415141821, 0.0021522105671465397, 0.002152254804968834, 0.002106140134856105, 0.002106474479660392, 0.002265322720631957, 0.002367272973060608, 0.0019931376446038485, 0.0019213538616895676, 0.001884686411358416, 0.001877812435850501, 0.0019017941085621715, 0.0018416335806250572, 0.0018328758887946606, 0.001782991923391819, 0.0017648030770942569, 0.0017229911172762513, 0.001687663490884006, 0.0017050552414730191, 0.0016529035056009889, 0.0016493024304509163, 0.0015984687488526106, 0.0016071629943326116, 0.001557646319270134, 0.0015275387559086084, 0.0015000838320702314, 0.0014880149392411113, 0.0014798203483223915, 0.0014778072945773602, 0.0014554259832948446, 0.0014154876116663218, 0.0013951337896287441, 0.0014064020942896605, 0.001335005508735776, 0.0014021166134625673, 0.0013042446225881577, 0.0013050376437604427, 0.0012868090998381376, 0.001257251133210957, 0.0012885087635368109, 0.0012408958282321692, 0.001209288602694869, 0.0012321241665631533, 0.0012107302900403738, 0.0012108890805393457, 0.0011875407071784139, 0.0011814914178103209, 0.0011414624750614166, 0.0011440804228186607, 0.0011403028620406985, 0.0011102985590696335, 0.0011207261122763157, 0.0010845903307199478, 0.0010898085311055183, 0.0010689240880310535, 0.0010467168176546693], "accs": [42.0, 52.1099967956543, 59.09000015258789, 61.94999694824219, 70.0199966430664, 71.0999984741211, 67.04000091552734, 73.18000030517578, 77.0199966430664, 76.11000061035156, 76.31999969482422, 77.65999603271484, 77.47000122070312, 78.13999938964844, 78.16999816894531, 79.54999542236328, 77.54000091552734, 79.88999938964844, 80.4000015258789, 80.08999633789062, 80.68000030517578, 80.87999725341797, 80.66999816894531, 80.55999755859375, 80.72999572753906, 81.15999603271484, 81.47000122070312, 81.58999633789062, 82.00999450683594, 81.91999816894531, 81.82999420166016, 83.04999542236328, 82.0999984741211, 82.6199951171875, 82.94999694824219, 83.1199951171875, 80.93999481201172, 83.47000122070312, 83.27999877929688, 83.0999984741211, 83.7699966430664, 83.06999969482422, 83.7699966430664, 83.63999938964844, 84.1500015258789, 82.93999481201172, 83.05999755859375, 82.90999603271484, 83.30999755859375, 79.93000030517578, 84.18999481201172, 83.94999694824219, 83.48999786376953, 83.56999969482422, 83.80999755859375, 83.07999420166016, 82.75999450683594, 84.00999450683594, 84.13999938964844, 83.69999694824219, 83.9000015258789, 82.97000122070312, 84.08999633789062, 83.7699966430664, 84.57999420166016, 84.06999969482422, 83.68000030517578, 83.38999938964844, 84.12999725341797, 84.44999694824219, 84.20999908447266, 84.31999969482422, 84.43999481201172, 84.3699951171875, 84.1500015258789, 84.16999816894531, 84.5199966430664, 84.19999694824219, 84.43999481201172, 84.18999481201172, 84.3699951171875, 84.47000122070312, 84.50999450683594, 84.8499984741211, 84.29000091552734, 85.25999450683594, 84.57999420166016, 84.4000015258789, 84.86000061035156, 84.57999420166016, 84.57999420166016, 84.11000061035156, 84.43999481201172, 84.88999938964844, 85.1500015258789, 84.5, 84.54000091552734, 84.5999984741211, 83.68999481201172, 84.30999755859375], "epochs": [0, 1, 2, 3, 4, 5, 6, 7, 8, 9, 10, 11, 12, 13, 14, 15, 16, 17, 18, 19, 20, 21, 22, 23, 24, 25, 26, 27, 28, 29, 30, 31, 32, 33, 34, 35, 36, 37, 38, 39, 40, 41, 42, 43, 44, 45, 46, 47, 48, 49, 50, 51, 52, 53, 54, 55, 56, 57, 58, 59, 60, 61, 62, 63, 64, 65, 66, 67, 68, 69, 70, 71, 72, 73, 74, 75, 76, 77, 78, 79, 80, 81, 82, 83, 84, 85, 86, 87, 88, 89, 90, 91, 92, 93, 94, 95, 96, 97, 98, 99]}