{"train_losses": [0.01205579936504364, 0.009189508855342865, 0.007870225235819817, 0.00709405867382884, 0.0065039172768592834, 0.006037031300365925, 0.005675696302205324, 0.0053663249127566814, 0.005139179062098265, 0.004934476222842932, 0.004701588302850723, 0.004515283275395632, 0.004339823964983225, 0.004200346767902374, 0.004099857993423939, 0.003974897786974907, 0.003833574475720525, 0.003753454191610217, 0.0035935903433710337, 0.003565587103366852, 0.003410014323890209, 0.0032945675775408745, 0.0032261472661048174, 0.003130106022581458, 0.0030482537113130093, 0.0030031048227101564, 0.0028719136025756598, 0.0028447099030017853, 0.0027719512581825256, 0.002731808926910162, 0.002647788729518652, 0.002561297733336687, 0.0025229803286492825, 0.0024714169558137655, 0.002407118445262313, 0.0023833534214645624, 0.0022776913829147816, 0.0022262344136834145, 0.002224583178758621, 0.0021338837686926126, 0.0020999249536544085, 0.0020524384453892708, 0.002029599156230688, 0.001971497666090727, 0.00201170751824975, 0.0019103294471278787, 0.001908538630232215, 0.001811801572330296, 0.001770106959156692, 0.001726375543512404, 0.0017033384647220373, 0.0016808084910735488, 0.0016397321596741676, 0.0016201878897845745, 0.001616481109522283, 0.0015829812036827207, 0.0015308292349800467, 0.0014696128200739622, 0.0014572227373719215, 0.0014288009842857718, 0.001432389602996409, 0.001432696357369423, 0.001399712054990232, 0.0013851453550159931, 0.0013360257726162672, 0.001463579828850925, 0.0012695196783170104, 0.0012778342934325337, 0.001249774475581944, 0.0012322847032919526, 0.001188693568110466, 0.0012073949910700321, 0.00120915612205863, 0.0011800979264080524, 0.001139372936449945, 0.0010945386020466685, 0.001132373115979135, 0.0013071880675852299, 0.0010529787978157401, 0.0010651379125192761, 0.0010592784965410829, 0.0010015515144914389, 0.0010040468769147992, 0.000998267438262701, 0.0009863864397630095, 0.0010007816599681973, 0.0009456612751819193, 0.0009660067735239863, 0.000990863423794508, 0.0009365949663333595, 0.0009321178076788783, 0.0009181560017168522, 0.0008861750829964876, 0.0009260670049116015, 0.0008683426422066987, 0.0008739783079363406, 0.0008561246795579791, 0.000811575970146805, 0.0008159829303622246, 0.0008502844721078873], "accs": [57.23999786376953, 60.5, 67.22999572753906, 69.50999450683594, 71.38999938964844, 70.45999908447266, 73.0999984741211, 75.12999725341797, 77.22999572753906, 78.25999450683594, 77.97000122070312, 77.54000091552734, 79.19999694824219, 79.82999420166016, 79.70999908447266, 80.00999450683594, 80.47999572753906, 80.82999420166016, 81.31999969482422, 81.18000030517578, 81.86000061035156, 81.90999603271484, 81.68999481201172, 82.48999786376953, 82.62999725341797, 82.23999786376953, 82.47000122070312, 82.11000061035156, 82.06999969482422, 82.57999420166016, 83.47000122070312, 82.23999786376953, 83.54999542236328, 83.25, 83.04999542236328, 83.8699951171875, 82.93000030517578, 84.1500015258789, 84.18000030517578, 83.00999450683594, 83.4000015258789, 83.3699951171875, 83.82999420166016, 84.57999420166016, 83.68000030517578, 83.6199951171875, 83.93000030517578, 84.19999694824219, 83.93000030517578, 83.72000122070312, 83.79999542236328, 84.3699951171875, 84.41999816894531, 83.68999481201172, 84.00999450683594, 83.55999755859375, 84.16999816894531, 84.41999816894531, 84.08999633789062, 84.22000122070312, 84.54999542236328, 83.72000122070312, 84.41999816894531, 83.88999938964844, 84.97999572753906, 84.68999481201172, 84.29000091552734, 84.72000122070312, 84.32999420166016, 85.33999633789062, 84.29999542236328, 85.1199951171875, 84.18999481201172, 84.29000091552734, 84.16999816894531, 84.22000122070312, 84.73999786376953, 84.5999984741211, 84.16999816894531, 84.68000030517578, 85.41999816894531, 84.27999877929688, 84.61000061035156, 84.8699951171875, 85.22999572753906, 84.94999694824219, 85.00999450683594, 84.47999572753906, 84.43999481201172, 84.72000122070312, 85.20999908447266, 84.22000122070312, 84.73999786376953, 85.43999481201172, 84.95999908447266, 84.82999420166016, 84.97000122070312, 84.72999572753906, 84.65999603271484, 84.73999786376953], "epochs": [0, 1, 2, 3, 4, 5, 6, 7, 8, 9, 10, 11, 12, 13, 14, 15, 16, 17, 18, 19, 20, 21, 22, 23, 24, 25, 26, 27, 28, 29, 30, 31, 32, 33, 34, 35, 36, 37, 38, 39, 40, 41, 42, 43, 44, 45, 46, 47, 48, 49, 50, 51, 52, 53, 54, 55, 56, 57, 58, 59, 60, 61, 62, 63, 64, 65, 66, 67, 68, 69, 70, 71, 72, 73, 74, 75, 76, 77, 78, 79, 80, 81, 82, 83, 84, 85, 86, 87, 88, 89, 90, 91, 92, 93, 94, 95, 96, 97, 98, 99]}