{"train_losses": [0.014959672465920448, 0.011097160167992115, 0.009319446049630642, 0.008190433494746685, 0.007426874246448278, 0.00686614727601409, 0.006399053614586592, 0.006030383985489607, 0.005679169204086065, 0.005419665481895208, 0.005227568093687296, 0.005028950981795788, 0.004833015613257885, 0.00463427510112524, 0.00453390134498477, 0.004378925543278456, 0.004216121044009924, 0.00409788079559803, 0.003991444129496813, 0.0038951437454670668, 0.0038428972475230694, 0.003609491279348731, 0.003566384082660079, 0.00349430157802999, 0.003383298870176077, 0.0033226076047867537, 0.0032370593398809433, 0.003178044455125928, 0.003066749544814229, 0.003069178434088826, 0.0029960921965539455, 0.0029767220839858055, 0.002833557315170765, 0.002801340539008379, 0.0027160882018506527, 0.002642600564286113, 0.002610578900203109, 0.0025480492040514946, 0.00249650701880455, 0.0024261469952762127, 0.002389384899288416, 0.0024962390307337046, 0.0023040843661874533, 0.002268544165417552, 0.0022252826020121574, 0.0021546226926147938, 0.002361726015806198, 0.0026083595585078, 0.0020816370379179716, 0.00203669723123312, 0.001990479649975896, 0.00196606176905334, 0.0019476423040032387, 0.0019129103748127818, 0.0019155184272676706, 0.0018492508679628372, 0.0018036545952782035, 0.0018023370066657662, 0.0018132695695385337, 0.0017299074679613113, 0.001679708482697606, 0.0017412188462913036, 0.0016898767789825797, 0.0016418368322774768, 0.001619588932953775, 0.0016311524668708444, 0.001564687117934227, 0.0015287416754290462, 0.0015265297843143344, 0.0015002612490206957, 0.001515266834758222, 0.001477364101447165, 0.0014667782234027982, 0.0014246737118810415, 0.001373847364448011, 0.0013804897898808122, 0.0013778740540146828, 0.0013956548646092415, 0.0013171054888516665, 0.001337156631052494, 0.0013169624144211411, 0.0013161221286281943, 0.0012430156348273158, 0.0012175049632787704, 0.001253660419024527, 0.002178314607590437, 0.0012919887667521834, 0.0012183834332972765, 0.0011564221931621432, 0.001146889990195632, 0.0011433990439400077, 0.0011324400547891855, 0.0011018606601282954, 0.0011437583016231656, 0.0011039100354537368, 0.0010774731636047363, 0.001287817838601768, 0.0010643618879839778, 0.0010901913046836853, 0.0010759441647678614], "accs": [43.61000061035156, 54.349998474121094, 60.369998931884766, 64.25, 65.2699966430664, 70.1199951171875, 71.8499984741211, 72.5999984741211, 75.08999633789062, 73.13999938964844, 75.56999969482422, 76.68000030517578, 77.8699951171875, 77.18999481201172, 77.6500015258789, 79.5999984741211, 79.75, 80.06999969482422, 79.95999908447266, 78.37999725341797, 80.7699966430664, 81.75, 80.11000061035156, 81.62999725341797, 81.66999816894531, 82.18000030517578, 82.40999603271484, 81.32999420166016, 82.00999450683594, 82.82999420166016, 83.11000061035156, 83.04999542236328, 81.45999908447266, 82.91999816894531, 83.50999450683594, 83.23999786376953, 83.0199966430664, 83.72000122070312, 83.88999938964844, 84.25999450683594, 83.37999725341797, 82.48999786376953, 83.88999938964844, 82.97999572753906, 83.47000122070312, 83.04999542236328, 83.0, 83.91999816894531, 84.00999450683594, 84.36000061035156, 84.08999633789062, 83.02999877929688, 84.55999755859375, 84.47999572753906, 84.73999786376953, 84.58999633789062, 83.22999572753906, 84.48999786376953, 83.98999786376953, 83.90999603271484, 84.38999938964844, 83.68000030517578, 84.95999908447266, 85.0, 85.30999755859375, 84.07999420166016, 84.45999908447266, 84.97000122070312, 84.45999908447266, 85.04000091552734, 83.55999755859375, 84.73999786376953, 84.91999816894531, 85.0, 85.11000061035156, 84.79000091552734, 85.25, 85.00999450683594, 84.91999816894531, 84.3699951171875, 84.65999603271484, 84.54999542236328, 85.3699951171875, 85.5199966430664, 84.91999816894531, 84.88999938964844, 85.1500015258789, 85.0999984741211, 85.23999786376953, 84.91999816894531, 85.27999877929688, 85.52999877929688, 84.80999755859375, 85.04999542236328, 85.0999984741211, 84.6500015258789, 84.5999984741211, 85.38999938964844, 85.15999603271484, 85.29999542236328], "epochs": [0, 1, 2, 3, 4, 5, 6, 7, 8, 9, 10, 11, 12, 13, 14, 15, 16, 17, 18, 19, 20, 21, 22, 23, 24, 25, 26, 27, 28, 29, 30, 31, 32, 33, 34, 35, 36, 37, 38, 39, 40, 41, 42, 43, 44, 45, 46, 47, 48, 49, 50, 51, 52, 53, 54, 55, 56, 57, 58, 59, 60, 61, 62, 63, 64, 65, 66, 67, 68, 69, 70, 71, 72, 73, 74, 75, 76, 77, 78, 79, 80, 81, 82, 83, 84, 85, 86, 87, 88, 89, 90, 91, 92, 93, 94, 95, 96, 97, 98, 99]}