{"train_losses": [0.016776839271187782, 0.014639518223702908, 0.013729465194046497, 0.013154634274542332, 0.012706640176475048, 0.012342833913862705, 0.012052437290549278, 0.011833127588033676, 0.011620381847023964, 0.01139194704592228, 0.011200622655451298, 0.011000888422131538, 0.010867836885154247, 0.010730196721851826, 0.010581196285784245, 0.01043769158422947, 0.010262844152748585, 0.01014565210789442, 0.010034393519163132, 0.009927364997565746, 0.009787197224795818, 0.009664052166044712, 0.00955154001712799, 0.009490960277616978, 0.009356356225907803, 0.009290685877203941, 0.009179013781249523, 0.00909664761275053, 0.009001561440527439, 0.00890692975372076, 0.008853010833263397, 0.008708417415618896, 0.008715201169252396, 0.008612241595983505, 0.00850010197609663, 0.008436236530542374, 0.00838814303278923, 0.008279163390398026, 0.008282201364636421, 0.008145940490067005, 0.008116540499031544, 0.00804169662296772, 0.007956597954034805, 0.007912803441286087, 0.007859732024371624, 0.00776402372866869, 0.0077196448110044, 0.007695172913372517, 0.00761746522039175, 0.007571895141154528, 0.007467402145266533, 0.007411554921418428, 0.007396820466965437, 0.007363481912761927, 0.00728097278624773, 0.0072627561166882515, 0.0071767643094062805, 0.007092601153999567, 0.007097586058080196, 0.007014451082795858, 0.0070027438923716545, 0.006953144911676645, 0.006895134225487709, 0.006853366736322641, 0.00677857780829072, 0.006758655421435833, 0.006710723042488098, 0.006666592787951231, 0.006621519103646278, 0.006559901405125856, 0.00650833360850811, 0.006504677701741457, 0.006439416203647852, 0.006390244700014591, 0.00636883033439517, 0.006362833082675934, 0.00626309122890234, 0.006269732490181923, 0.006219619419425726, 0.006178376264870167, 0.006078546401113272, 0.006053784862160683, 0.006041090004146099, 0.006016105879098177, 0.0059882719069719315, 0.005977554712444544, 0.005904731806367636, 0.005884833633899689, 0.005857529118657112, 0.0058087254874408245, 0.005740358028560877, 0.005733896512538195, 0.0056964438408613205, 0.005708103533834219, 0.005672411993145943, 0.005617816466838121, 0.005565878003835678, 0.005491384770721197, 0.005506405606865883, 0.0054774717427790165], "accs": [31.009998321533203, 36.65999984741211, 39.98999786376953, 41.84000015258789, 43.91999816894531, 45.37999725341797, 46.52000045776367, 47.66999816894531, 48.72999954223633, 49.75, 50.30999755859375, 51.34000015258789, 52.19999694824219, 52.79999923706055, 53.47999954223633, 54.06999969482422, 54.709999084472656, 54.90999984741211, 55.54999923706055, 56.279998779296875, 56.459999084472656, 56.97999954223633, 57.59000015258789, 58.05999755859375, 58.65999984741211, 58.88999938964844, 59.38999938964844, 59.279998779296875, 59.80999755859375, 59.869998931884766, 60.13999938964844, 60.84000015258789, 61.56999969482422, 61.279998779296875, 61.93000030517578, 62.04999923706055, 62.46999740600586, 62.73999786376953, 62.84000015258789, 63.32999801635742, 63.189998626708984, 63.779998779296875, 63.959999084472656, 64.27999877929688, 64.37999725341797, 64.55999755859375, 64.86000061035156, 64.79000091552734, 65.30999755859375, 65.47999572753906, 65.30999755859375, 65.87999725341797, 65.86000061035156, 65.93000030517578, 66.37999725341797, 66.29999542236328, 66.47000122070312, 66.7699966430664, 66.70999908447266, 66.98999786376953, 66.79000091552734, 67.08000183105469, 67.50999450683594, 67.20999908447266, 67.75999450683594, 67.44999694824219, 67.33000183105469, 67.2699966430664, 67.86000061035156, 68.1199951171875, 67.91999816894531, 68.04000091552734, 68.22000122070312, 68.27999877929688, 68.72000122070312, 68.5999984741211, 68.93999481201172, 68.94999694824219, 68.87999725341797, 69.04999542236328, 69.04999542236328, 68.75999450683594, 69.25, 69.1500015258789, 69.22000122070312, 69.5199966430664, 69.68000030517578, 69.75, 69.6500015258789, 69.33999633789062, 69.80999755859375, 70.11000061035156, 69.9000015258789, 69.83000183105469, 70.25999450683594, 70.2699966430664, 70.37999725341797, 70.52999877929688, 70.29999542236328, 70.5199966430664], "epochs": [0, 1, 2, 3, 4, 5, 6, 7, 8, 9, 10, 11, 12, 13, 14, 15, 16, 17, 18, 19, 20, 21, 22, 23, 24, 25, 26, 27, 28, 29, 30, 31, 32, 33, 34, 35, 36, 37, 38, 39, 40, 41, 42, 43, 44, 45, 46, 47, 48, 49, 50, 51, 52, 53, 54, 55, 56, 57, 58, 59, 60, 61, 62, 63, 64, 65, 66, 67, 68, 69, 70, 71, 72, 73, 74, 75, 76, 77, 78, 79, 80, 81, 82, 83, 84, 85, 86, 87, 88, 89, 90, 91, 92, 93, 94, 95, 96, 97, 98, 99]}