{"train_losses": [0.014925457537174225, 0.011248228140175343, 0.009640967473387718, 0.008411714807152748, 0.007624386344105005, 0.006915010046213865, 0.006475823000073433, 0.006058703642338514, 0.005761202424764633, 0.005473690573126078, 0.0052343085408210754, 0.005040857475250959, 0.004863908980041742, 0.004661880899220705, 0.004513325169682503, 0.004388395696878433, 0.004287438932806253, 0.004071056377142668, 0.003987237345427275, 0.003907539416104555, 0.003726022783666849, 0.003811479778960347, 0.0036797854118049145, 0.0035194240044802427, 0.0034085747320204973, 0.0033390067983418703, 0.003271928057074547, 0.0031910387333482504, 0.003144944319501519, 0.0030531082302331924, 0.0029438261408358812, 0.0028845735359936953, 0.002841297769919038, 0.002772655338048935, 0.002701874589547515, 0.0026760646142065525, 0.002758519724011421, 0.002549399621784687, 0.00247604725882411, 0.00245967716909945, 0.0023978115059435368, 0.0023862794041633606, 0.002337393816560507, 0.002287836279720068, 0.0023938610684126616, 0.002227598801255226, 0.002158778253942728, 0.0021524771582335234, 0.0028026248328387737, 0.0026251738891005516, 0.002063257386907935, 0.0019679346587508917, 0.0019656717777252197, 0.0019207247532904148, 0.0018804868450388312, 0.001852705143392086, 0.0018724729306995869, 0.0018330584280192852, 0.0017630744259804487, 0.0017786078387871385, 0.001745077664963901, 0.001741736545227468, 0.0016952584264799953, 0.0016692837234586477, 0.0016364570474252105, 0.0016186571447178721, 0.0016288047190755606, 0.0015761414542794228, 0.001576505950652063, 0.0015481750015169382, 0.0014999574050307274, 0.0015208559343591332, 0.0014606663025915623, 0.0014507542364299297, 0.001412709360010922, 0.0014179828576743603, 0.0013686741003766656, 0.001374365296214819, 0.0013399580493569374, 0.001330112456344068, 0.0013297824189066887, 0.0013167228316888213, 0.0012891916558146477, 0.0012632965808734298, 0.0012864954769611359, 0.0012609136756509542, 0.001719077816233039, 0.001224818523041904, 0.0011748080141842365, 0.0011596670374274254, 0.0011999945854768157, 0.001153098070062697, 0.001130540855228901, 0.0011354400776326656, 0.0011145331664010882, 0.0010953410528600216, 0.001090219710022211, 0.0010686523746699095, 0.0010803196346387267, 0.0010726364562287927], "accs": [41.86000061035156, 53.779998779296875, 52.09000015258789, 63.46999740600586, 65.61000061035156, 70.97000122070312, 72.65999603271484, 74.31999969482422, 74.62999725341797, 75.23999786376953, 75.66999816894531, 77.44999694824219, 77.83999633789062, 78.88999938964844, 77.95999908447266, 80.05999755859375, 80.40999603271484, 79.68999481201172, 79.27999877929688, 80.83999633789062, 80.73999786376953, 78.91999816894531, 80.63999938964844, 81.33999633789062, 82.18999481201172, 82.1199951171875, 81.44999694824219, 81.91999816894531, 81.65999603271484, 82.12999725341797, 82.22999572753906, 82.18000030517578, 81.94999694824219, 83.23999786376953, 82.47999572753906, 82.29000091552734, 83.50999450683594, 83.5, 84.12999725341797, 83.1199951171875, 82.8699951171875, 83.8699951171875, 83.43000030517578, 84.08999633789062, 82.97999572753906, 84.0, 83.9000015258789, 83.38999938964844, 79.36000061035156, 83.27999877929688, 84.23999786376953, 83.87999725341797, 83.65999603271484, 84.07999420166016, 84.41999816894531, 84.22999572753906, 83.95999908447266, 84.62999725341797, 83.58999633789062, 83.38999938964844, 85.04000091552734, 83.73999786376953, 84.54000091552734, 83.93999481201172, 84.32999420166016, 84.70999908447266, 84.25, 83.8699951171875, 84.47000122070312, 84.93999481201172, 84.45999908447266, 84.54999542236328, 84.57999420166016, 84.15999603271484, 84.1199951171875, 84.58999633789062, 84.69999694824219, 84.02999877929688, 84.6500015258789, 83.95999908447266, 84.5199966430664, 84.20999908447266, 84.19999694824219, 84.61000061035156, 85.0, 84.55999755859375, 84.94999694824219, 85.11000061035156, 84.23999786376953, 85.07999420166016, 84.83999633789062, 84.83999633789062, 85.1500015258789, 85.30999755859375, 84.47000122070312, 85.02999877929688, 84.63999938964844, 85.00999450683594, 84.0, 84.8499984741211], "epochs": [0, 1, 2, 3, 4, 5, 6, 7, 8, 9, 10, 11, 12, 13, 14, 15, 16, 17, 18, 19, 20, 21, 22, 23, 24, 25, 26, 27, 28, 29, 30, 31, 32, 33, 34, 35, 36, 37, 38, 39, 40, 41, 42, 43, 44, 45, 46, 47, 48, 49, 50, 51, 52, 53, 54, 55, 56, 57, 58, 59, 60, 61, 62, 63, 64, 65, 66, 67, 68, 69, 70, 71, 72, 73, 74, 75, 76, 77, 78, 79, 80, 81, 82, 83, 84, 85, 86, 87, 88, 89, 90, 91, 92, 93, 94, 95, 96, 97, 98, 99]}