{"train_losses": [0.01353019941598177, 0.011316820979118347, 0.010328751057386398, 0.009514988400042057, 0.008878775872290134, 0.008326379582285881, 0.007920835167169571, 0.007482674438506365, 0.007182466797530651, 0.0068935430608689785, 0.006691354792565107, 0.0064125400967895985, 0.006227680016309023, 0.006005294155329466, 0.00582222081720829, 0.0056669204495847225, 0.005510516930371523, 0.005346904043108225, 0.005253680516034365, 0.005102547351270914, 0.0049399700947105885, 0.004791909363120794, 0.004732602275907993, 0.004554123152047396, 0.00446361443027854, 0.004343689419329166, 0.00424213195219636, 0.004130150191485882, 0.004050178918987513, 0.003949832171201706, 0.0038628068286925554, 0.0037474012933671474, 0.00369049864821136, 0.0035696288105100393, 0.0035187096800655127, 0.003434132318943739, 0.003329080529510975, 0.0032904644031077623, 0.0031961824279278517, 0.003114053513854742, 0.003060694085434079, 0.002965455176308751, 0.002888636663556099, 0.002802088623866439, 0.0027724378742277622, 0.0027245525270700455, 0.0026348207611590624, 0.002533870982006192, 0.0025166829582303762, 0.0024702029768377542, 0.002384676830843091, 0.0023446420673280954, 0.002295471727848053, 0.0022411567624658346, 0.0022155207116156816, 0.0020817206241190434, 0.002109079621732235, 0.00203125667758286, 0.0020090097095817327, 0.0020001414231956005, 0.0019211235921829939, 0.0018427021568641067, 0.001876530353911221, 0.0018139281310141087, 0.0017780371708795428, 0.0017010029405355453, 0.0016826841747388244, 0.0016286519821733236, 0.001607388723641634, 0.0016110261203721166, 0.0015895116375759244, 0.0015165141085162759, 0.0015086818020790815, 0.001453670673072338, 0.0014520203694701195, 0.0014368841657415032, 0.001399481319822371, 0.0013615842908620834, 0.0013424179051071405, 0.0013270351337268949, 0.001285347854718566, 0.0012639780761674047, 0.0012790324399247766, 0.001248605432920158, 0.0012039978755638003, 0.001240295940078795, 0.0011676879366859794, 0.0011096458183601499, 0.001157584716565907, 0.0011297703022137284, 0.0010977567872032523, 0.0011017039651051164, 0.0010494354646652937, 0.0010383595945313573, 0.0010633050696924329, 0.0010461908532306552, 0.0009861885337159038, 0.0009840752463787794, 0.000979339936748147, 0.0009608518448658288], "accs": [46.82999801635742, 53.29999923706055, 56.57999801635742, 58.269996643066406, 62.80999755859375, 63.599998474121094, 66.5999984741211, 66.0199966430664, 68.47000122070312, 69.19999694824219, 69.56999969482422, 71.02999877929688, 72.16999816894531, 71.8499984741211, 73.15999603271484, 72.93000030517578, 74.19999694824219, 74.55999755859375, 74.75999450683594, 74.41999816894531, 75.33000183105469, 75.62999725341797, 75.79000091552734, 76.08000183105469, 75.25999450683594, 76.04999542236328, 76.55999755859375, 76.83000183105469, 76.69999694824219, 76.90999603271484, 77.30999755859375, 77.27999877929688, 77.38999938964844, 77.68999481201172, 77.31999969482422, 77.5, 78.29999542236328, 78.38999938964844, 77.68999481201172, 78.30999755859375, 77.90999603271484, 78.6500015258789, 78.91999816894531, 79.0, 79.04000091552734, 79.18000030517578, 78.95999908447266, 78.5, 79.43000030517578, 78.90999603271484, 79.0, 79.05999755859375, 79.15999603271484, 78.7699966430664, 78.61000061035156, 78.18999481201172, 79.16999816894531, 79.02999877929688, 78.55999755859375, 79.57999420166016, 78.47999572753906, 78.88999938964844, 78.93999481201172, 79.48999786376953, 78.44999694824219, 78.68000030517578, 78.6199951171875, 78.77999877929688, 79.43999481201172, 79.11000061035156, 79.43000030517578, 78.94999694824219, 79.62999725341797, 79.19999694824219, 78.4000015258789, 79.47000122070312, 78.95999908447266, 79.8699951171875, 79.18000030517578, 78.56999969482422, 79.29999542236328, 79.43999481201172, 79.25, 79.5199966430664, 80.0, 79.72000122070312, 79.65999603271484, 79.94999694824219, 79.62999725341797, 79.22000122070312, 79.47000122070312, 79.80999755859375, 79.1199951171875, 79.47000122070312, 79.18000030517578, 79.11000061035156, 79.2699966430664, 79.44999694824219, 78.94999694824219, 79.54000091552734], "epochs": [0, 1, 2, 3, 4, 5, 6, 7, 8, 9, 10, 11, 12, 13, 14, 15, 16, 17, 18, 19, 20, 21, 22, 23, 24, 25, 26, 27, 28, 29, 30, 31, 32, 33, 34, 35, 36, 37, 38, 39, 40, 41, 42, 43, 44, 45, 46, 47, 48, 49, 50, 51, 52, 53, 54, 55, 56, 57, 58, 59, 60, 61, 62, 63, 64, 65, 66, 67, 68, 69, 70, 71, 72, 73, 74, 75, 76, 77, 78, 79, 80, 81, 82, 83, 84, 85, 86, 87, 88, 89, 90, 91, 92, 93, 94, 95, 96, 97, 98, 99]}