{"train_losses": [0.01352681964635849, 0.011201807297766209, 0.010202120989561081, 0.009484266862273216, 0.00885236170142889, 0.008434005081653595, 0.007976767607033253, 0.007578783202916384, 0.007242649327963591, 0.006996823474764824, 0.006741770543158054, 0.006475366652011871, 0.006320953369140625, 0.006072812248021364, 0.0058970642276108265, 0.0057551623322069645, 0.005527992267161608, 0.0054267654195427895, 0.005276381503790617, 0.005147302523255348, 0.004982774145901203, 0.004856282379478216, 0.004759699106216431, 0.00461524398997426, 0.004533969797194004, 0.0044008768163621426, 0.004272679798305035, 0.004165045451372862, 0.00407586432993412, 0.003973009996116161, 0.003884896170347929, 0.003813614370301366, 0.003693734062835574, 0.0036468547768890858, 0.0035420593339949846, 0.0034642061218619347, 0.0033492923248559237, 0.003239997196942568, 0.0032193236984312534, 0.0031331228092312813, 0.0030238705221563578, 0.003018709132447839, 0.002912756986916065, 0.0028520149644464254, 0.00276972190476954, 0.0027205522637814283, 0.002680802484974265, 0.0025839214213192463, 0.002521852497011423, 0.0024291856680065393, 0.002399568213149905, 0.0023520966060459614, 0.002333363750949502, 0.0022423574700951576, 0.0022142839152365923, 0.002102744299918413, 0.0021152643021196127, 0.001998128602281213, 0.00199434207752347, 0.0019502438372001052, 0.0019204237032681704, 0.0018803596030920744, 0.0018083590548485518, 0.0017661612946540117, 0.0017722540069371462, 0.001719038002192974, 0.0016891706036403775, 0.001660733949393034, 0.0016140639781951904, 0.0015937209827825427, 0.0015529395313933492, 0.0015403504949063063, 0.0015057207783684134, 0.0014687464572489262, 0.0014329629484564066, 0.0014065828872844577, 0.0013667081948369741, 0.001350870355963707, 0.0012984315399080515, 0.0012959237210452557, 0.0012726543936878443, 0.0012432989897206426, 0.0012324036797508597, 0.001197214936837554, 0.0011926998849958181, 0.0011964300647377968, 0.0011599028948694468, 0.0011485470458865166, 0.0011224410263821483, 0.0011221307795494795, 0.0010646141599863768, 0.0011004122206941247, 0.001047146855853498, 0.0010120738297700882, 0.0009947919752448797, 0.0010059287305921316, 0.000984251732006669, 0.0010078457416966558, 0.0009272104944102466, 0.0009795117657631636], "accs": [46.2599983215332, 53.90999984741211, 55.97999954223633, 59.04999923706055, 60.69999694824219, 62.709999084472656, 66.41999816894531, 66.44999694824219, 68.22999572753906, 69.25999450683594, 70.5, 71.5999984741211, 72.2699966430664, 72.12999725341797, 72.33000183105469, 73.0999984741211, 73.54000091552734, 73.91999816894531, 74.22000122070312, 74.66999816894531, 74.98999786376953, 75.56999969482422, 75.2699966430664, 76.30999755859375, 75.70999908447266, 76.19999694824219, 77.22000122070312, 76.70999908447266, 76.36000061035156, 77.33000183105469, 77.04000091552734, 77.23999786376953, 77.47000122070312, 77.30999755859375, 77.48999786376953, 77.70999908447266, 77.5, 77.5999984741211, 77.98999786376953, 78.23999786376953, 77.18999481201172, 77.97000122070312, 78.4000015258789, 77.70999908447266, 78.72000122070312, 78.05999755859375, 79.08999633789062, 77.77999877929688, 78.73999786376953, 79.33999633789062, 78.48999786376953, 79.00999450683594, 78.43000030517578, 78.7699966430664, 79.20999908447266, 78.36000061035156, 79.0199966430664, 79.23999786376953, 78.93000030517578, 79.20999908447266, 79.25999450683594, 78.13999938964844, 79.15999603271484, 78.72999572753906, 79.40999603271484, 78.72000122070312, 78.5999984741211, 79.1199951171875, 79.18000030517578, 79.30999755859375, 79.37999725341797, 79.6500015258789, 78.68000030517578, 79.0, 78.82999420166016, 79.1500015258789, 79.0999984741211, 79.47999572753906, 78.75, 79.29999542236328, 79.1199951171875, 79.57999420166016, 79.48999786376953, 79.72999572753906, 79.40999603271484, 79.5999984741211, 79.20999908447266, 79.40999603271484, 79.18000030517578, 79.47000122070312, 79.16999816894531, 79.48999786376953, 79.8499984741211, 79.11000061035156, 79.19999694824219, 79.8499984741211, 80.1500015258789, 79.77999877929688, 79.97000122070312, 79.70999908447266], "epochs": [0, 1, 2, 3, 4, 5, 6, 7, 8, 9, 10, 11, 12, 13, 14, 15, 16, 17, 18, 19, 20, 21, 22, 23, 24, 25, 26, 27, 28, 29, 30, 31, 32, 33, 34, 35, 36, 37, 38, 39, 40, 41, 42, 43, 44, 45, 46, 47, 48, 49, 50, 51, 52, 53, 54, 55, 56, 57, 58, 59, 60, 61, 62, 63, 64, 65, 66, 67, 68, 69, 70, 71, 72, 73, 74, 75, 76, 77, 78, 79, 80, 81, 82, 83, 84, 85, 86, 87, 88, 89, 90, 91, 92, 93, 94, 95, 96, 97, 98, 99]}