{"train_losses": [0.012009887024760246, 0.009246008470654488, 0.008041254244744778, 0.007192521821707487, 0.006657859776169062, 0.006180546712130308, 0.005813302006572485, 0.005506257060915232, 0.005229944363236427, 0.0049719056114554405, 0.004781745374202728, 0.004591153468936682, 0.004434415604919195, 0.004259329289197922, 0.004138526041060686, 0.004001063760370016, 0.0038680362049490213, 0.0037722026463598013, 0.0036521670408546925, 0.0035309758968651295, 0.0034571115393191576, 0.0032873840536922216, 0.0032878266647458076, 0.0031868608202785254, 0.0031038529705256224, 0.003029277315363288, 0.002928262809291482, 0.0028466335497796535, 0.002800839487463236, 0.0027172365225851536, 0.002637449186295271, 0.002569444477558136, 0.0025454750284552574, 0.0024740255903452635, 0.0024185164365917444, 0.0023517892695963383, 0.002293758559972048, 0.0022553205490112305, 0.0022078959736973047, 0.0021735101472586393, 0.002107900334522128, 0.002092616632580757, 0.002030604286119342, 0.0019736415706574917, 0.0019354260293766856, 0.0018698754720389843, 0.0018714916659519076, 0.0018409844487905502, 0.0017694017151370645, 0.0017443764954805374, 0.0017397726187482476, 0.0016674374928697944, 0.0016509562265127897, 0.0016037884633988142, 0.0016039866022765636, 0.0015387000748887658, 0.001509765861555934, 0.001468962524086237, 0.0014663159381598234, 0.0014432738535106182, 0.0014328494435176253, 0.0014555903617292643, 0.0013619167730212212, 0.0013558977516368032, 0.0013725885655730963, 0.001453629694879055, 0.0013028887333348393, 0.0012721414677798748, 0.001222047721967101, 0.0012037057895213366, 0.0011869800509884953, 0.0012002494186162949, 0.0011946366867050529, 0.001141212647780776, 0.0011609818320721388, 0.0011174898827448487, 0.0010867147939279675, 0.0010836009168997407, 0.0010601406684145331, 0.001049349084496498, 0.0010784943588078022, 0.0010364995105192065, 0.0010248448234051466, 0.0010288425255566835, 0.0009843980660662055, 0.0009428012417629361, 0.000975467381067574, 0.0009544925997033715, 0.0009211276192218065, 0.0009232574375346303, 0.0009099695598706603, 0.0008806445985101163, 0.0009280484518967569, 0.0009080393938347697, 0.0008697535376995802, 0.0008487324230372906, 0.0008531871717423201, 0.0008564774179831147, 0.0008326454553753138, 0.0008212756947614253], "accs": [52.15999984741211, 64.47999572753906, 65.1500015258789, 71.25, 72.16999816894531, 72.97999572753906, 74.72000122070312, 76.00999450683594, 77.36000061035156, 76.5, 78.0, 78.16999816894531, 78.04999542236328, 77.94999694824219, 79.08999633789062, 79.9000015258789, 79.72999572753906, 81.00999450683594, 81.08999633789062, 80.44999694824219, 81.5199966430664, 81.83999633789062, 82.75999450683594, 82.1500015258789, 82.37999725341797, 82.7699966430664, 82.40999603271484, 82.98999786376953, 83.08999633789062, 82.75, 82.54000091552734, 82.36000061035156, 83.50999450683594, 83.79999542236328, 83.18999481201172, 83.68999481201172, 82.87999725341797, 83.86000061035156, 83.62999725341797, 82.75999450683594, 84.38999938964844, 83.06999969482422, 83.88999938964844, 83.41999816894531, 84.19999694824219, 84.08999633789062, 84.22999572753906, 83.44999694824219, 84.02999877929688, 84.33999633789062, 84.0199966430664, 84.08999633789062, 83.86000061035156, 84.1500015258789, 84.66999816894531, 84.37999725341797, 85.29999542236328, 84.47999572753906, 84.68999481201172, 84.15999603271484, 84.65999603271484, 84.81999969482422, 84.32999420166016, 84.5999984741211, 84.47999572753906, 84.57999420166016, 84.82999420166016, 85.0199966430664, 84.72999572753906, 84.5, 83.82999420166016, 84.66999816894531, 84.5, 84.81999969482422, 84.70999908447266, 84.83999633789062, 83.8499984741211, 84.56999969482422, 84.18000030517578, 84.1199951171875, 84.62999725341797, 84.77999877929688, 84.15999603271484, 84.52999877929688, 85.00999450683594, 84.47999572753906, 84.72999572753906, 84.41999816894531, 84.93999481201172, 84.75999450683594, 85.08999633789062, 84.75999450683594, 84.62999725341797, 84.87999725341797, 84.50999450683594, 84.18000030517578, 85.20999908447266, 84.94999694824219, 84.61000061035156, 84.75], "epochs": [0, 1, 2, 3, 4, 5, 6, 7, 8, 9, 10, 11, 12, 13, 14, 15, 16, 17, 18, 19, 20, 21, 22, 23, 24, 25, 26, 27, 28, 29, 30, 31, 32, 33, 34, 35, 36, 37, 38, 39, 40, 41, 42, 43, 44, 45, 46, 47, 48, 49, 50, 51, 52, 53, 54, 55, 56, 57, 58, 59, 60, 61, 62, 63, 64, 65, 66, 67, 68, 69, 70, 71, 72, 73, 74, 75, 76, 77, 78, 79, 80, 81, 82, 83, 84, 85, 86, 87, 88, 89, 90, 91, 92, 93, 94, 95, 96, 97, 98, 99]}