{"train_losses": [0.019418101757764816, 0.018356753513216972, 0.017636220902204514, 0.017129436135292053, 0.016728417947888374, 0.01636272855103016, 0.016063187271356583, 0.01576281152665615, 0.015547260642051697, 0.015343322418630123, 0.015166420489549637, 0.014965273439884186, 0.014811086468398571, 0.01471678912639618, 0.014568820595741272, 0.01442728191614151, 0.014330090954899788, 0.014261630363762379, 0.0141587033867836, 0.014054739847779274, 0.013949086889624596, 0.01389949582517147, 0.013791006989777088, 0.013680784963071346, 0.013643749989569187, 0.013533886522054672, 0.013448415324091911, 0.013390260748565197, 0.013347560539841652, 0.013297084718942642, 0.013201294466853142, 0.013190679252147675, 0.013082176446914673, 0.01305701956152916, 0.012991185300052166, 0.01289791613817215, 0.012881297618150711, 0.012834010645747185, 0.012798136100172997, 0.01271942351013422, 0.012681705877184868, 0.012653230689466, 0.012623697519302368, 0.012560275383293629, 0.012509276159107685, 0.012478173710405827, 0.012443277053534985, 0.012407076545059681, 0.012363363988697529, 0.012316671200096607, 0.012300893664360046, 0.012288743630051613, 0.012206117622554302, 0.012196455150842667, 0.012171636335551739, 0.012117456644773483, 0.012092693708837032, 0.012019135057926178, 0.0120334941893816, 0.012014581821858883, 0.011986573226749897, 0.01191988866776228, 0.01188533753156662, 0.011900308541953564, 0.011844652704894543, 0.011841321364045143, 0.011799685657024384, 0.011739987879991531, 0.01174604706466198, 0.01173231191933155, 0.01168275997042656, 0.01171617116779089, 0.011628047563135624, 0.011627022176980972, 0.011580145917832851, 0.011547625064849854, 0.011532258242368698, 0.011562909930944443, 0.011487500742077827, 0.011472547426819801, 0.011464200913906097, 0.011425822041928768, 0.0114003149792552, 0.01138408575206995, 0.011375767178833485, 0.011318941600620747, 0.01127465907484293, 0.01131304632872343, 0.011298850178718567, 0.011218820698559284, 0.011190506629645824, 0.011208484880626202, 0.011171762831509113, 0.011142514646053314, 0.011139520443975925, 0.011125798337161541, 0.01106555387377739, 0.01111511792987585, 0.011099454946815968, 0.011042817495763302], "accs": [14.429999351501465, 17.619998931884766, 20.03999900817871, 22.549999237060547, 24.399999618530273, 25.989999771118164, 27.34000015258789, 28.549999237060547, 29.76999855041504, 30.81999969482422, 32.0099983215332, 32.599998474121094, 33.40999984741211, 34.13999938964844, 34.5, 35.46999740600586, 35.82999801635742, 36.47999954223633, 37.209999084472656, 37.81999969482422, 38.0, 38.189998626708984, 38.46999740600586, 39.11000061035156, 39.40999984741211, 39.57999801635742, 40.20000076293945, 40.05999755859375, 40.5099983215332, 40.82999801635742, 41.119998931884766, 41.66999816894531, 42.31999969482422, 42.36000061035156, 42.40999984741211, 42.54999923706055, 42.89999771118164, 43.099998474121094, 43.459999084472656, 43.73999786376953, 44.03999710083008, 44.0099983215332, 44.38999938964844, 44.72999954223633, 44.98999786376953, 45.07999801635742, 44.95000076293945, 45.41999816894531, 45.43000030517578, 45.87999725341797, 45.75, 45.959999084472656, 46.209999084472656, 46.18000030517578, 46.529998779296875, 46.529998779296875, 46.529998779296875, 46.86000061035156, 47.11000061035156, 47.36000061035156, 47.57999801635742, 47.39999771118164, 48.21999740600586, 47.68000030517578, 48.22999954223633, 48.06999969482422, 48.43000030517578, 48.43000030517578, 48.5099983215332, 48.48999786376953, 48.91999816894531, 48.5099983215332, 49.099998474121094, 48.88999938964844, 48.98999786376953, 49.14999771118164, 49.369998931884766, 49.349998474121094, 49.47999954223633, 49.57999801635742, 49.709999084472656, 49.89999771118164, 49.689998626708984, 49.82999801635742, 49.869998931884766, 50.119998931884766, 49.88999938964844, 49.97999954223633, 50.25, 50.47999954223633, 50.38999938964844, 50.52000045776367, 50.459999084472656, 50.64999771118164, 50.849998474121094, 50.94999694824219, 51.05999755859375, 51.34000015258789, 51.21999740600586, 51.22999954223633], "epochs": [0, 1, 2, 3, 4, 5, 6, 7, 8, 9, 10, 11, 12, 13, 14, 15, 16, 17, 18, 19, 20, 21, 22, 23, 24, 25, 26, 27, 28, 29, 30, 31, 32, 33, 34, 35, 36, 37, 38, 39, 40, 41, 42, 43, 44, 45, 46, 47, 48, 49, 50, 51, 52, 53, 54, 55, 56, 57, 58, 59, 60, 61, 62, 63, 64, 65, 66, 67, 68, 69, 70, 71, 72, 73, 74, 75, 76, 77, 78, 79, 80, 81, 82, 83, 84, 85, 86, 87, 88, 89, 90, 91, 92, 93, 94, 95, 96, 97, 98, 99]}