{"train_losses": [0.012641196139156818, 0.009797432459890842, 0.008561541326344013, 0.007512633688747883, 0.007014582399278879, 0.006556852720677853, 0.0061315749771893024, 0.005757608450949192, 0.005563966929912567, 0.0052033355459570885, 0.005062204319983721, 0.004914318677037954, 0.00479247746989131, 0.004586880560964346, 0.004407779313623905, 0.004239276517182589, 0.0041483123786747456, 0.0041173361241817474, 0.003937945701181889, 0.0038867986295372248, 0.003735343227162957, 0.003622099757194519, 0.0035656739491969347, 0.003501883475109935, 0.00335858017206192, 0.003311182139441371, 0.0032022621016949415, 0.0033473114017397165, 0.0030464387964457273, 0.0030303653329610825, 0.0029046053532510996, 0.002830930519849062, 0.0027734851464629173, 0.002697292948141694, 0.002641538856551051, 0.002608124865218997, 0.00252894195728004, 0.002500064903870225, 0.002427967730909586, 0.0024150414392352104, 0.0022821107413619757, 0.0023101463448256254, 0.0022106703836470842, 0.0022141190711408854, 0.0021362819243222475, 0.0021224566735327244, 0.002077753422781825, 0.002087528584524989, 0.0019633197225630283, 0.0019403070909902453, 0.002702963538467884, 0.0020390418358147144, 0.0018602828495204449, 0.0017714272253215313, 0.001791619579307735, 0.0017275457503274083, 0.0017172744264826179, 0.0017026293789967895, 0.0016696433303877711, 0.001681709080003202, 0.0016301422147080302, 0.0016304596792906523, 0.001594949048012495, 0.0015683763194829226, 0.0015285022091120481, 0.0015189723344519734, 0.0014763036742806435, 0.0019438242306932807, 0.003089368110522628, 0.0015951951500028372, 0.0013723024167120457, 0.0013826750218868256, 0.0014138963306322694, 0.0013045106315985322, 0.0013001278275623918, 0.0012779583921656013, 0.0012710741721093655, 0.0012996073346585035, 0.001290714368224144, 0.0012500683078542352, 0.0012626663083210588, 0.0012784674763679504, 0.0012098465813323855, 0.0012032858794555068, 0.0011738735483959317, 0.0011538779363036156, 0.001184504246339202, 0.0011544498847797513, 0.0011173008242622018, 0.0011029019951820374, 0.001085499650798738, 0.0010622303234413266, 0.0010578309884294868, 0.0010949567658826709, 0.0010400052415207028, 0.001028829370625317, 0.0010524498065933585, 0.0010311792138963938, 0.0009891287190839648, 0.0009823928121477365], "accs": [52.189998626708984, 61.90999984741211, 60.209999084472656, 64.93000030517578, 69.5, 71.80999755859375, 71.43999481201172, 72.5, 76.70999908447266, 75.02999877929688, 78.11000061035156, 78.8699951171875, 77.79999542236328, 77.97000122070312, 78.9000015258789, 78.36000061035156, 79.11000061035156, 80.65999603271484, 80.07999420166016, 80.73999786376953, 78.08000183105469, 81.18000030517578, 81.40999603271484, 81.3499984741211, 82.25, 82.3499984741211, 81.97000122070312, 82.62999725341797, 83.4000015258789, 83.23999786376953, 83.79999542236328, 81.82999420166016, 83.97000122070312, 83.41999816894531, 83.52999877929688, 83.41999816894531, 83.8699951171875, 84.08999633789062, 83.97000122070312, 83.13999938964844, 84.44999694824219, 83.12999725341797, 84.16999816894531, 83.4000015258789, 84.20999908447266, 84.7699966430664, 84.37999725341797, 84.11000061035156, 84.19999694824219, 84.05999755859375, 84.58999633789062, 84.47000122070312, 84.5999984741211, 84.50999450683594, 84.83999633789062, 84.25, 85.02999877929688, 85.70999908447266, 84.72000122070312, 84.45999908447266, 84.50999450683594, 84.55999755859375, 84.9000015258789, 85.27999877929688, 84.47000122070312, 85.08999633789062, 84.79000091552734, 85.18000030517578, 84.79000091552734, 85.47999572753906, 85.7699966430664, 85.48999786376953, 85.3499984741211, 85.13999938964844, 85.50999450683594, 84.41999816894531, 85.40999603271484, 85.22999572753906, 85.58999633789062, 84.33999633789062, 85.25999450683594, 85.41999816894531, 85.20999908447266, 85.45999908447266, 84.75999450683594, 85.4000015258789, 83.77999877929688, 85.47999572753906, 85.3499984741211, 85.62999725341797, 85.75999450683594, 85.80999755859375, 86.02999877929688, 85.54000091552734, 85.87999725341797, 85.11000061035156, 84.88999938964844, 85.19999694824219, 85.08999633789062, 85.68000030517578], "epochs": [0, 1, 2, 3, 4, 5, 6, 7, 8, 9, 10, 11, 12, 13, 14, 15, 16, 17, 18, 19, 20, 21, 22, 23, 24, 25, 26, 27, 28, 29, 30, 31, 32, 33, 34, 35, 36, 37, 38, 39, 40, 41, 42, 43, 44, 45, 46, 47, 48, 49, 50, 51, 52, 53, 54, 55, 56, 57, 58, 59, 60, 61, 62, 63, 64, 65, 66, 67, 68, 69, 70, 71, 72, 73, 74, 75, 76, 77, 78, 79, 80, 81, 82, 83, 84, 85, 86, 87, 88, 89, 90, 91, 92, 93, 94, 95, 96, 97, 98, 99]}