{"train_losses": [0.015815552324056625, 0.01288279052823782, 0.011663132347166538, 0.010845201089978218, 0.01012192852795124, 0.009508183225989342, 0.008958992548286915, 0.008471250534057617, 0.008014896884560585, 0.0077258627861738205, 0.007416697684675455, 0.007069638464599848, 0.0068740746937692165, 0.006582809146493673, 0.00638479832559824, 0.0061952355317771435, 0.005991960410028696, 0.005791144911199808, 0.005660101771354675, 0.0055246674455702305, 0.005370094440877438, 0.005187283270061016, 0.005101082380861044, 0.004944789223372936, 0.0048101237043738365, 0.004683130420744419, 0.0045669241808354855, 0.004427234176546335, 0.004341300576925278, 0.004253361839801073, 0.004156780429184437, 0.004066509194672108, 0.003918355796486139, 0.0038239031564444304, 0.003777937265112996, 0.003678750479593873, 0.0035684797912836075, 0.00351422606036067, 0.0034280780237168074, 0.003371152561157942, 0.00327451154589653, 0.0031709608156234026, 0.0030932866502553225, 0.0030394415371119976, 0.0029506010469049215, 0.002913849428296089, 0.0028322639409452677, 0.00274079036898911, 0.0027014275547116995, 0.002623077714815736, 0.002578016370534897, 0.002504608826711774, 0.002478444715961814, 0.0024203320499509573, 0.0023293604608625174, 0.0023020380176603794, 0.002251542406156659, 0.002179896691814065, 0.0021508121863007545, 0.00213109259493649, 0.002055081771686673, 0.001974564976990223, 0.0020028676372021437, 0.0019068153342232108, 0.001880780910141766, 0.0018325481796637177, 0.0018086284399032593, 0.0017180180875584483, 0.001738563645631075, 0.0016899288166314363, 0.0016524102538824081, 0.001614752341993153, 0.0015790073666721582, 0.0015435091918334365, 0.0015649879351258278, 0.001505991443991661, 0.001483664964325726, 0.0014195801923051476, 0.0014236525166779757, 0.0013881780905649066, 0.0013752462109550834, 0.001361181028187275, 0.0012964330380782485, 0.0012978309532627463, 0.0012978079030290246, 0.0012461995938792825, 0.001217185752466321, 0.0012016779510304332, 0.0012307680444791913, 0.001136169070377946, 0.0011416650377213955, 0.0011211555683985353, 0.00117971480358392, 0.0011079804971814156, 0.0010836218716576695, 0.0010745719773694873, 0.0010529011487960815, 0.0010642764391377568, 0.001038288464769721, 0.0009765095892362297], "accs": [38.25, 45.57999801635742, 50.13999938964844, 52.15999984741211, 56.52000045776367, 59.47999954223633, 61.94999694824219, 63.81999969482422, 64.77999877929688, 66.16999816894531, 67.73999786376953, 68.15999603271484, 69.72000122070312, 70.04999542236328, 71.33999633789062, 71.20999908447266, 72.44999694824219, 72.8499984741211, 73.2699966430664, 72.3499984741211, 74.20999908447266, 74.36000061035156, 74.45999908447266, 75.0999984741211, 75.13999938964844, 75.68999481201172, 75.2699966430664, 75.93999481201172, 76.61000061035156, 76.5999984741211, 77.1500015258789, 77.25999450683594, 76.8699951171875, 77.58000183105469, 77.73999786376953, 77.0, 78.0, 78.19999694824219, 77.69999694824219, 77.79000091552734, 77.44999694824219, 78.25, 78.8699951171875, 78.1199951171875, 78.62999725341797, 78.12999725341797, 78.81999969482422, 78.3699951171875, 79.00999450683594, 78.31999969482422, 78.94999694824219, 78.6199951171875, 79.02999877929688, 79.06999969482422, 78.54000091552734, 78.7699966430664, 79.27999877929688, 79.2699966430664, 79.27999877929688, 79.86000061035156, 79.54000091552734, 78.75, 78.97999572753906, 79.3699951171875, 79.43000030517578, 78.86000061035156, 79.3699951171875, 79.30999755859375, 79.47999572753906, 79.22999572753906, 79.0, 79.30999755859375, 79.0, 78.68000030517578, 79.69999694824219, 79.61000061035156, 79.1500015258789, 79.47000122070312, 79.4000015258789, 79.6500015258789, 79.47999572753906, 79.70999908447266, 79.29999542236328, 79.8699951171875, 79.12999725341797, 79.63999938964844, 79.79999542236328, 79.77999877929688, 79.6199951171875, 79.6199951171875, 79.75999450683594, 79.52999877929688, 79.87999725341797, 80.04999542236328, 79.45999908447266, 79.33999633789062, 80.0199966430664, 79.72999572753906, 79.80999755859375, 79.88999938964844], "epochs": [0, 1, 2, 3, 4, 5, 6, 7, 8, 9, 10, 11, 12, 13, 14, 15, 16, 17, 18, 19, 20, 21, 22, 23, 24, 25, 26, 27, 28, 29, 30, 31, 32, 33, 34, 35, 36, 37, 38, 39, 40, 41, 42, 43, 44, 45, 46, 47, 48, 49, 50, 51, 52, 53, 54, 55, 56, 57, 58, 59, 60, 61, 62, 63, 64, 65, 66, 67, 68, 69, 70, 71, 72, 73, 74, 75, 76, 77, 78, 79, 80, 81, 82, 83, 84, 85, 86, 87, 88, 89, 90, 91, 92, 93, 94, 95, 96, 97, 98, 99]}