{"train_losses": [0.019441206008195877, 0.018977215513586998, 0.01837245188653469, 0.017893249168992043, 0.017404738813638687, 0.01702183298766613, 0.01661723107099533, 0.01631489396095276, 0.01606358215212822, 0.015800539404153824, 0.01559933926910162, 0.015392189845442772, 0.015220563858747482, 0.01510896161198616, 0.014926071278750896, 0.014842775650322437, 0.014684244059026241, 0.014549825340509415, 0.01443711668252945, 0.014375822618603706, 0.01435677707195282, 0.014198706485331059, 0.014124359004199505, 0.014036743901669979, 0.013940966688096523, 0.013868611305952072, 0.013793704099953175, 0.013745338656008244, 0.013701453804969788, 0.013631320558488369, 0.013546454720199108, 0.013460353948175907, 0.013425130397081375, 0.013375099748373032, 0.013306166976690292, 0.013230022974312305, 0.01321430504322052, 0.013176060281693935, 0.013116894289851189, 0.013057870790362358, 0.012998017482459545, 0.012934251688420773, 0.012922542169690132, 0.012891902588307858, 0.012812036089599133, 0.012788493186235428, 0.012733891606330872, 0.012723042629659176, 0.012677600607275963, 0.0126290088519454, 0.01259832363575697, 0.012563987635076046, 0.01253502070903778, 0.012527077458798885, 0.012442270293831825, 0.01239471323788166, 0.012348069809377193, 0.012309066019952297, 0.012296848930418491, 0.012239242903888226, 0.012216834351420403, 0.012203609570860863, 0.012170116417109966, 0.01216206792742014, 0.012115102261304855, 0.012103019282221794, 0.012041713111102581, 0.012026112526655197, 0.011970567516982555, 0.011932959780097008, 0.01194637082517147, 0.011909891851246357, 0.011871295049786568, 0.011837763711810112, 0.01180653553456068, 0.011796834878623486, 0.01175057701766491, 0.011741950176656246, 0.011745772324502468, 0.011668611317873001, 0.011680197902023792, 0.011661678552627563, 0.0116175701841712, 0.011593450792133808, 0.011579352430999279, 0.011551923118531704, 0.0115360077470541, 0.011517374776303768, 0.011466429568827152, 0.011452951468527317, 0.01144582498818636, 0.011430314742028713, 0.011427363380789757, 0.011386318132281303, 0.011335339397192001, 0.011333229951560497, 0.011335689574480057, 0.011272341012954712, 0.011268751695752144, 0.01120734866708517], "accs": [10.969999313354492, 12.729999542236328, 15.279999732971191, 18.100000381469727, 20.06999969482422, 21.869998931884766, 23.579999923706055, 24.969999313354492, 26.299999237060547, 27.119998931884766, 28.119998931884766, 29.01999855041504, 29.959999084472656, 30.689998626708984, 31.28999900817871, 32.2599983215332, 33.15999984741211, 33.61000061035156, 34.439998626708984, 34.73999786376953, 35.14999771118164, 35.599998474121094, 36.2599983215332, 36.80999755859375, 36.599998474121094, 37.12999725341797, 37.38999938964844, 37.80999755859375, 38.2599983215332, 38.48999786376953, 38.89999771118164, 39.31999969482422, 39.61000061035156, 39.97999954223633, 40.22999954223633, 40.459999084472656, 40.71999740600586, 40.84000015258789, 41.32999801635742, 41.72999954223633, 41.84000015258789, 42.02000045776367, 42.029998779296875, 42.5099983215332, 42.79999923706055, 42.97999954223633, 42.98999786376953, 43.66999816894531, 43.70000076293945, 43.7599983215332, 44.189998626708984, 44.22999954223633, 44.64999771118164, 44.53999710083008, 44.62999725341797, 44.80999755859375, 44.82999801635742, 45.07999801635742, 45.20000076293945, 45.279998779296875, 45.709999084472656, 45.97999954223633, 46.09000015258789, 45.89999771118164, 45.89999771118164, 46.029998779296875, 46.31999969482422, 46.19999694824219, 46.619998931884766, 46.62999725341797, 46.64999771118164, 46.57999801635742, 46.709999084472656, 47.03999710083008, 47.43000030517578, 47.28999710083008, 47.369998931884766, 47.40999984741211, 47.61000061035156, 47.779998779296875, 47.84000015258789, 47.93000030517578, 48.18000030517578, 48.07999801635742, 48.5099983215332, 48.34000015258789, 48.59000015258789, 48.53999710083008, 48.79999923706055, 48.779998779296875, 49.13999938964844, 49.279998779296875, 49.22999954223633, 49.19999694824219, 49.18000030517578, 49.5099983215332, 49.849998474121094, 49.77000045776367, 49.619998931884766, 49.709999084472656], "epochs": [0, 1, 2, 3, 4, 5, 6, 7, 8, 9, 10, 11, 12, 13, 14, 15, 16, 17, 18, 19, 20, 21, 22, 23, 24, 25, 26, 27, 28, 29, 30, 31, 32, 33, 34, 35, 36, 37, 38, 39, 40, 41, 42, 43, 44, 45, 46, 47, 48, 49, 50, 51, 52, 53, 54, 55, 56, 57, 58, 59, 60, 61, 62, 63, 64, 65, 66, 67, 68, 69, 70, 71, 72, 73, 74, 75, 76, 77, 78, 79, 80, 81, 82, 83, 84, 85, 86, 87, 88, 89, 90, 91, 92, 93, 94, 95, 96, 97, 98, 99]}