{"train_losses": [0.013438921421766281, 0.01041977759450674, 0.008952578529715538, 0.008006961084902287, 0.007408870849758387, 0.006866863928735256, 0.0064625185914337635, 0.0061344485729932785, 0.005814152769744396, 0.005518765654414892, 0.005265748128294945, 0.0050783175975084305, 0.004927420057356358, 0.00469505088403821, 0.004594613332301378, 0.004425282124429941, 0.004255459178239107, 0.0041639129631221294, 0.003992303740233183, 0.0038887672126293182, 0.0037767598405480385, 0.003673488274216652, 0.00356667279265821, 0.003446755697950721, 0.0033584334887564182, 0.0032476778142154217, 0.0031459752935916185, 0.003060314804315567, 0.0029598583932965994, 0.0029146154411137104, 0.0028255695942789316, 0.0027386953588575125, 0.0026922738179564476, 0.002609159564599395, 0.0025113909505307674, 0.0024840673431754112, 0.0024219073820859194, 0.0023652880918234587, 0.0023091842886060476, 0.0022396277636289597, 0.00217401422560215, 0.0021465104073286057, 0.0020659349393099546, 0.0020571965724229813, 0.0019877830054610968, 0.0019622158724814653, 0.001921978429891169, 0.0018569796811789274, 0.0018185324734076858, 0.001780817867256701, 0.0017135352827608585, 0.001685967668890953, 0.0016693755751475692, 0.0016777014825493097, 0.0015544623602181673, 0.0015476819826290011, 0.0015287355054169893, 0.001490458962507546, 0.0014802803052589297, 0.0014459519879892468, 0.0014519055839627981, 0.0013708873884752393, 0.0013797199353575706, 0.0013458073372021317, 0.0012550628744065762, 0.0013115644687786698, 0.0012235407484695315, 0.0012106024660170078, 0.0012328859884291887, 0.0011947156162932515, 0.0011545446468517184, 0.001167849637567997, 0.0011464820709079504, 0.0011454924242570996, 0.0010861746268346906, 0.0011079782852903008, 0.0010879531037062407, 0.0010504552628844976, 0.001063420670107007, 0.0009935920825228095, 0.0010386602953076363, 0.000994485104456544, 0.0009560672333464026, 0.0009222458465956151, 0.000941638252697885, 0.0009522829204797745, 0.0009134899009950459, 0.0008943865541368723, 0.0008711080881766975, 0.0008948673494160175, 0.0008448702865280211, 0.000867031398229301, 0.0008333779405802488, 0.0008404947584494948, 0.0008197153802029788, 0.0008085973677225411, 0.0007840009639039636, 0.0007840619655326009, 0.0008031373145058751, 0.0007927255937829614], "accs": [46.959999084472656, 51.34000015258789, 63.55999755859375, 65.02999877929688, 69.2699966430664, 71.02999877929688, 71.58000183105469, 71.88999938964844, 73.58999633789062, 75.3699951171875, 76.4000015258789, 77.47999572753906, 76.08000183105469, 76.75999450683594, 77.12999725341797, 79.5199966430664, 78.83999633789062, 79.91999816894531, 80.25, 80.1500015258789, 80.94999694824219, 81.93999481201172, 78.79999542236328, 80.80999755859375, 81.81999969482422, 81.0999984741211, 82.0, 81.62999725341797, 81.0999984741211, 82.16999816894531, 82.54000091552734, 82.94999694824219, 82.31999969482422, 83.15999603271484, 83.22999572753906, 83.22999572753906, 83.15999603271484, 83.8499984741211, 83.31999969482422, 84.18999481201172, 83.98999786376953, 83.9000015258789, 84.1500015258789, 84.70999908447266, 84.22999572753906, 83.27999877929688, 84.91999816894531, 84.68000030517578, 84.06999969482422, 84.43000030517578, 84.13999938964844, 84.45999908447266, 84.47000122070312, 84.91999816894531, 84.70999908447266, 84.41999816894531, 84.8699951171875, 84.7699966430664, 84.1500015258789, 84.75999450683594, 85.23999786376953, 85.06999969482422, 84.98999786376953, 84.93999481201172, 84.63999938964844, 84.93999481201172, 84.79999542236328, 84.6500015258789, 84.38999938964844, 84.94999694824219, 84.79999542236328, 84.8699951171875, 84.94999694824219, 84.63999938964844, 85.3499984741211, 85.37999725341797, 84.56999969482422, 84.66999816894531, 84.54000091552734, 84.88999938964844, 85.19999694824219, 84.98999786376953, 84.66999816894531, 85.19999694824219, 84.93000030517578, 84.65999603271484, 85.3499984741211, 85.27999877929688, 85.00999450683594, 84.79999542236328, 84.95999908447266, 85.4000015258789, 85.4000015258789, 85.22999572753906, 85.55999755859375, 84.81999969482422, 85.30999755859375, 85.18000030517578, 85.19999694824219, 85.05999755859375], "epochs": [0, 1, 2, 3, 4, 5, 6, 7, 8, 9, 10, 11, 12, 13, 14, 15, 16, 17, 18, 19, 20, 21, 22, 23, 24, 25, 26, 27, 28, 29, 30, 31, 32, 33, 34, 35, 36, 37, 38, 39, 40, 41, 42, 43, 44, 45, 46, 47, 48, 49, 50, 51, 52, 53, 54, 55, 56, 57, 58, 59, 60, 61, 62, 63, 64, 65, 66, 67, 68, 69, 70, 71, 72, 73, 74, 75, 76, 77, 78, 79, 80, 81, 82, 83, 84, 85, 86, 87, 88, 89, 90, 91, 92, 93, 94, 95, 96, 97, 98, 99]}