{"train_losses": [0.013384217396378517, 0.010498213581740856, 0.009093789383769035, 0.008100898005068302, 0.007434295490384102, 0.006902134045958519, 0.006447159219533205, 0.006140297278761864, 0.0058074393309652805, 0.00551176443696022, 0.0053045740351080894, 0.00510698975995183, 0.004858620930463076, 0.004715819377452135, 0.004538009874522686, 0.004362404812127352, 0.004235637374222279, 0.0041254800744354725, 0.003956996835768223, 0.00381323229521513, 0.0037494213320314884, 0.003661261172965169, 0.0035204188898205757, 0.003410019213333726, 0.0033130357041954994, 0.003243605373427272, 0.003133420366793871, 0.003073916770517826, 0.0029917825013399124, 0.0029116556979715824, 0.0028026518411934376, 0.002784166717901826, 0.002695489674806595, 0.0025862674228847027, 0.002528609475120902, 0.002529105870053172, 0.0024061105214059353, 0.002389537636190653, 0.002323451451957226, 0.002244475996121764, 0.002226801821961999, 0.0021402996499091387, 0.002118451986461878, 0.002090466907247901, 0.001999412663280964, 0.0019538672640919685, 0.0019059729529544711, 0.0018574625719338655, 0.001870452775619924, 0.0017932966584339738, 0.001769727561622858, 0.0017249255906790495, 0.001726547023281455, 0.0016034565633162856, 0.0016132520977407694, 0.001629844424314797, 0.0015798911917954683, 0.0015332864131778479, 0.0014908304437994957, 0.0014876466011628509, 0.0014418947976082563, 0.0014045422431081533, 0.0013397637521848083, 0.0013507353141903877, 0.001358343055471778, 0.001298439339734614, 0.0012854007072746754, 0.0012825251324102283, 0.0012291738530620933, 0.001174045610241592, 0.0012099366867914796, 0.001132342149503529, 0.001162729924544692, 0.0012077726423740387, 0.001134909805841744, 0.0010804836638271809, 0.0010563806863501668, 0.0010471218265593052, 0.001049597398377955, 0.0010223378194496036, 0.001002118457108736, 0.001005621743388474, 0.0010067112743854523, 0.0009995227446779609, 0.0009406358585692942, 0.0009080679155886173, 0.0009304655832238495, 0.0009392450447194278, 0.0009046954801306129, 0.0009262004750780761, 0.0009018064592964947, 0.0008486138540320098, 0.0009072298998944461, 0.0008174418471753597, 0.0008468950400128961, 0.0008270315593108535, 0.0008567236945964396, 0.0007673046202398837, 0.0007852990529499948, 0.0007694423547945917], "accs": [48.19999694824219, 54.63999938964844, 62.869998931884766, 65.47000122070312, 67.44999694824219, 71.81999969482422, 71.33999633789062, 74.4000015258789, 75.9000015258789, 76.27999877929688, 76.15999603271484, 78.0, 78.47000122070312, 78.1199951171875, 76.48999786376953, 77.04000091552734, 79.58999633789062, 79.90999603271484, 80.6500015258789, 81.55999755859375, 80.56999969482422, 78.81999969482422, 80.00999450683594, 81.25, 82.06999969482422, 82.52999877929688, 81.44999694824219, 81.45999908447266, 82.95999908447266, 82.37999725341797, 81.79999542236328, 82.8499984741211, 83.29999542236328, 83.0199966430664, 83.29999542236328, 84.16999816894531, 82.9000015258789, 83.4000015258789, 83.22999572753906, 83.25999450683594, 84.18000030517578, 83.94999694824219, 84.0, 83.73999786376953, 84.19999694824219, 84.20999908447266, 84.41999816894531, 84.47999572753906, 84.43999481201172, 84.0, 85.12999725341797, 84.3499984741211, 84.2699966430664, 84.43999481201172, 84.55999755859375, 84.44999694824219, 84.20999908447266, 84.58999633789062, 85.19999694824219, 84.23999786376953, 84.25, 84.86000061035156, 84.52999877929688, 84.29000091552734, 84.37999725341797, 84.54999542236328, 84.23999786376953, 84.68000030517578, 84.66999816894531, 84.65999603271484, 84.6500015258789, 85.18000030517578, 85.05999755859375, 85.00999450683594, 84.5199966430664, 85.3499984741211, 84.93000030517578, 84.97999572753906, 84.97999572753906, 85.07999420166016, 85.25, 84.61000061035156, 85.08999633789062, 85.3499984741211, 84.79999542236328, 85.07999420166016, 84.75999450683594, 85.11000061035156, 85.02999877929688, 84.98999786376953, 85.29000091552734, 85.54999542236328, 85.29000091552734, 85.00999450683594, 85.25, 84.90999603271484, 85.37999725341797, 85.0, 84.8499984741211, 84.97999572753906], "epochs": [0, 1, 2, 3, 4, 5, 6, 7, 8, 9, 10, 11, 12, 13, 14, 15, 16, 17, 18, 19, 20, 21, 22, 23, 24, 25, 26, 27, 28, 29, 30, 31, 32, 33, 34, 35, 36, 37, 38, 39, 40, 41, 42, 43, 44, 45, 46, 47, 48, 49, 50, 51, 52, 53, 54, 55, 56, 57, 58, 59, 60, 61, 62, 63, 64, 65, 66, 67, 68, 69, 70, 71, 72, 73, 74, 75, 76, 77, 78, 79, 80, 81, 82, 83, 84, 85, 86, 87, 88, 89, 90, 91, 92, 93, 94, 95, 96, 97, 98, 99]}