{"train_losses": [0.01996271312236786, 0.019349027425050735, 0.018692828714847565, 0.01812499202787876, 0.017645547166466713, 0.017197655513882637, 0.01683111861348152, 0.016464266926050186, 0.016184648498892784, 0.015918608754873276, 0.015687735751271248, 0.015439365990459919, 0.015241831541061401, 0.015109351836144924, 0.014930038712918758, 0.014758638106286526, 0.014639497734606266, 0.014554901048541069, 0.014431385323405266, 0.014317205175757408, 0.014201954938471317, 0.014136872254312038, 0.01401435025036335, 0.01389786135405302, 0.013853381387889385, 0.013737338595092297, 0.013638206757605076, 0.01357550173997879, 0.013526284135878086, 0.013468464836478233, 0.01337013766169548, 0.01335032470524311, 0.013240144588053226, 0.013213828206062317, 0.013135144487023354, 0.013041951693594456, 0.013017768040299416, 0.012968256138265133, 0.012925622053444386, 0.012842502444982529, 0.012805997394025326, 0.012770325876772404, 0.012741776183247566, 0.012670756317675114, 0.012620645575225353, 0.012586039490997791, 0.01254807598888874, 0.012508421204984188, 0.01246474776417017, 0.012410284020006657, 0.01239797193557024, 0.012383499182760715, 0.012299476191401482, 0.012283746153116226, 0.012260527350008488, 0.012201602570712566, 0.012179815210402012, 0.012102743610739708, 0.012114663608372211, 0.012093412689864635, 0.012062459252774715, 0.011997859925031662, 0.011963673867285252, 0.011976487934589386, 0.011918239295482635, 0.011914601549506187, 0.011870487593114376, 0.0118123022839427, 0.011814001947641373, 0.01179814338684082, 0.011751116253435612, 0.011779173277318478, 0.011694434098899364, 0.011693035252392292, 0.011644848622381687, 0.01160808652639389, 0.01159276906400919, 0.01162454392760992, 0.011551105417311192, 0.01153501681983471, 0.011523008346557617, 0.011485830880701542, 0.011457985267043114, 0.011442655697464943, 0.011431093327701092, 0.011374757625162601, 0.011330296285450459, 0.011371574364602566, 0.011356025002896786, 0.011273925192654133, 0.011244039051234722, 0.011265033856034279, 0.0112238097935915, 0.01119211409240961, 0.01119246706366539, 0.011178200133144855, 0.011115248315036297, 0.01116479467600584, 0.011151500046253204, 0.011091647669672966], "accs": [12.09000015258789, 13.899999618530273, 15.9399995803833, 17.799999237060547, 19.90999984741211, 22.0, 23.809999465942383, 25.219999313354492, 26.59000015258789, 27.84000015258789, 29.03999900817871, 30.15999984741211, 31.15999984741211, 32.11000061035156, 32.709999084472656, 33.84000015258789, 34.5099983215332, 34.79999923706055, 35.66999816894531, 36.55999755859375, 36.48999786376953, 36.77000045776367, 37.529998779296875, 37.98999786376953, 38.5, 38.86000061035156, 39.34000015258789, 39.28999710083008, 39.75, 39.87999725341797, 40.189998626708984, 40.63999938964844, 41.23999786376953, 41.46999740600586, 41.599998474121094, 41.7599983215332, 42.119998931884766, 42.43000030517578, 42.59000015258789, 42.849998474121094, 43.029998779296875, 43.34000015258789, 43.64999771118164, 43.87999725341797, 44.23999786376953, 44.52000045776367, 44.48999786376953, 44.689998626708984, 44.84000015258789, 45.11000061035156, 45.15999984741211, 45.30999755859375, 45.59000015258789, 45.84000015258789, 45.88999938964844, 46.18000030517578, 46.09000015258789, 46.37999725341797, 46.61000061035156, 46.939998626708984, 47.02000045776367, 47.07999801635742, 47.779998779296875, 47.43000030517578, 47.779998779296875, 47.69999694824219, 48.15999984741211, 47.91999816894531, 48.31999969482422, 47.97999954223633, 48.43000030517578, 48.15999984741211, 48.619998931884766, 48.41999816894531, 48.61000061035156, 48.689998626708984, 48.90999984741211, 48.939998626708984, 49.11000061035156, 49.14999771118164, 49.529998779296875, 49.689998626708984, 49.44999694824219, 49.529998779296875, 49.5099983215332, 49.81999969482422, 49.82999801635742, 49.61000061035156, 49.78999710083008, 50.19999694824219, 50.04999923706055, 50.19999694824219, 50.25, 50.37999725341797, 50.15999984741211, 50.55999755859375, 50.619998931884766, 50.80999755859375, 50.56999969482422, 50.98999786376953], "epochs": [0, 1, 2, 3, 4, 5, 6, 7, 8, 9, 10, 11, 12, 13, 14, 15, 16, 17, 18, 19, 20, 21, 22, 23, 24, 25, 26, 27, 28, 29, 30, 31, 32, 33, 34, 35, 36, 37, 38, 39, 40, 41, 42, 43, 44, 45, 46, 47, 48, 49, 50, 51, 52, 53, 54, 55, 56, 57, 58, 59, 60, 61, 62, 63, 64, 65, 66, 67, 68, 69, 70, 71, 72, 73, 74, 75, 76, 77, 78, 79, 80, 81, 82, 83, 84, 85, 86, 87, 88, 89, 90, 91, 92, 93, 94, 95, 96, 97, 98, 99]}