{"train_losses": [0.01848043128848076, 0.016416486352682114, 0.015134868212044239, 0.014361909590661526, 0.013778986409306526, 0.013374163769185543, 0.012947692535817623, 0.012615476734936237, 0.012322238646447659, 0.012034119106829166, 0.011785313487052917, 0.011569268070161343, 0.011373628862202168, 0.011226492933928967, 0.011008454486727715, 0.010862498544156551, 0.010679259896278381, 0.010570956394076347, 0.01037580519914627, 0.010251550935208797, 0.01013655960559845, 0.010026595555245876, 0.009853415191173553, 0.009762169793248177, 0.00963920820504427, 0.009517811238765717, 0.00942589808255434, 0.009346933104097843, 0.00923148449510336, 0.00915784202516079, 0.009011106565594673, 0.008922113105654716, 0.008866156451404095, 0.008832599967718124, 0.00869886577129364, 0.00861660111695528, 0.008550751954317093, 0.008433480747044086, 0.008402367122471333, 0.00829099677503109, 0.008240940049290657, 0.008151472546160221, 0.008070926181972027, 0.008036884479224682, 0.007974745705723763, 0.007899554446339607, 0.007822981104254723, 0.007775085046887398, 0.007704626303166151, 0.007622282020747662, 0.0075853499583899975, 0.007537899073213339, 0.007511876057833433, 0.00744788208976388, 0.007314245216548443, 0.007310247048735619, 0.007263666018843651, 0.007156585343182087, 0.0071335164830088615, 0.007072297856211662, 0.007057760842144489, 0.007019206415861845, 0.006946488283574581, 0.006902127526700497, 0.0068527404218912125, 0.006834971718490124, 0.00674952007830143, 0.006725753657519817, 0.006662347819656134, 0.006667440757155418, 0.006560586392879486, 0.0065321605652570724, 0.006501828320324421, 0.0064380294643342495, 0.006419519428163767, 0.006376001983880997, 0.006321478635072708, 0.006284651812165976, 0.00624972814694047, 0.0061852349899709225, 0.006213855464011431, 0.006145617924630642, 0.0060634734109044075, 0.006073081400245428, 0.006022243294864893, 0.005986906588077545, 0.005986497737467289, 0.005908564198762178, 0.005881251767277718, 0.005841598846018314, 0.005804616492241621, 0.005777108017355204, 0.005739701446145773, 0.005725682247430086, 0.005655108951032162, 0.005637121386826038, 0.005562459118664265, 0.005566467065364122, 0.005535760894417763, 0.005543801002204418], "accs": [19.670000076293945, 27.76999855041504, 32.70000076293945, 36.34000015258789, 39.099998474121094, 41.25, 43.029998779296875, 44.07999801635742, 45.52000045776367, 46.82999801635742, 47.439998626708984, 48.459999084472656, 49.64999771118164, 50.689998626708984, 51.34000015258789, 51.90999984741211, 52.94999694824219, 53.38999938964844, 54.07999801635742, 54.72999954223633, 55.39999771118164, 55.94999694824219, 56.46999740600586, 57.09000015258789, 56.79999923706055, 57.46999740600586, 58.15999984741211, 58.32999801635742, 59.03999710083008, 59.44999694824219, 59.47999954223633, 60.44999694824219, 60.619998931884766, 60.369998931884766, 61.18000030517578, 61.5099983215332, 61.65999984741211, 61.90999984741211, 62.06999969482422, 62.30999755859375, 62.599998474121094, 63.29999923706055, 63.39999771118164, 63.39999771118164, 63.73999786376953, 63.82999801635742, 64.01000213623047, 64.26000213623047, 64.5, 64.6199951171875, 64.97999572753906, 65.4000015258789, 65.45999908447266, 65.2699966430664, 65.47000122070312, 65.90999603271484, 66.06999969482422, 66.12999725341797, 66.45999908447266, 66.5, 67.00999450683594, 66.88999938964844, 67.15999603271484, 67.4000015258789, 67.68999481201172, 67.69999694824219, 67.9000015258789, 67.75999450683594, 67.97000122070312, 68.1500015258789, 68.29999542236328, 68.68999481201172, 68.66999816894531, 68.6500015258789, 68.45999908447266, 68.31999969482422, 68.68999481201172, 68.83999633789062, 68.90999603271484, 69.18999481201172, 69.47000122070312, 69.47000122070312, 69.5199966430664, 69.55999755859375, 69.61000061035156, 70.05999755859375, 70.0999984741211, 69.90999603271484, 70.08000183105469, 70.19999694824219, 70.30999755859375, 70.45999908447266, 70.6500015258789, 70.80999755859375, 70.81999969482422, 71.08000183105469, 71.2699966430664, 71.63999938964844, 71.29000091552734, 71.22999572753906], "epochs": [0, 1, 2, 3, 4, 5, 6, 7, 8, 9, 10, 11, 12, 13, 14, 15, 16, 17, 18, 19, 20, 21, 22, 23, 24, 25, 26, 27, 28, 29, 30, 31, 32, 33, 34, 35, 36, 37, 38, 39, 40, 41, 42, 43, 44, 45, 46, 47, 48, 49, 50, 51, 52, 53, 54, 55, 56, 57, 58, 59, 60, 61, 62, 63, 64, 65, 66, 67, 68, 69, 70, 71, 72, 73, 74, 75, 76, 77, 78, 79, 80, 81, 82, 83, 84, 85, 86, 87, 88, 89, 90, 91, 92, 93, 94, 95, 96, 97, 98, 99]}