{"train_losses": [0.013457185588777065, 0.010359748266637325, 0.008979445323348045, 0.008112391456961632, 0.007505960296839476, 0.0069810738787055016, 0.006549249868839979, 0.006191365420818329, 0.005928122904151678, 0.005591605789959431, 0.00530687440186739, 0.005106530152261257, 0.004916450474411249, 0.004738462623208761, 0.004569529090076685, 0.004376864526420832, 0.004278368782252073, 0.004101382102817297, 0.00399732543155551, 0.0038936701603233814, 0.0037390608340501785, 0.003642939031124115, 0.0035590382758527994, 0.0034081614576280117, 0.0033759281504899263, 0.003270758083090186, 0.0031703682616353035, 0.003031722968444228, 0.0030180674511939287, 0.002903742017224431, 0.0028124386444687843, 0.002734543289989233, 0.0026754788123071194, 0.002658294280990958, 0.002541618188843131, 0.002517967252060771, 0.0024204617366194725, 0.0024157878942787647, 0.0022907343227416277, 0.0022332847584038973, 0.0022107765544205904, 0.002245670184493065, 0.002080050529912114, 0.0020164574962109327, 0.0020103533752262592, 0.0019414483103901148, 0.0018865552265197039, 0.001877473434433341, 0.0018294744659215212, 0.0017992033390328288, 0.0017216929700225592, 0.0017042510444298387, 0.0016681930283084512, 0.0016052114078775048, 0.0016086411196738482, 0.0015122167533263564, 0.0014954590005800128, 0.0015027082990854979, 0.001447859569452703, 0.0014687400544062257, 0.0013976177433505654, 0.001397023443132639, 0.0013719932176172733, 0.0013349561486393213, 0.0012990097748115659, 0.0013070304412394762, 0.0012702237581834197, 0.0011961549753323197, 0.001207309658639133, 0.001172480871900916, 0.0011604860192164779, 0.001150023192167282, 0.0011399403447285295, 0.0011267706286162138, 0.0011040567187592387, 0.0010934823658317327, 0.0010462183272466063, 0.0010456154122948647, 0.0010059173218905926, 0.00102943682577461, 0.0010121786035597324, 0.0009552202536724508, 0.0009731647442094982, 0.0009940703166648746, 0.0009088056976906955, 0.0009171502315439284, 0.0009371443884447217, 0.0008754646987654269, 0.0008798241033218801, 0.0008793793967925012, 0.0008670332026667893, 0.0008495457004755735, 0.0008189109503291547, 0.0008364659151993692, 0.0007907071267254651, 0.000791611906606704, 0.000799455214291811, 0.0007752529927529395, 0.0007974660838954151, 0.0007622991688549519], "accs": [46.84000015258789, 57.57999801635742, 61.28999710083008, 64.45999908447266, 68.63999938964844, 69.5199966430664, 71.93999481201172, 68.43000030517578, 73.8699951171875, 75.45999908447266, 75.90999603271484, 76.05999755859375, 76.83999633789062, 76.8699951171875, 78.81999969482422, 76.8499984741211, 78.87999725341797, 80.54999542236328, 80.50999450683594, 79.52999877929688, 80.5199966430664, 80.80999755859375, 82.00999450683594, 80.91999816894531, 82.11000061035156, 80.98999786376953, 81.82999420166016, 83.00999450683594, 83.06999969482422, 82.54999542236328, 83.27999877929688, 82.54000091552734, 83.56999969482422, 83.00999450683594, 82.69999694824219, 83.5, 83.47999572753906, 83.33999633789062, 83.68000030517578, 82.97000122070312, 84.22999572753906, 82.91999816894531, 83.00999450683594, 83.6199951171875, 84.1500015258789, 83.81999969482422, 84.04999542236328, 83.97999572753906, 84.37999725341797, 83.69999694824219, 84.23999786376953, 83.94999694824219, 84.07999420166016, 84.13999938964844, 84.40999603271484, 84.11000061035156, 84.54000091552734, 84.41999816894531, 83.95999908447266, 83.72999572753906, 84.05999755859375, 84.54000091552734, 84.7699966430664, 84.29000091552734, 84.00999450683594, 84.22999572753906, 85.23999786376953, 84.65999603271484, 84.25, 85.11000061035156, 84.93000030517578, 84.77999877929688, 84.30999755859375, 84.8699951171875, 84.33999633789062, 84.56999969482422, 84.47000122070312, 84.41999816894531, 84.3699951171875, 84.23999786376953, 84.8499984741211, 84.87999725341797, 84.32999420166016, 84.05999755859375, 84.6199951171875, 83.9000015258789, 83.8499984741211, 84.19999694824219, 85.00999450683594, 85.08999633789062, 85.1500015258789, 84.87999725341797, 84.62999725341797, 84.86000061035156, 84.52999877929688, 84.5199966430664, 84.4000015258789, 84.6199951171875, 84.65999603271484, 84.16999816894531], "epochs": [0, 1, 2, 3, 4, 5, 6, 7, 8, 9, 10, 11, 12, 13, 14, 15, 16, 17, 18, 19, 20, 21, 22, 23, 24, 25, 26, 27, 28, 29, 30, 31, 32, 33, 34, 35, 36, 37, 38, 39, 40, 41, 42, 43, 44, 45, 46, 47, 48, 49, 50, 51, 52, 53, 54, 55, 56, 57, 58, 59, 60, 61, 62, 63, 64, 65, 66, 67, 68, 69, 70, 71, 72, 73, 74, 75, 76, 77, 78, 79, 80, 81, 82, 83, 84, 85, 86, 87, 88, 89, 90, 91, 92, 93, 94, 95, 96, 97, 98, 99]}