{"train_losses": [0.0158220324665308, 0.012803836725652218, 0.011652776971459389, 0.010880677029490471, 0.010261337272822857, 0.009629824198782444, 0.00912007037550211, 0.008676779456436634, 0.008259712718427181, 0.007858709432184696, 0.007530796807259321, 0.007240526378154755, 0.006994488183408976, 0.006691459100693464, 0.0064744180999696255, 0.006273854989558458, 0.006075491197407246, 0.005919243209064007, 0.005735947750508785, 0.005597978830337524, 0.005408959928900003, 0.005282294005155563, 0.005136427469551563, 0.004968859720975161, 0.004845620132982731, 0.004774512257426977, 0.004621825180947781, 0.004509442485868931, 0.004406882915645838, 0.004328390117734671, 0.004196250345557928, 0.004090646281838417, 0.00396793894469738, 0.003869845997542143, 0.003795545781031251, 0.003720202250406146, 0.003619717201218009, 0.003529859473928809, 0.0034586864057928324, 0.003368144389241934, 0.003277634270489216, 0.0032297750003635883, 0.0031037565786391497, 0.0030810146126896143, 0.0030054342932999134, 0.0029159896075725555, 0.0028535404708236456, 0.002756937174126506, 0.0027189278043806553, 0.0026734713464975357, 0.0025675406213849783, 0.0025092221330851316, 0.0024985377676784992, 0.002397776348516345, 0.0023086422588676214, 0.002307671355083585, 0.002255270956084132, 0.002151815453544259, 0.0021605421788990498, 0.0020875874906778336, 0.002057064091786742, 0.0020129585172981024, 0.001944169751368463, 0.001909384154714644, 0.0019148989813402295, 0.001826405874453485, 0.0017896692734211683, 0.001758803497068584, 0.001726947259157896, 0.0016606708522886038, 0.0016635488718748093, 0.0016329811187461019, 0.0015913909301161766, 0.0015224182279780507, 0.0015339211095124483, 0.0014964549336582422, 0.0014620226575061679, 0.0014178127748891711, 0.0014288604725152254, 0.0013542918022722006, 0.0013346780324354768, 0.0013107062550261617, 0.0013243885478004813, 0.0013065928360447288, 0.0012701675295829773, 0.0012185689993202686, 0.0012123321648687124, 0.0012220944045111537, 0.0011755034793168306, 0.0011396356858313084, 0.0011173554230481386, 0.0011147033656015992, 0.0011085724690929055, 0.0010646209120750427, 0.0010838920716196299, 0.001033824635669589, 0.0010192958870902658, 0.0010413848794996738, 0.0009887757478281856, 0.0009888103231787682], "accs": [39.34000015258789, 46.13999938964844, 50.099998474121094, 53.98999786376953, 56.84000015258789, 58.959999084472656, 61.48999786376953, 62.94999694824219, 64.54999542236328, 66.01000213623047, 66.97999572753906, 68.83999633789062, 68.86000061035156, 70.43999481201172, 71.25999450683594, 71.56999969482422, 72.19999694824219, 72.4000015258789, 72.31999969482422, 74.1500015258789, 74.27999877929688, 74.5199966430664, 74.90999603271484, 75.20999908447266, 75.1500015258789, 75.3499984741211, 75.47999572753906, 76.3499984741211, 76.6500015258789, 75.75, 76.83000183105469, 77.29999542236328, 76.66999816894531, 76.87999725341797, 76.65999603271484, 77.13999938964844, 76.97000122070312, 77.47999572753906, 78.1500015258789, 78.3499984741211, 78.13999938964844, 77.95999908447266, 78.6199951171875, 78.02999877929688, 77.81999969482422, 77.75, 78.5199966430664, 78.04000091552734, 77.98999786376953, 78.88999938964844, 78.22999572753906, 79.04000091552734, 78.66999816894531, 79.45999908447266, 78.94999694824219, 78.25, 78.77999877929688, 78.88999938964844, 78.56999969482422, 78.80999755859375, 79.5199966430664, 79.36000061035156, 78.91999816894531, 78.65999603271484, 78.93999481201172, 79.25999450683594, 79.19999694824219, 79.02999877929688, 79.43000030517578, 78.93000030517578, 78.38999938964844, 79.0, 79.48999786376953, 79.3699951171875, 78.98999786376953, 79.32999420166016, 79.23999786376953, 78.97999572753906, 78.90999603271484, 79.20999908447266, 79.36000061035156, 78.83999633789062, 79.08999633789062, 79.18999481201172, 79.6199951171875, 79.36000061035156, 79.18999481201172, 79.00999450683594, 79.33999633789062, 79.70999908447266, 79.43999481201172, 79.62999725341797, 79.41999816894531, 79.11000061035156, 79.87999725341797, 80.11000061035156, 79.2699966430664, 79.27999877929688, 79.38999938964844, 79.55999755859375], "epochs": [0, 1, 2, 3, 4, 5, 6, 7, 8, 9, 10, 11, 12, 13, 14, 15, 16, 17, 18, 19, 20, 21, 22, 23, 24, 25, 26, 27, 28, 29, 30, 31, 32, 33, 34, 35, 36, 37, 38, 39, 40, 41, 42, 43, 44, 45, 46, 47, 48, 49, 50, 51, 52, 53, 54, 55, 56, 57, 58, 59, 60, 61, 62, 63, 64, 65, 66, 67, 68, 69, 70, 71, 72, 73, 74, 75, 76, 77, 78, 79, 80, 81, 82, 83, 84, 85, 86, 87, 88, 89, 90, 91, 92, 93, 94, 95, 96, 97, 98, 99]}