{"train_losses": [0.01885128580033779, 0.01653008908033371, 0.015112174674868584, 0.014313495717942715, 0.013682710006833076, 0.013188906013965607, 0.012748262844979763, 0.01240568421781063, 0.012117288075387478, 0.011846530251204967, 0.01166448462754488, 0.011400733143091202, 0.011217886582016945, 0.0110536590218544, 0.010897256433963776, 0.010709758847951889, 0.01059593353420496, 0.010463722050189972, 0.010297007858753204, 0.01018028985708952, 0.010050814598798752, 0.009913993999361992, 0.009810112416744232, 0.009712268598377705, 0.009595741517841816, 0.00946691446006298, 0.009355445392429829, 0.009285136125981808, 0.009191607125103474, 0.009093027561903, 0.008993846364319324, 0.00892943050712347, 0.008818324655294418, 0.00872892513871193, 0.008678118698298931, 0.008561089634895325, 0.008520624600350857, 0.00846107304096222, 0.008355372585356236, 0.008287513628602028, 0.008216195739805698, 0.008190170861780643, 0.008085387758910656, 0.008019273169338703, 0.007962696254253387, 0.007943782955408096, 0.007839437574148178, 0.007778611034154892, 0.007700481917709112, 0.007645259611308575, 0.007597201503813267, 0.0075685507617890835, 0.007458526641130447, 0.007436320185661316, 0.007409446872770786, 0.007311395835131407, 0.007255358621478081, 0.00720418943092227, 0.007204861845821142, 0.007107360754162073, 0.007104306947439909, 0.007020787335932255, 0.007001745048910379, 0.006935527548193932, 0.006880091968923807, 0.006863760761916637, 0.006795302964746952, 0.006767094135284424, 0.006708523258566856, 0.006684777792543173, 0.006649268791079521, 0.006565465591847897, 0.0065199644304811954, 0.006502530537545681, 0.0064560417085886, 0.0064036608673632145, 0.006381051614880562, 0.006357020698487759, 0.006303748581558466, 0.006228593178093433, 0.006204713135957718, 0.006187635939568281, 0.006144811864942312, 0.006103179883211851, 0.006052304059267044, 0.006045176647603512, 0.005970396101474762, 0.005934135988354683, 0.005918866954743862, 0.00587615417316556, 0.005843936000019312, 0.0058319102972745895, 0.005779884289950132, 0.005732500459998846, 0.005712863057851791, 0.005668518599122763, 0.0056280894204974174, 0.005610683932900429, 0.005589805077761412, 0.005534991156309843], "accs": [19.5, 28.189998626708984, 33.849998474121094, 37.369998931884766, 39.86000061035156, 42.09000015258789, 44.0099983215332, 45.64999771118164, 46.72999954223633, 48.0099983215332, 48.81999969482422, 49.98999786376953, 50.53999710083008, 50.939998626708984, 51.13999938964844, 52.619998931884766, 53.1099967956543, 53.97999954223633, 54.5099983215332, 54.94999694824219, 55.25, 55.97999954223633, 56.53999710083008, 57.07999801635742, 57.40999984741211, 57.65999984741211, 58.459999084472656, 58.279998779296875, 58.73999786376953, 59.18000030517578, 59.59000015258789, 59.93000030517578, 60.019996643066406, 60.529998779296875, 60.96999740600586, 60.94999694824219, 61.369998931884766, 62.04999923706055, 61.82999801635742, 62.06999969482422, 62.779998779296875, 62.62999725341797, 63.0099983215332, 63.439998626708984, 63.769996643066406, 63.71999740600586, 63.81999969482422, 64.04000091552734, 64.16999816894531, 64.79000091552734, 64.8499984741211, 64.87999725341797, 64.86000061035156, 65.19999694824219, 65.40999603271484, 65.5, 65.97000122070312, 66.0999984741211, 66.33000183105469, 66.36000061035156, 66.54000091552734, 66.50999450683594, 66.88999938964844, 66.54999542236328, 67.45999908447266, 67.04000091552734, 67.62999725341797, 68.0, 67.40999603271484, 67.75999450683594, 67.79999542236328, 68.0, 67.87999725341797, 68.41999816894531, 68.47999572753906, 68.62999725341797, 68.62999725341797, 68.6500015258789, 68.75, 68.75999450683594, 68.97999572753906, 69.33999633789062, 69.3499984741211, 69.56999969482422, 69.90999603271484, 69.61000061035156, 69.86000061035156, 69.8699951171875, 69.93000030517578, 69.70999908447266, 70.08000183105469, 70.5199966430664, 70.36000061035156, 70.62999725341797, 70.56999969482422, 70.45999908447266, 70.88999938964844, 70.3499984741211, 70.58999633789062, 70.5199966430664], "epochs": [0, 1, 2, 3, 4, 5, 6, 7, 8, 9, 10, 11, 12, 13, 14, 15, 16, 17, 18, 19, 20, 21, 22, 23, 24, 25, 26, 27, 28, 29, 30, 31, 32, 33, 34, 35, 36, 37, 38, 39, 40, 41, 42, 43, 44, 45, 46, 47, 48, 49, 50, 51, 52, 53, 54, 55, 56, 57, 58, 59, 60, 61, 62, 63, 64, 65, 66, 67, 68, 69, 70, 71, 72, 73, 74, 75, 76, 77, 78, 79, 80, 81, 82, 83, 84, 85, 86, 87, 88, 89, 90, 91, 92, 93, 94, 95, 96, 97, 98, 99]}