{"train_losses": [0.018693024292588234, 0.016238704323768616, 0.01496860571205616, 0.014194801449775696, 0.013638526201248169, 0.013193541206419468, 0.012824776582419872, 0.012499714270234108, 0.012207758612930775, 0.011935675516724586, 0.011724705807864666, 0.011518528684973717, 0.011347888968884945, 0.011134309694170952, 0.010976010002195835, 0.010830758139491081, 0.010692656971514225, 0.01060759648680687, 0.010426086373627186, 0.010304836556315422, 0.010192341171205044, 0.010080530308187008, 0.009956208989024162, 0.0098770372569561, 0.009742379188537598, 0.009678971953690052, 0.009580745361745358, 0.009440911933779716, 0.00936549250036478, 0.00926302932202816, 0.009202768094837666, 0.009073271416127682, 0.008982477709650993, 0.008923443034291267, 0.008837784640491009, 0.00874469242990017, 0.008714469149708748, 0.008610078133642673, 0.008557409048080444, 0.008473382331430912, 0.008373063057661057, 0.008341946639120579, 0.008203363977372646, 0.008215183392167091, 0.00810383353382349, 0.008009652607142925, 0.00794464722275734, 0.00793575681746006, 0.007870831526815891, 0.007832590490579605, 0.007742361165583134, 0.007644353900104761, 0.007639741525053978, 0.0075532784685492516, 0.007463822606950998, 0.00739148398861289, 0.007388817146420479, 0.0073272353038191795, 0.007305428851395845, 0.007225163280963898, 0.007177785504609346, 0.007101800758391619, 0.007082234136760235, 0.007094159256666899, 0.007006485480815172, 0.006934436038136482, 0.006882291752845049, 0.006848507095128298, 0.006777225062251091, 0.006765385624021292, 0.006691339425742626, 0.006632935721427202, 0.006625350099056959, 0.0065682255662977695, 0.006513150874525309, 0.006530074868351221, 0.006455768831074238, 0.006381894927471876, 0.006398203782737255, 0.006327938288450241, 0.006280863657593727, 0.006261977832764387, 0.006233143620193005, 0.006178800482302904, 0.006128574255853891, 0.006093467120081186, 0.006041666492819786, 0.006027537863701582, 0.005988259334117174, 0.005943522788584232, 0.005920387338846922, 0.005859996657818556, 0.005887783132493496, 0.005814724136143923, 0.005778718739748001, 0.0057279132306575775, 0.005686548538506031, 0.005662154871970415, 0.005647934973239899, 0.005619145929813385], "accs": [19.529998779296875, 29.34000015258789, 34.72999954223633, 37.70000076293945, 40.599998474121094, 42.88999938964844, 44.20000076293945, 45.66999816894531, 46.39999771118164, 47.709999084472656, 48.22999954223633, 49.72999954223633, 50.32999801635742, 51.209999084472656, 51.689998626708984, 52.779998779296875, 53.09000015258789, 53.59000015258789, 54.369998931884766, 54.939998626708984, 55.62999725341797, 55.93000030517578, 56.48999786376953, 56.869998931884766, 57.44999694824219, 57.41999816894531, 58.099998474121094, 58.2599983215332, 58.62999725341797, 59.5, 60.3599967956543, 60.39999771118164, 60.6099967956543, 61.29999923706055, 61.12999725341797, 61.46999740600586, 61.53999710083008, 62.0, 62.5, 62.22999954223633, 62.89999771118164, 63.19999694824219, 63.1099967956543, 63.959999084472656, 63.59000015258789, 63.65999984741211, 64.04999542236328, 64.3699951171875, 64.47999572753906, 64.62999725341797, 64.97000122070312, 65.11000061035156, 65.75, 65.62999725341797, 65.79000091552734, 65.95999908447266, 66.1199951171875, 66.19999694824219, 66.48999786376953, 66.56999969482422, 66.43000030517578, 66.94999694824219, 67.13999938964844, 66.93000030517578, 67.29000091552734, 67.52999877929688, 67.81999969482422, 67.80999755859375, 67.87999725341797, 68.02999877929688, 68.0999984741211, 68.44999694824219, 68.06999969482422, 68.56999969482422, 68.83999633789062, 68.44999694824219, 68.61000061035156, 68.72000122070312, 69.0, 69.25999450683594, 69.45999908447266, 68.93999481201172, 69.43999481201172, 69.54999542236328, 69.22000122070312, 69.65999603271484, 70.0, 69.83999633789062, 69.94999694824219, 69.75999450683594, 70.04000091552734, 69.8699951171875, 70.18999481201172, 70.23999786376953, 70.79000091552734, 70.83999633789062, 70.5, 70.61000061035156, 70.83000183105469, 70.47000122070312], "epochs": [0, 1, 2, 3, 4, 5, 6, 7, 8, 9, 10, 11, 12, 13, 14, 15, 16, 17, 18, 19, 20, 21, 22, 23, 24, 25, 26, 27, 28, 29, 30, 31, 32, 33, 34, 35, 36, 37, 38, 39, 40, 41, 42, 43, 44, 45, 46, 47, 48, 49, 50, 51, 52, 53, 54, 55, 56, 57, 58, 59, 60, 61, 62, 63, 64, 65, 66, 67, 68, 69, 70, 71, 72, 73, 74, 75, 76, 77, 78, 79, 80, 81, 82, 83, 84, 85, 86, 87, 88, 89, 90, 91, 92, 93, 94, 95, 96, 97, 98, 99]}