{"train_losses": [0.015959223732352257, 0.012740276753902435, 0.01157468743622303, 0.010746234096586704, 0.010057114996016026, 0.0094904825091362, 0.008949816226959229, 0.008557787165045738, 0.00810253620147705, 0.007772012613713741, 0.0074591622687876225, 0.007141974754631519, 0.006879938300698996, 0.006667242851108313, 0.006427268963307142, 0.006265456322580576, 0.006031888071447611, 0.005884656682610512, 0.005726730916649103, 0.005559465382248163, 0.0053953081369400024, 0.005258054472506046, 0.005139763001352549, 0.004981301259249449, 0.004854030907154083, 0.004724511876702309, 0.004622575361281633, 0.004506535362452269, 0.004395606927573681, 0.004261808469891548, 0.004165060352534056, 0.004079840611666441, 0.0039375536143779755, 0.0039038232062011957, 0.0038128294982016087, 0.0036969264037907124, 0.0036063920706510544, 0.0035131294280290604, 0.0034412492532283068, 0.0033417753875255585, 0.0032379149924963713, 0.003231957321986556, 0.003088779281824827, 0.0030662971548736095, 0.003005936276167631, 0.0029297410510480404, 0.002858123043552041, 0.002791463863104582, 0.0027232556603848934, 0.0026150811463594437, 0.0025823430623859167, 0.002576064318418503, 0.0024531595408916473, 0.0024024348240345716, 0.002415685448795557, 0.0023059393279254436, 0.0022496371529996395, 0.002162096556276083, 0.0021136286668479443, 0.0020751142874360085, 0.0020579639822244644, 0.001995635684579611, 0.0019638941157609224, 0.001933164312504232, 0.0018380101537331939, 0.001862529432401061, 0.0017807502299547195, 0.001736389473080635, 0.0016856270376592875, 0.001713769743219018, 0.0016591998282819986, 0.0016468340763822198, 0.0015522964531555772, 0.0015597338788211346, 0.0014789750566706061, 0.0014979038387537003, 0.0014251390239223838, 0.001418531290255487, 0.0014003025135025382, 0.0013647907180711627, 0.0013487800024449825, 0.0013484259834513068, 0.0013072486035525799, 0.0012651338474825025, 0.001255485462024808, 0.0012364835711196065, 0.001223868690431118, 0.001214395510032773, 0.0012011005310341716, 0.0011266685323789716, 0.0011238126317039132, 0.00115345255471766, 0.001088869757950306, 0.0010799143929034472, 0.001051777508109808, 0.0010634169448167086, 0.0010413541458547115, 0.0010465207742527127, 0.0009519590530544519, 0.0010107489069923759], "accs": [39.47999954223633, 45.97999954223633, 51.84000015258789, 54.869998931884766, 56.81999969482422, 58.8599967956543, 61.05999755859375, 63.44999694824219, 64.97999572753906, 66.1500015258789, 68.25999450683594, 68.00999450683594, 70.3699951171875, 69.6199951171875, 71.04999542236328, 71.47999572753906, 72.33999633789062, 73.3499984741211, 73.52999877929688, 72.97000122070312, 73.93000030517578, 74.48999786376953, 74.8699951171875, 74.6500015258789, 74.90999603271484, 75.25, 76.1500015258789, 76.05999755859375, 75.75999450683594, 76.55999755859375, 76.29000091552734, 77.23999786376953, 76.47999572753906, 76.27999877929688, 77.29000091552734, 77.04999542236328, 77.29999542236328, 78.00999450683594, 77.41999816894531, 77.55999755859375, 77.4000015258789, 78.16999816894531, 78.16999816894531, 78.4000015258789, 78.11000061035156, 77.80999755859375, 78.05999755859375, 78.44999694824219, 78.41999816894531, 78.62999725341797, 78.56999969482422, 79.23999786376953, 78.30999755859375, 78.70999908447266, 78.52999877929688, 78.29999542236328, 78.73999786376953, 78.33999633789062, 78.5999984741211, 79.36000061035156, 78.47000122070312, 79.43999481201172, 78.94999694824219, 79.5199966430664, 79.00999450683594, 79.12999725341797, 79.44999694824219, 79.6199951171875, 79.32999420166016, 79.25999450683594, 79.12999725341797, 79.58999633789062, 79.16999816894531, 79.29999542236328, 79.72000122070312, 79.6500015258789, 79.36000061035156, 79.62999725341797, 79.32999420166016, 79.22000122070312, 79.43999481201172, 79.54999542236328, 79.32999420166016, 79.47000122070312, 79.29999542236328, 79.33999633789062, 79.22000122070312, 79.0999984741211, 79.72000122070312, 79.4000015258789, 79.29999542236328, 79.95999908447266, 79.87999725341797, 79.72000122070312, 79.83999633789062, 79.95999908447266, 79.61000061035156, 79.5, 79.97000122070312, 79.38999938964844], "epochs": [0, 1, 2, 3, 4, 5, 6, 7, 8, 9, 10, 11, 12, 13, 14, 15, 16, 17, 18, 19, 20, 21, 22, 23, 24, 25, 26, 27, 28, 29, 30, 31, 32, 33, 34, 35, 36, 37, 38, 39, 40, 41, 42, 43, 44, 45, 46, 47, 48, 49, 50, 51, 52, 53, 54, 55, 56, 57, 58, 59, 60, 61, 62, 63, 64, 65, 66, 67, 68, 69, 70, 71, 72, 73, 74, 75, 76, 77, 78, 79, 80, 81, 82, 83, 84, 85, 86, 87, 88, 89, 90, 91, 92, 93, 94, 95, 96, 97, 98, 99]}