{"train_losses": [0.01932918094098568, 0.018753621727228165, 0.01814759522676468, 0.017641916871070862, 0.01719229482114315, 0.01684693619608879, 0.01650775782763958, 0.016270719468593597, 0.016042333096265793, 0.015793509781360626, 0.01559714786708355, 0.0154562471434474, 0.015291668474674225, 0.015162029303610325, 0.01503258477896452, 0.014906788244843483, 0.014778533950448036, 0.014650010503828526, 0.01459080632776022, 0.014463530853390694, 0.014407413080334663, 0.01427789032459259, 0.014192549511790276, 0.014109435491263866, 0.014033053070306778, 0.013977200724184513, 0.013905455358326435, 0.013794256374239922, 0.013741093687713146, 0.013640965335071087, 0.013591782189905643, 0.013532111421227455, 0.013472414575517178, 0.013379058800637722, 0.013309406116604805, 0.013293862342834473, 0.013218976557254791, 0.01319699827581644, 0.013125325553119183, 0.013051366433501244, 0.013028061017394066, 0.01301766000688076, 0.012939764186739922, 0.012889616191387177, 0.012842346914112568, 0.012819544412195683, 0.012737360782921314, 0.012685750611126423, 0.012636219151318073, 0.012626825831830502, 0.012597570195794106, 0.012543821707367897, 0.012513244524598122, 0.012452553026378155, 0.012444752268493176, 0.012353102676570415, 0.012336649000644684, 0.012327337637543678, 0.012266086414456367, 0.012258379720151424, 0.012209903448820114, 0.012163554318249226, 0.01216371450573206, 0.012109343893826008, 0.012042703106999397, 0.012063476257026196, 0.012029964476823807, 0.011984240263700485, 0.011952310800552368, 0.011932268738746643, 0.011904747225344181, 0.01187992561608553, 0.011799166910350323, 0.011807726696133614, 0.01176681648939848, 0.011745337396860123, 0.011737239547073841, 0.011654828675091267, 0.011681209318339825, 0.0116469357162714, 0.011592199094593525, 0.011578247882425785, 0.011569501832127571, 0.011507611721754074, 0.011513388715684414, 0.011515557765960693, 0.011474307626485825, 0.011469275690615177, 0.011422717012465, 0.011448405683040619, 0.011372935958206654, 0.01135377399623394, 0.011327793821692467, 0.011298885568976402, 0.011265277862548828, 0.011249180883169174, 0.01126191858202219, 0.01124371774494648, 0.011220063082873821, 0.011178474873304367], "accs": [10.319999694824219, 12.829999923706055, 15.5, 17.979999542236328, 20.18000030517578, 22.010000228881836, 23.329999923706055, 24.619998931884766, 25.8799991607666, 26.920000076293945, 27.799999237060547, 28.69999885559082, 29.549999237060547, 30.139999389648438, 30.899999618530273, 31.78999900817871, 32.09000015258789, 32.91999816894531, 33.66999816894531, 34.12999725341797, 34.86000061035156, 35.459999084472656, 35.47999954223633, 36.20000076293945, 36.90999984741211, 37.279998779296875, 37.36000061035156, 37.689998626708984, 38.189998626708984, 38.46999740600586, 39.18000030517578, 39.43000030517578, 39.31999969482422, 39.90999984741211, 40.27000045776367, 40.61000061035156, 40.64999771118164, 40.80999755859375, 41.45000076293945, 41.32999801635742, 41.90999984741211, 41.90999984741211, 42.209999084472656, 42.40999984741211, 42.65999984741211, 43.04999923706055, 43.189998626708984, 43.32999801635742, 43.27000045776367, 43.689998626708984, 44.05999755859375, 44.25, 44.59000015258789, 44.46999740600586, 44.59000015258789, 44.73999786376953, 45.099998474121094, 45.279998779296875, 45.52000045776367, 45.52000045776367, 45.68000030517578, 45.96999740600586, 46.189998626708984, 46.279998779296875, 46.47999954223633, 46.5099983215332, 46.36000061035156, 46.98999786376953, 47.39999771118164, 47.23999786376953, 47.23999786376953, 47.40999984741211, 47.54999923706055, 47.52000045776367, 47.77000045776367, 47.689998626708984, 47.94999694824219, 48.29999923706055, 48.25, 48.09000015258789, 48.36000061035156, 48.38999938964844, 48.79999923706055, 48.599998474121094, 48.709999084472656, 48.79999923706055, 48.869998931884766, 49.25, 49.11000061035156, 49.349998474121094, 49.54999923706055, 49.62999725341797, 49.63999938964844, 49.75, 49.779998779296875, 49.57999801635742, 50.07999801635742, 49.97999954223633, 50.119998931884766, 50.02000045776367], "epochs": [0, 1, 2, 3, 4, 5, 6, 7, 8, 9, 10, 11, 12, 13, 14, 15, 16, 17, 18, 19, 20, 21, 22, 23, 24, 25, 26, 27, 28, 29, 30, 31, 32, 33, 34, 35, 36, 37, 38, 39, 40, 41, 42, 43, 44, 45, 46, 47, 48, 49, 50, 51, 52, 53, 54, 55, 56, 57, 58, 59, 60, 61, 62, 63, 64, 65, 66, 67, 68, 69, 70, 71, 72, 73, 74, 75, 76, 77, 78, 79, 80, 81, 82, 83, 84, 85, 86, 87, 88, 89, 90, 91, 92, 93, 94, 95, 96, 97, 98, 99]}