{"train_losses": [0.01853516511619091, 0.016334667801856995, 0.015113607980310917, 0.014315514825284481, 0.013723442330956459, 0.013271883130073547, 0.012908083386719227, 0.012511476874351501, 0.01224206481128931, 0.011984432116150856, 0.011755158193409443, 0.011513743549585342, 0.011320316232740879, 0.011137059889733791, 0.010991166345775127, 0.010785222053527832, 0.010632913559675217, 0.01049085520207882, 0.010386204347014427, 0.010280024260282516, 0.010114017874002457, 0.01002442091703415, 0.009892706759274006, 0.009761635214090347, 0.009643876925110817, 0.009563349187374115, 0.009416171349585056, 0.009290463291108608, 0.009211624041199684, 0.009109959937632084, 0.009024723432958126, 0.008896702900528908, 0.008845025673508644, 0.008751613087952137, 0.008645366877317429, 0.008558482863008976, 0.008481395430862904, 0.008358171209692955, 0.008356458507478237, 0.008291097357869148, 0.008154514245688915, 0.008091933093965054, 0.008001640439033508, 0.007938834838569164, 0.007922411896288395, 0.007823530584573746, 0.007726709358394146, 0.007702388800680637, 0.0076545244082808495, 0.007585967890918255, 0.007515910547226667, 0.007461423985660076, 0.007429875433444977, 0.007363758981227875, 0.007306037005037069, 0.007289839908480644, 0.007234524469822645, 0.007140337489545345, 0.007044966798275709, 0.007021520286798477, 0.007007748819887638, 0.006915966048836708, 0.006919567007571459, 0.006839170586317778, 0.006821292452514172, 0.00672935601323843, 0.006704302970319986, 0.0066694049164652824, 0.006627216003835201, 0.006573037710040808, 0.006556746084243059, 0.0064353011548519135, 0.006441598292440176, 0.0063697113655507565, 0.00633472902700305, 0.006304149515926838, 0.006278795190155506, 0.006240497808903456, 0.0061720917001366615, 0.00617730338126421, 0.006117430981248617, 0.006087493151426315, 0.006027857307344675, 0.006045735906809568, 0.0059638842940330505, 0.005939330440014601, 0.005880510900169611, 0.005854629445821047, 0.00582515774294734, 0.005780861247330904, 0.005754159297794104, 0.0057011013850569725, 0.005670199636369944, 0.005664050113409758, 0.005653623957186937, 0.005609825719147921, 0.005562763661146164, 0.0055724093690514565, 0.005490980111062527, 0.005456918850541115], "accs": [21.729999542236328, 28.81999969482422, 33.11000061035156, 36.65999984741211, 38.87999725341797, 41.04999923706055, 42.82999801635742, 44.709999084472656, 45.82999801635742, 47.5, 48.62999725341797, 48.96999740600586, 49.87999725341797, 50.79999923706055, 51.32999801635742, 52.0099983215332, 52.34000015258789, 53.18000030517578, 53.89999771118164, 54.03999710083008, 55.23999786376953, 55.119998931884766, 55.619998931884766, 56.19999694824219, 56.869998931884766, 57.07999801635742, 57.46999740600586, 57.78999710083008, 58.46999740600586, 58.73999786376953, 59.209999084472656, 59.82999801635742, 60.05999755859375, 60.3599967956543, 60.53999710083008, 61.14999771118164, 61.3599967956543, 61.709999084472656, 61.88999938964844, 61.96999740600586, 62.349998474121094, 62.94999694824219, 63.029998779296875, 63.369998931884766, 63.769996643066406, 63.71999740600586, 64.22000122070312, 64.72999572753906, 65.12999725341797, 64.88999938964844, 64.8499984741211, 65.29000091552734, 65.72000122070312, 66.02999877929688, 66.0, 66.15999603271484, 66.58000183105469, 66.40999603271484, 66.93000030517578, 66.75999450683594, 66.91999816894531, 67.27999877929688, 67.22000122070312, 67.79000091552734, 67.36000061035156, 68.13999938964844, 67.90999603271484, 68.05999755859375, 68.06999969482422, 68.30999755859375, 68.20999908447266, 68.0999984741211, 68.54999542236328, 68.69999694824219, 68.80999755859375, 68.88999938964844, 68.93999481201172, 68.93000030517578, 69.4000015258789, 69.54000091552734, 69.41999816894531, 69.41999816894531, 69.4000015258789, 70.18999481201172, 69.66999816894531, 69.83999633789062, 69.6199951171875, 69.97000122070312, 69.75999450683594, 70.16999816894531, 70.08000183105469, 70.25999450683594, 70.18000030517578, 70.15999603271484, 70.27999877929688, 70.18000030517578, 70.3699951171875, 70.5199966430664, 70.43000030517578, 70.25999450683594], "epochs": [0, 1, 2, 3, 4, 5, 6, 7, 8, 9, 10, 11, 12, 13, 14, 15, 16, 17, 18, 19, 20, 21, 22, 23, 24, 25, 26, 27, 28, 29, 30, 31, 32, 33, 34, 35, 36, 37, 38, 39, 40, 41, 42, 43, 44, 45, 46, 47, 48, 49, 50, 51, 52, 53, 54, 55, 56, 57, 58, 59, 60, 61, 62, 63, 64, 65, 66, 67, 68, 69, 70, 71, 72, 73, 74, 75, 76, 77, 78, 79, 80, 81, 82, 83, 84, 85, 86, 87, 88, 89, 90, 91, 92, 93, 94, 95, 96, 97, 98, 99]}