{"train_losses": [0.01265889871865511, 0.009939567185938358, 0.008517780341207981, 0.007572539616376162, 0.006949441507458687, 0.006384104955941439, 0.006343826651573181, 0.005810420960187912, 0.005522540304809809, 0.005219676531851292, 0.0050430758856236935, 0.004928105510771275, 0.004734387155622244, 0.004574742168188095, 0.004473889246582985, 0.0043029398657381535, 0.0041757007129490376, 0.004133797716349363, 0.003919956739991903, 0.003842797828838229, 0.0037184366956353188, 0.0036697243340313435, 0.0035360839683562517, 0.003484289161860943, 0.0033422193955630064, 0.003493359312415123, 0.0033196848817169666, 0.0031347356270998716, 0.003041401505470276, 0.00302898115478456, 0.0028730465564876795, 0.002828531665727496, 0.0027840575203299522, 0.002729441737756133, 0.0026357623282819986, 0.0026108636520802975, 0.002574153710156679, 0.0025264734867960215, 0.0024227553512901068, 0.002388950204476714, 0.0023436753544956446, 0.002329757437109947, 0.0022609985899180174, 0.0022160266526043415, 0.0021559190936386585, 0.002104715909808874, 0.00208302796818316, 0.002078964142128825, 0.0023232081439346075, 0.0020507927983999252, 0.0019402009202167392, 0.001888894010335207, 0.0018614782020449638, 0.001899786526337266, 0.0018139403546229005, 0.0017726421356201172, 0.0017474766355007887, 0.0017179058631882071, 0.00182497245259583, 0.0017089188331738114, 0.0017485384596511722, 0.0016666657757014036, 0.0015865975292399526, 0.0015800993423908949, 0.0016209284076467156, 0.0015499070286750793, 0.0015124132623896003, 0.0014708786038681865, 0.0014656847342848778, 0.0014177458360791206, 0.001406253781169653, 0.0013853312702849507, 0.0014009025180712342, 0.0013663448626175523, 0.0013338665012270212, 0.0013065275270491838, 0.0013037960743531585, 0.0012861326104030013, 0.0012918038992211223, 0.0012278234353289008, 0.0012606363743543625, 0.0013996029738336802, 0.0018210733542218804, 0.0012055792612954974, 0.0011920437682420015, 0.0011120788985863328, 0.0011407100828364491, 0.001129839802160859, 0.0010950450086966157, 0.0010987879941239953, 0.0010975589975714684, 0.0010450624395161867, 0.0010595083003863692, 0.0010849545942619443, 0.0011007952271029353, 0.0010335739934816957, 0.0010303896851837635, 0.0009984581265598536, 0.0010339226573705673, 0.0009835130767896771], "accs": [49.52000045776367, 57.6099967956543, 65.58000183105469, 67.72999572753906, 69.3699951171875, 73.23999786376953, 69.79000091552734, 74.1500015258789, 75.3699951171875, 75.25, 77.13999938964844, 79.06999969482422, 78.77999877929688, 78.54000091552734, 76.68000030517578, 78.72999572753906, 79.0999984741211, 80.00999450683594, 80.40999603271484, 81.41999816894531, 81.79000091552734, 81.18999481201172, 80.41999816894531, 80.55999755859375, 81.52999877929688, 81.6500015258789, 82.30999755859375, 82.06999969482422, 83.5199966430664, 82.83999633789062, 83.44999694824219, 84.3499984741211, 83.13999938964844, 83.19999694824219, 83.22999572753906, 84.19999694824219, 83.16999816894531, 83.82999420166016, 84.04999542236328, 84.68999481201172, 83.8499984741211, 83.97000122070312, 83.6500015258789, 84.79999542236328, 84.22000122070312, 85.15999603271484, 84.68999481201172, 84.19999694824219, 83.43999481201172, 84.79999542236328, 85.27999877929688, 84.55999755859375, 85.1199951171875, 84.72999572753906, 84.80999755859375, 83.75, 84.40999603271484, 85.20999908447266, 84.44999694824219, 84.95999908447266, 85.81999969482422, 85.31999969482422, 85.08999633789062, 85.13999938964844, 85.05999755859375, 84.98999786376953, 84.8699951171875, 85.07999420166016, 85.06999969482422, 84.97999572753906, 85.41999816894531, 85.4000015258789, 85.23999786376953, 85.47000122070312, 85.41999816894531, 85.66999816894531, 84.87999725341797, 84.95999908447266, 85.30999755859375, 85.70999908447266, 84.79999542236328, 85.07999420166016, 85.98999786376953, 85.69999694824219, 85.79999542236328, 85.47000122070312, 85.3699951171875, 85.04999542236328, 84.93999481201172, 85.6199951171875, 85.41999816894531, 85.6500015258789, 85.56999969482422, 84.72000122070312, 85.8499984741211, 85.3499984741211, 85.77999877929688, 85.69999694824219, 85.27999877929688, 85.66999816894531], "epochs": [0, 1, 2, 3, 4, 5, 6, 7, 8, 9, 10, 11, 12, 13, 14, 15, 16, 17, 18, 19, 20, 21, 22, 23, 24, 25, 26, 27, 28, 29, 30, 31, 32, 33, 34, 35, 36, 37, 38, 39, 40, 41, 42, 43, 44, 45, 46, 47, 48, 49, 50, 51, 52, 53, 54, 55, 56, 57, 58, 59, 60, 61, 62, 63, 64, 65, 66, 67, 68, 69, 70, 71, 72, 73, 74, 75, 76, 77, 78, 79, 80, 81, 82, 83, 84, 85, 86, 87, 88, 89, 90, 91, 92, 93, 94, 95, 96, 97, 98, 99]}