{"train_losses": [0.019627923145890236, 0.018992945551872253, 0.018404429778456688, 0.017833217978477478, 0.017355605959892273, 0.016952741891145706, 0.016651839017868042, 0.01627831719815731, 0.016046961769461632, 0.01579722948372364, 0.015614433214068413, 0.015385664068162441, 0.01522780954837799, 0.015034721232950687, 0.014931611716747284, 0.01477961614727974, 0.0146762290969491, 0.014542780816555023, 0.014460405334830284, 0.014322160743176937, 0.014247382059693336, 0.014166693203151226, 0.01404410321265459, 0.013970828615128994, 0.013891764916479588, 0.01380607858300209, 0.013751891441643238, 0.013688282109797001, 0.013601941987872124, 0.013561689294874668, 0.013464804738759995, 0.013426548801362514, 0.013356206007301807, 0.013298790901899338, 0.013240435160696507, 0.01315084844827652, 0.01312620472162962, 0.013045153580605984, 0.013005533255636692, 0.013014749623835087, 0.012887757271528244, 0.012836413457989693, 0.01282910443842411, 0.012791985645890236, 0.012739070691168308, 0.012668654322624207, 0.012636532075703144, 0.012592792510986328, 0.012516646645963192, 0.012539173476397991, 0.012476093135774136, 0.012481960467994213, 0.012452453374862671, 0.012366894632577896, 0.01234729215502739, 0.012316989712417126, 0.012276265770196915, 0.012229068204760551, 0.012201542966067791, 0.012139867059886456, 0.01215575635433197, 0.012098956853151321, 0.01206867303699255, 0.012073959223926067, 0.01204568613320589, 0.011989900842308998, 0.01195903867483139, 0.011939218267798424, 0.011894072405993938, 0.011864656582474709, 0.01186350081115961, 0.01179184578359127, 0.011819102801382542, 0.011760307475924492, 0.011749937199056149, 0.011710776016116142, 0.011671110987663269, 0.011665573343634605, 0.011676415801048279, 0.011646498925983906, 0.011578844860196114, 0.011553814634680748, 0.011535882018506527, 0.011554650962352753, 0.011510777287185192, 0.011457948014140129, 0.011460207402706146, 0.011408679187297821, 0.011415076442062855, 0.011372372508049011, 0.011367465369403362, 0.011326921172440052, 0.011312971822917461, 0.011309330351650715, 0.01127321645617485, 0.011261781677603722, 0.011233433149755001, 0.011255004443228245, 0.01117426622658968, 0.011210591532289982], "accs": [12.279999732971191, 14.829999923706055, 17.34000015258789, 19.639999389648438, 21.600000381469727, 23.189998626708984, 24.889999389648438, 25.989999771118164, 27.25, 28.420000076293945, 29.279998779296875, 29.719999313354492, 31.079999923706055, 31.969999313354492, 32.40999984741211, 33.21999740600586, 33.56999969482422, 34.43000030517578, 34.84000015258789, 35.04999923706055, 35.81999969482422, 36.2599983215332, 36.15999984741211, 36.779998779296875, 37.11000061035156, 37.529998779296875, 37.7599983215332, 38.189998626708984, 38.5, 38.5099983215332, 39.23999786376953, 39.349998474121094, 39.70000076293945, 39.959999084472656, 40.119998931884766, 40.32999801635742, 40.36000061035156, 41.029998779296875, 41.18000030517578, 41.189998626708984, 41.57999801635742, 41.959999084472656, 41.959999084472656, 42.43000030517578, 42.349998474121094, 42.56999969482422, 43.09000015258789, 43.22999954223633, 43.41999816894531, 43.2599983215332, 43.32999801635742, 43.64999771118164, 44.0099983215332, 44.0, 44.29999923706055, 44.48999786376953, 44.32999801635742, 44.77000045776367, 44.79999923706055, 45.38999938964844, 45.44999694824219, 45.47999954223633, 45.68000030517578, 45.779998779296875, 45.97999954223633, 46.04999923706055, 46.57999801635742, 46.57999801635742, 46.81999969482422, 46.529998779296875, 46.66999816894531, 47.029998779296875, 46.959999084472656, 47.43000030517578, 47.439998626708984, 47.689998626708984, 47.62999725341797, 48.0099983215332, 47.82999801635742, 47.77000045776367, 48.18000030517578, 48.09000015258789, 48.369998931884766, 48.189998626708984, 48.59000015258789, 48.79999923706055, 48.72999954223633, 48.779998779296875, 49.07999801635742, 49.11000061035156, 49.22999954223633, 49.27000045776367, 49.5099983215332, 49.21999740600586, 49.5099983215332, 49.57999801635742, 49.619998931884766, 50.209999084472656, 50.04999923706055, 50.0099983215332], "epochs": [0, 1, 2, 3, 4, 5, 6, 7, 8, 9, 10, 11, 12, 13, 14, 15, 16, 17, 18, 19, 20, 21, 22, 23, 24, 25, 26, 27, 28, 29, 30, 31, 32, 33, 34, 35, 36, 37, 38, 39, 40, 41, 42, 43, 44, 45, 46, 47, 48, 49, 50, 51, 52, 53, 54, 55, 56, 57, 58, 59, 60, 61, 62, 63, 64, 65, 66, 67, 68, 69, 70, 71, 72, 73, 74, 75, 76, 77, 78, 79, 80, 81, 82, 83, 84, 85, 86, 87, 88, 89, 90, 91, 92, 93, 94, 95, 96, 97, 98, 99]}