{"train_losses": [0.012807936407625675, 0.00985203217715025, 0.008580709807574749, 0.007649784442037344, 0.00706643657758832, 0.006541666109114885, 0.0060297646559774876, 0.0057574789971113205, 0.005499212071299553, 0.005321328993886709, 0.005101760849356651, 0.004859982058405876, 0.00472602853551507, 0.004591250326484442, 0.004468195606023073, 0.004330469761043787, 0.004190867766737938, 0.004065212793648243, 0.003971079830080271, 0.0038714976981282234, 0.003724979469552636, 0.0036172529216855764, 0.0035536729265004396, 0.003443281864747405, 0.0033510401844978333, 0.0033035811502486467, 0.0031794963870197535, 0.003606741316616535, 0.0032626893371343613, 0.0029963841661810875, 0.002904303139075637, 0.0028388011269271374, 0.002784325508400798, 0.002741714008152485, 0.0026862118393182755, 0.0026323439087718725, 0.002536025131121278, 0.002496155444532633, 0.00249947770498693, 0.002424348145723343, 0.0023615960963070393, 0.0023010610602796078, 0.0022914183791726828, 0.0022481163032352924, 0.002191044855862856, 0.0021209758706390858, 0.0021135543938726187, 0.002038471633568406, 0.0021459192503243685, 0.0024696863256394863, 0.0019765100441873074, 0.002044949447736144, 0.001905315089970827, 0.0018334421329200268, 0.0018348699668422341, 0.0017532597994431853, 0.0017685448983684182, 0.0016989720752462745, 0.0017150470521301031, 0.0017305517103523016, 0.0016617060173302889, 0.0016460007755085826, 0.0015810392796993256, 0.001575952977873385, 0.0015844065928831697, 0.002554431324824691, 0.0016348168719559908, 0.0014654045226052403, 0.0014451766619458795, 0.0014331670245155692, 0.0014075350482016802, 0.0013692612992599607, 0.001379733090288937, 0.0013604714768007398, 0.001373465871438384, 0.001347982557490468, 0.0013210625620558858, 0.0013456494780257344, 0.001303548808209598, 0.001239712699316442, 0.0012861345894634724, 0.0012414479861035943, 0.001219594501890242, 0.0012077752035111189, 0.001225409796461463, 0.0011934081558138132, 0.0014792713336646557, 0.0011874411720782518, 0.0011167250340804458, 0.0010855959262698889, 0.0010801464086398482, 0.001117342384532094, 0.0010685292072594166, 0.0010545850964263082, 0.0010422446066513658, 0.001027998747304082, 0.001124976435676217, 0.0010202775010839105, 0.0010151249589398503, 0.0012304604751989245], "accs": [51.0, 54.87999725341797, 61.56999969482422, 65.19999694824219, 70.0, 71.9000015258789, 71.30999755859375, 74.19999694824219, 73.5199966430664, 75.58999633789062, 78.15999603271484, 76.6500015258789, 77.36000061035156, 78.43000030517578, 78.43000030517578, 79.69999694824219, 79.0199966430664, 78.68000030517578, 81.2699966430664, 80.81999969482422, 80.1199951171875, 80.5199966430664, 79.86000061035156, 83.06999969482422, 82.12999725341797, 82.70999908447266, 82.43000030517578, 80.22000122070312, 82.54999542236328, 83.30999755859375, 83.82999420166016, 83.20999908447266, 83.1199951171875, 82.77999877929688, 82.8699951171875, 83.13999938964844, 83.44999694824219, 84.23999786376953, 84.32999420166016, 84.1500015258789, 84.0199966430664, 82.9000015258789, 83.38999938964844, 84.68999481201172, 84.29000091552734, 85.04000091552734, 84.54999542236328, 85.04000091552734, 83.80999755859375, 84.87999725341797, 85.20999908447266, 84.37999725341797, 85.04000091552734, 84.56999969482422, 85.0, 84.55999755859375, 84.72999572753906, 84.8499984741211, 84.79000091552734, 85.11000061035156, 84.54999542236328, 84.72000122070312, 85.1500015258789, 84.1199951171875, 85.72000122070312, 84.56999969482422, 85.07999420166016, 85.3499984741211, 84.8699951171875, 85.05999755859375, 84.62999725341797, 85.04999542236328, 84.80999755859375, 85.54000091552734, 85.54000091552734, 84.98999786376953, 84.93000030517578, 85.3499984741211, 85.50999450683594, 84.97000122070312, 85.40999603271484, 86.0999984741211, 85.22000122070312, 86.00999450683594, 85.91999816894531, 85.22999572753906, 85.62999725341797, 86.12999725341797, 86.0999984741211, 84.97000122070312, 86.3699951171875, 85.57999420166016, 85.6199951171875, 85.5, 85.73999786376953, 85.79000091552734, 85.97000122070312, 85.5199966430664, 85.43999481201172, 84.1500015258789], "epochs": [0, 1, 2, 3, 4, 5, 6, 7, 8, 9, 10, 11, 12, 13, 14, 15, 16, 17, 18, 19, 20, 21, 22, 23, 24, 25, 26, 27, 28, 29, 30, 31, 32, 33, 34, 35, 36, 37, 38, 39, 40, 41, 42, 43, 44, 45, 46, 47, 48, 49, 50, 51, 52, 53, 54, 55, 56, 57, 58, 59, 60, 61, 62, 63, 64, 65, 66, 67, 68, 69, 70, 71, 72, 73, 74, 75, 76, 77, 78, 79, 80, 81, 82, 83, 84, 85, 86, 87, 88, 89, 90, 91, 92, 93, 94, 95, 96, 97, 98, 99]}