{"train_losses": [0.012782956473529339, 0.00996808148920536, 0.008551905862987041, 0.007651766762137413, 0.006973001640290022, 0.006480126641690731, 0.006086594890803099, 0.005834265146404505, 0.005548589862883091, 0.00534619577229023, 0.0050771585665643215, 0.005196969956159592, 0.004792842548340559, 0.004565526265650988, 0.0044692871160805225, 0.004348537884652615, 0.004208813887089491, 0.0041411216370761395, 0.003963700029999018, 0.003927386365830898, 0.0038112637121230364, 0.0038038003258407116, 0.003823288716375828, 0.003683897200971842, 0.0034590067807585, 0.0033156813587993383, 0.0032516561914235353, 0.003165532136335969, 0.003195477183908224, 0.003005472244694829, 0.0029731865506619215, 0.0028890580870211124, 0.002829764038324356, 0.002780766459181905, 0.0027168462984263897, 0.0026541606057435274, 0.0027565029449760914, 0.0029585969168692827, 0.002781021874397993, 0.0024618497118353844, 0.0023663730826228857, 0.0023670175578445196, 0.00231753452681005, 0.002253397833555937, 0.002248740289360285, 0.0021763131953775883, 0.002146089216694236, 0.002193448832258582, 0.0020585223101079464, 0.0020367056131362915, 0.002033882774412632, 0.0019575715996325016, 0.001928947982378304, 0.0018706293776631355, 0.0018926571356132627, 0.0018422136781737208, 0.0019206476863473654, 0.0017931479960680008, 0.0017494753701612353, 0.00172534235753119, 0.0016715710517019033, 0.0016388004878535867, 0.0016293036751449108, 0.0016186559805646539, 0.0015961395110934973, 0.0015865195309743285, 0.0015590963885188103, 0.0015246601542457938, 0.0014929925091564655, 0.0015152995474636555, 0.001454878831282258, 0.0014565691817551851, 0.0014594302047044039, 0.0013837971491739154, 0.0013793865218758583, 0.0013521331129595637, 0.0013992106541991234, 0.001313415472395718, 0.0013226378941908479, 0.0013044433435425162, 0.0012704359833151102, 0.0012704279506579041, 0.0012637169566005468, 0.00123885041102767, 0.0012117769801989198, 0.0011993913212791085, 0.0011941828997805715, 0.001173601602204144, 0.0011529420735314488, 0.0011159050045534968, 0.0011466856813058257, 0.0011257563019171357, 0.0010929725831374526, 0.001069486839696765, 0.0010824591154232621, 0.0010598733788356185, 0.0010523535311222076, 0.001026852522045374, 0.0010055204620584846, 0.0010191434994339943], "accs": [49.84000015258789, 55.13999938964844, 60.96999740600586, 65.77999877929688, 68.3499984741211, 72.43000030517578, 73.2699966430664, 73.87999725341797, 74.7699966430664, 75.06999969482422, 76.52999877929688, 78.69999694824219, 77.3499984741211, 76.81999969482422, 78.65999603271484, 80.73999786376953, 78.81999969482422, 80.57999420166016, 79.65999603271484, 82.54999542236328, 81.06999969482422, 76.3699951171875, 82.0199966430664, 80.43000030517578, 82.25999450683594, 83.47000122070312, 81.63999938964844, 80.36000061035156, 82.75999450683594, 82.30999755859375, 82.19999694824219, 81.54000091552734, 82.05999755859375, 83.58999633789062, 83.0199966430664, 83.95999908447266, 83.0199966430664, 82.04999542236328, 83.90999603271484, 83.68999481201172, 84.15999603271484, 84.2699966430664, 84.83999633789062, 84.2699966430664, 84.2699966430664, 84.97000122070312, 85.0199966430664, 84.5, 84.44999694824219, 84.22999572753906, 84.47000122070312, 84.58999633789062, 84.65999603271484, 84.20999908447266, 84.5, 85.27999877929688, 85.06999969482422, 85.07999420166016, 85.00999450683594, 84.40999603271484, 85.11000061035156, 84.05999755859375, 84.02999877929688, 84.97000122070312, 84.77999877929688, 84.73999786376953, 84.48999786376953, 84.41999816894531, 85.18999481201172, 84.8499984741211, 84.56999969482422, 85.18000030517578, 84.9000015258789, 85.15999603271484, 85.22999572753906, 85.5199966430664, 85.75, 85.12999725341797, 85.38999938964844, 85.23999786376953, 85.75, 85.19999694824219, 85.00999450683594, 85.68000030517578, 85.32999420166016, 85.29999542236328, 85.54000091552734, 85.68999481201172, 85.82999420166016, 85.45999908447266, 85.0999984741211, 85.23999786376953, 85.6500015258789, 85.66999816894531, 85.25999450683594, 85.90999603271484, 85.54999542236328, 85.55999755859375, 85.19999694824219, 86.06999969482422], "epochs": [0, 1, 2, 3, 4, 5, 6, 7, 8, 9, 10, 11, 12, 13, 14, 15, 16, 17, 18, 19, 20, 21, 22, 23, 24, 25, 26, 27, 28, 29, 30, 31, 32, 33, 34, 35, 36, 37, 38, 39, 40, 41, 42, 43, 44, 45, 46, 47, 48, 49, 50, 51, 52, 53, 54, 55, 56, 57, 58, 59, 60, 61, 62, 63, 64, 65, 66, 67, 68, 69, 70, 71, 72, 73, 74, 75, 76, 77, 78, 79, 80, 81, 82, 83, 84, 85, 86, 87, 88, 89, 90, 91, 92, 93, 94, 95, 96, 97, 98, 99]}