{"train_losses": [0.01889146864414215, 0.016383038833737373, 0.015096573159098625, 0.01431270595639944, 0.013699553906917572, 0.013187534175813198, 0.012779492884874344, 0.012480936013162136, 0.01219505351036787, 0.011914907954633236, 0.011693834327161312, 0.011472669430077076, 0.011292506940662861, 0.01112992875277996, 0.010988517664372921, 0.010823178105056286, 0.01062636449933052, 0.010497747920453548, 0.010385756380856037, 0.010252749547362328, 0.01010207086801529, 0.009970474056899548, 0.009846108965575695, 0.009768258780241013, 0.009647038765251637, 0.009552296251058578, 0.009437174536287785, 0.009337490424513817, 0.009226524271070957, 0.009127926081418991, 0.009064193814992905, 0.008927574381232262, 0.008911997079849243, 0.008825086988508701, 0.008690733462572098, 0.008634637109935284, 0.008570714853703976, 0.008467748761177063, 0.008463076315820217, 0.008340283297002316, 0.008267603814601898, 0.008191586472094059, 0.008117490448057652, 0.008072835393249989, 0.008026299066841602, 0.007936901412904263, 0.00788004882633686, 0.007848724722862244, 0.007764049340039492, 0.007712844759225845, 0.007610706612467766, 0.00755080534145236, 0.007548766676336527, 0.007500451523810625, 0.007411039900034666, 0.007372632157057524, 0.007330002728849649, 0.007232442498207092, 0.007220448460429907, 0.00714744022116065, 0.0071209813468158245, 0.007093586027622223, 0.007023741491138935, 0.006957454606890678, 0.006909094750881195, 0.006868502125144005, 0.006814434193074703, 0.006778530310839415, 0.006710074841976166, 0.006711045745760202, 0.006614356301724911, 0.00659015541896224, 0.0065495846793055534, 0.0065034739673137665, 0.0064749144949018955, 0.006436086725443602, 0.006376918405294418, 0.006360585801303387, 0.006319702602922916, 0.006257610861212015, 0.006193489767611027, 0.006165205501019955, 0.006134693045169115, 0.006121302954852581, 0.00608577998355031, 0.00607010954990983, 0.006018728483468294, 0.0059763300232589245, 0.005967147182673216, 0.005906978156417608, 0.0058431015349924564, 0.005853074602782726, 0.0058021689765155315, 0.00580119714140892, 0.005745343863964081, 0.0056948247365653515, 0.005657876376062632, 0.005588528700172901, 0.005584931932389736, 0.005561267491430044], "accs": [21.59000015258789, 29.009998321533203, 33.79999923706055, 37.36000061035156, 40.21999740600586, 41.81999969482422, 43.97999954223633, 45.47999954223633, 46.529998779296875, 47.68000030517578, 48.709999084472656, 49.82999801635742, 50.31999969482422, 51.189998626708984, 51.88999938964844, 52.66999816894531, 53.48999786376953, 53.54999923706055, 54.04999923706055, 54.84000015258789, 55.06999969482422, 55.48999786376953, 56.38999938964844, 56.82999801635742, 57.04999923706055, 57.529998779296875, 58.07999801635742, 58.47999954223633, 58.71999740600586, 59.07999801635742, 59.55999755859375, 60.25, 60.34000015258789, 60.6099967956543, 61.019996643066406, 61.39999771118164, 61.439998626708984, 61.619998931884766, 62.07999801635742, 62.6099967956543, 62.44999694824219, 62.89999771118164, 62.939998626708984, 63.429996490478516, 63.349998474121094, 63.78999710083008, 64.08999633789062, 64.20999908447266, 64.22999572753906, 64.63999938964844, 64.90999603271484, 64.98999786376953, 65.30999755859375, 65.68000030517578, 65.93000030517578, 66.16999816894531, 65.9000015258789, 66.4000015258789, 66.36000061035156, 66.68000030517578, 66.80999755859375, 66.8499984741211, 66.50999450683594, 67.08000183105469, 67.47999572753906, 67.30999755859375, 67.22000122070312, 67.23999786376953, 67.70999908447266, 67.72999572753906, 67.79999542236328, 67.83000183105469, 68.1500015258789, 68.37999725341797, 68.3699951171875, 68.43000030517578, 68.6500015258789, 68.87999725341797, 68.97000122070312, 68.77999877929688, 69.08000183105469, 69.33000183105469, 69.1500015258789, 69.2699966430664, 69.23999786376953, 69.54000091552734, 69.81999969482422, 69.77999877929688, 69.61000061035156, 69.6500015258789, 70.06999969482422, 69.75999450683594, 69.97000122070312, 69.8699951171875, 69.9000015258789, 70.19999694824219, 70.04000091552734, 70.1500015258789, 70.23999786376953, 70.5999984741211], "epochs": [0, 1, 2, 3, 4, 5, 6, 7, 8, 9, 10, 11, 12, 13, 14, 15, 16, 17, 18, 19, 20, 21, 22, 23, 24, 25, 26, 27, 28, 29, 30, 31, 32, 33, 34, 35, 36, 37, 38, 39, 40, 41, 42, 43, 44, 45, 46, 47, 48, 49, 50, 51, 52, 53, 54, 55, 56, 57, 58, 59, 60, 61, 62, 63, 64, 65, 66, 67, 68, 69, 70, 71, 72, 73, 74, 75, 76, 77, 78, 79, 80, 81, 82, 83, 84, 85, 86, 87, 88, 89, 90, 91, 92, 93, 94, 95, 96, 97, 98, 99]}