{"train_losses": [0.013480601832270622, 0.010378987528383732, 0.008971189148724079, 0.008031366392970085, 0.007475671358406544, 0.006929066497832537, 0.006526343058794737, 0.006130858790129423, 0.005867349915206432, 0.0055659860372543335, 0.005315415561199188, 0.005115780979394913, 0.004889674484729767, 0.004693102091550827, 0.004562123212963343, 0.00440895976498723, 0.004301819950342178, 0.004083030391484499, 0.003951253369450569, 0.0038635244127362967, 0.0037735411897301674, 0.003615383757278323, 0.003551292233169079, 0.0034114252775907516, 0.0033460729755461216, 0.003247935092076659, 0.0031681328546255827, 0.0030498644337058067, 0.0029643974266946316, 0.00291805318556726, 0.0028221402317285538, 0.0027665216475725174, 0.002698649885132909, 0.0025756568647921085, 0.002571720164269209, 0.0024688784033060074, 0.002415798371657729, 0.002325935522094369, 0.002297039842233062, 0.0022852523252367973, 0.0021623955108225346, 0.0021435003727674484, 0.002092766109853983, 0.0020588915795087814, 0.0020351167768239975, 0.0019623227417469025, 0.0019152590539306402, 0.0018923671450465918, 0.0018470307113602757, 0.0017735017463564873, 0.001768047921359539, 0.0017360360361635685, 0.0016947720432654023, 0.001660685520619154, 0.0015598813770338893, 0.0016014482825994492, 0.0015529704978689551, 0.001496814889833331, 0.0014801713405176997, 0.0014435331104323268, 0.0014231380773708224, 0.0014063888229429722, 0.0013335502007976174, 0.00133704103063792, 0.001336059533059597, 0.001272759516723454, 0.0012714940821751952, 0.0012799404794350266, 0.001223282772116363, 0.001181744853965938, 0.0011876877397298813, 0.0011481497203931212, 0.0011401838855817914, 0.001121537177823484, 0.001107257092371583, 0.0010965930996462703, 0.0010517919436097145, 0.0010574412299320102, 0.0010611528996378183, 0.0009951270185410976, 0.0010330760851502419, 0.0010092383017763495, 0.0009758358355611563, 0.0009695081971585751, 0.0009326701401732862, 0.0009363181889057159, 0.0009323454578407109, 0.0009160447516478598, 0.0008935076766647398, 0.000850457523483783, 0.0009002567967399955, 0.0008348026312887669, 0.0008120888960547745, 0.0008421415695920587, 0.000841787492390722, 0.0008518297108821571, 0.0007900141063146293, 0.0007734616519883275, 0.0007752026431262493, 0.00076772685861215], "accs": [48.619998931884766, 57.769996643066406, 59.06999969482422, 65.29000091552734, 67.9000015258789, 69.29999542236328, 71.37999725341797, 72.45999908447266, 72.79000091552734, 76.04999542236328, 75.72000122070312, 74.29000091552734, 75.56999969482422, 77.54999542236328, 76.1199951171875, 78.81999969482422, 79.55999755859375, 80.43999481201172, 78.80999755859375, 80.73999786376953, 79.98999786376953, 79.45999908447266, 80.82999420166016, 81.44999694824219, 81.8699951171875, 81.55999755859375, 81.8699951171875, 82.0999984741211, 81.11000061035156, 82.1199951171875, 82.97000122070312, 82.12999725341797, 82.33999633789062, 83.19999694824219, 83.13999938964844, 82.54999542236328, 83.00999450683594, 82.83999633789062, 82.6199951171875, 83.0999984741211, 83.45999908447266, 82.77999877929688, 83.90999603271484, 83.0999984741211, 83.9000015258789, 83.47000122070312, 84.08999633789062, 83.95999908447266, 83.79999542236328, 83.47000122070312, 84.08999633789062, 83.6500015258789, 83.97999572753906, 84.05999755859375, 83.81999969482422, 84.0999984741211, 84.80999755859375, 83.79000091552734, 84.0199966430664, 83.80999755859375, 84.06999969482422, 84.55999755859375, 84.29000091552734, 84.57999420166016, 84.18000030517578, 84.77999877929688, 84.11000061035156, 84.43000030517578, 84.3699951171875, 84.75, 84.12999725341797, 84.41999816894531, 84.43000030517578, 84.3699951171875, 85.18999481201172, 84.16999816894531, 84.93000030517578, 83.93000030517578, 84.3499984741211, 85.16999816894531, 84.68999481201172, 84.70999908447266, 84.48999786376953, 84.29000091552734, 84.54999542236328, 84.40999603271484, 84.9000015258789, 84.81999969482422, 84.68000030517578, 85.02999877929688, 84.30999755859375, 84.5, 84.22999572753906, 85.15999603271484, 84.98999786376953, 85.08999633789062, 84.31999969482422, 84.37999725341797, 84.55999755859375, 84.98999786376953], "epochs": [0, 1, 2, 3, 4, 5, 6, 7, 8, 9, 10, 11, 12, 13, 14, 15, 16, 17, 18, 19, 20, 21, 22, 23, 24, 25, 26, 27, 28, 29, 30, 31, 32, 33, 34, 35, 36, 37, 38, 39, 40, 41, 42, 43, 44, 45, 46, 47, 48, 49, 50, 51, 52, 53, 54, 55, 56, 57, 58, 59, 60, 61, 62, 63, 64, 65, 66, 67, 68, 69, 70, 71, 72, 73, 74, 75, 76, 77, 78, 79, 80, 81, 82, 83, 84, 85, 86, 87, 88, 89, 90, 91, 92, 93, 94, 95, 96, 97, 98, 99]}