{"train_losses": [0.015852879732847214, 0.012930158525705338, 0.011712631210684776, 0.010844417847692966, 0.010199273005127907, 0.009587619453668594, 0.009014510549604893, 0.008572179824113846, 0.00818457268178463, 0.007784817833453417, 0.0074330479837954044, 0.007162092719227076, 0.006890936754643917, 0.006678696721792221, 0.006457571405917406, 0.006226435303688049, 0.00604985561221838, 0.005857651121914387, 0.005686481948941946, 0.005542143248021603, 0.005396345164626837, 0.005255870055407286, 0.005077545065432787, 0.004974450450390577, 0.0048535107634961605, 0.004745625890791416, 0.004624446853995323, 0.004488998092710972, 0.004381650127470493, 0.004263238050043583, 0.004162811674177647, 0.0040744272992014885, 0.003996260929852724, 0.0038759782910346985, 0.0037793663796037436, 0.0037045651115477085, 0.003608507104218006, 0.003518266137689352, 0.0034232023172080517, 0.0033494941890239716, 0.0032580015249550343, 0.003182176034897566, 0.0031267160084098577, 0.003039948409423232, 0.002978262025862932, 0.0029005117248743773, 0.0028244643472135067, 0.002782858209684491, 0.002672224771231413, 0.00263558654114604, 0.002551684621721506, 0.0025262264534831047, 0.0024730644654482603, 0.0024081121664494276, 0.0023117142263799906, 0.00224786764010787, 0.0022297867108136415, 0.002201002324000001, 0.002132091671228409, 0.0020759697072207928, 0.002040380146354437, 0.0019468731479719281, 0.0019677423406392336, 0.0019145866390317678, 0.0018298340728506446, 0.0018383805872872472, 0.0017547790193930268, 0.0017335707088932395, 0.0016673674108460546, 0.001687746960669756, 0.0016580458031967282, 0.0016314610838890076, 0.0015830114716663957, 0.0015118691371753812, 0.0015173336723819375, 0.001469723880290985, 0.0014688867377117276, 0.0014408170245587826, 0.0013639063108712435, 0.0013789021177217364, 0.0013660357799381018, 0.001303988741710782, 0.0012885692995041609, 0.0012802534038200974, 0.001285817939788103, 0.0012446175096556544, 0.001209191046655178, 0.0012104714987799525, 0.0011428470024839044, 0.0011377842165529728, 0.0011118664406239986, 0.001119493506848812, 0.0010970899602398276, 0.001103283022530377, 0.0010764070320874453, 0.0010286933975294232, 0.0010272694053128362, 0.0010146218119189143, 0.0009889964712783694, 0.0009910117369145155], "accs": [38.12999725341797, 45.349998474121094, 49.64999771118164, 53.369998931884766, 56.28999710083008, 59.19999694824219, 60.06999969482422, 62.939998626708984, 64.61000061035156, 66.44999694824219, 67.1199951171875, 69.22000122070312, 69.31999969482422, 70.48999786376953, 70.44999694824219, 72.31999969482422, 72.11000061035156, 72.95999908447266, 73.6500015258789, 73.95999908447266, 73.6500015258789, 75.23999786376953, 74.70999908447266, 75.27999877929688, 75.97000122070312, 76.13999938964844, 76.58000183105469, 75.93999481201172, 76.47000122070312, 76.62999725341797, 76.69999694824219, 76.75999450683594, 77.47000122070312, 77.47000122070312, 77.5999984741211, 77.43000030517578, 77.38999938964844, 77.79999542236328, 77.58999633789062, 78.75, 78.62999725341797, 78.70999908447266, 77.83000183105469, 78.5, 78.63999938964844, 78.20999908447266, 78.56999969482422, 78.72000122070312, 78.82999420166016, 78.66999816894531, 78.79999542236328, 79.02999877929688, 78.97000122070312, 78.93999481201172, 79.07999420166016, 79.02999877929688, 79.25, 78.97000122070312, 79.29000091552734, 78.9000015258789, 79.25, 79.1199951171875, 79.23999786376953, 79.65999603271484, 79.0999984741211, 79.1500015258789, 79.75, 79.93000030517578, 79.2699966430664, 79.18999481201172, 78.93000030517578, 78.98999786376953, 79.79999542236328, 79.47000122070312, 79.04999542236328, 78.43000030517578, 79.22000122070312, 79.54000091552734, 79.37999725341797, 79.40999603271484, 79.79999542236328, 78.79000091552734, 79.81999969482422, 79.44999694824219, 79.87999725341797, 79.3499984741211, 78.80999755859375, 79.29000091552734, 79.90999603271484, 80.1500015258789, 79.70999908447266, 79.25, 79.63999938964844, 79.65999603271484, 80.25, 79.50999450683594, 79.31999969482422, 79.54999542236328, 79.48999786376953, 78.87999725341797], "epochs": [0, 1, 2, 3, 4, 5, 6, 7, 8, 9, 10, 11, 12, 13, 14, 15, 16, 17, 18, 19, 20, 21, 22, 23, 24, 25, 26, 27, 28, 29, 30, 31, 32, 33, 34, 35, 36, 37, 38, 39, 40, 41, 42, 43, 44, 45, 46, 47, 48, 49, 50, 51, 52, 53, 54, 55, 56, 57, 58, 59, 60, 61, 62, 63, 64, 65, 66, 67, 68, 69, 70, 71, 72, 73, 74, 75, 76, 77, 78, 79, 80, 81, 82, 83, 84, 85, 86, 87, 88, 89, 90, 91, 92, 93, 94, 95, 96, 97, 98, 99]}