{"train_losses": [0.018279651179909706, 0.016313990578055382, 0.015223397873342037, 0.014459284022450447, 0.013874845579266548, 0.013374576345086098, 0.012947002425789833, 0.012636166997253895, 0.01229338813573122, 0.012021253816783428, 0.011750043369829655, 0.011520640924572945, 0.01133267767727375, 0.01113874837756157, 0.011000278405845165, 0.0108105493709445, 0.01065264455974102, 0.010462559759616852, 0.010348387062549591, 0.010211567394435406, 0.01008843444287777, 0.00997613463550806, 0.009820991195738316, 0.00973011739552021, 0.009577997960150242, 0.009509729221463203, 0.009390183724462986, 0.009280737489461899, 0.009186017327010632, 0.009092845022678375, 0.008987772278487682, 0.00888955220580101, 0.008800480514764786, 0.008730622939765453, 0.008623753674328327, 0.008579629473388195, 0.008473855443298817, 0.008409302681684494, 0.008371132425963879, 0.008293763734400272, 0.008231124840676785, 0.008156617172062397, 0.008094670251011848, 0.007986736483871937, 0.007971360348165035, 0.00791071355342865, 0.00782984122633934, 0.0078039029613137245, 0.00774703174829483, 0.007668428588658571, 0.007654399611055851, 0.007532880175858736, 0.007531513459980488, 0.007433438673615456, 0.007375560700893402, 0.007328796666115522, 0.00726529024541378, 0.0072258333675563335, 0.007200464140623808, 0.007126246578991413, 0.007060859818011522, 0.007047433406114578, 0.00697054248303175, 0.0069666653871536255, 0.006865644361823797, 0.006833421532064676, 0.006817914079874754, 0.006762442644685507, 0.006718073971569538, 0.00664589274674654, 0.006629677955061197, 0.006603931076824665, 0.006522526498883963, 0.006504197139292955, 0.006485177669674158, 0.006421330850571394, 0.006395528558641672, 0.006308413110673428, 0.00625002384185791, 0.006251892074942589, 0.006196336355060339, 0.006186363287270069, 0.006142133846879005, 0.0061070481315255165, 0.006102457642555237, 0.006010271608829498, 0.006008592899888754, 0.005982250906527042, 0.005916363559663296, 0.00591198168694973, 0.005865416023880243, 0.005816021002829075, 0.005806641187518835, 0.005792586598545313, 0.00570242153480649, 0.005689892452210188, 0.005662898533046246, 0.005596579983830452, 0.005542554892599583, 0.005569048225879669], "accs": [19.889999389648438, 27.389999389648438, 32.20000076293945, 35.97999954223633, 39.36000061035156, 40.939998626708984, 42.849998474121094, 44.48999786376953, 46.09000015258789, 47.23999786376953, 48.41999816894531, 49.209999084472656, 50.07999801635742, 51.0, 51.57999801635742, 52.029998779296875, 52.90999984741211, 53.47999954223633, 54.22999954223633, 54.5099983215332, 54.89999771118164, 55.0099983215332, 55.77000045776367, 56.55999755859375, 57.06999969482422, 57.56999969482422, 57.84000015258789, 58.19999694824219, 58.66999816894531, 58.939998626708984, 59.349998474121094, 60.029998779296875, 60.23999786376953, 60.5, 60.7599983215332, 61.09000015258789, 61.16999816894531, 61.46999740600586, 62.16999816894531, 61.94999694824219, 62.47999954223633, 62.21999740600586, 63.12999725341797, 63.37999725341797, 63.29999923706055, 63.71999740600586, 63.78999710083008, 64.51000213623047, 64.76000213623047, 64.52999877929688, 65.0, 65.16999816894531, 65.33999633789062, 65.5, 65.94999694824219, 65.90999603271484, 65.8499984741211, 66.20999908447266, 66.04000091552734, 66.19999694824219, 66.65999603271484, 66.7699966430664, 66.93000030517578, 66.79999542236328, 67.22000122070312, 67.50999450683594, 67.56999969482422, 67.79000091552734, 68.25, 67.9000015258789, 68.5, 68.55999755859375, 68.5199966430664, 68.5999984741211, 68.75999450683594, 68.87999725341797, 68.83999633789062, 68.91999816894531, 69.33000183105469, 69.1199951171875, 69.52999877929688, 69.55999755859375, 69.66999816894531, 69.3499984741211, 69.68999481201172, 70.04999542236328, 69.91999816894531, 69.97999572753906, 70.22000122070312, 70.15999603271484, 70.04999542236328, 70.11000061035156, 70.37999725341797, 70.72000122070312, 70.36000061035156, 70.41999816894531, 70.5199966430664, 70.1199951171875, 70.50999450683594, 70.5999984741211], "epochs": [0, 1, 2, 3, 4, 5, 6, 7, 8, 9, 10, 11, 12, 13, 14, 15, 16, 17, 18, 19, 20, 21, 22, 23, 24, 25, 26, 27, 28, 29, 30, 31, 32, 33, 34, 35, 36, 37, 38, 39, 40, 41, 42, 43, 44, 45, 46, 47, 48, 49, 50, 51, 52, 53, 54, 55, 56, 57, 58, 59, 60, 61, 62, 63, 64, 65, 66, 67, 68, 69, 70, 71, 72, 73, 74, 75, 76, 77, 78, 79, 80, 81, 82, 83, 84, 85, 86, 87, 88, 89, 90, 91, 92, 93, 94, 95, 96, 97, 98, 99]}