{"train_losses": [0.0197894386947155, 0.019224876537919044, 0.01862926036119461, 0.018038734793663025, 0.017576921731233597, 0.01715010404586792, 0.016805630177259445, 0.016473308205604553, 0.01617848500609398, 0.015968412160873413, 0.015731869265437126, 0.015543418936431408, 0.015371155925095081, 0.015191834419965744, 0.015065627172589302, 0.014938458800315857, 0.014807961881160736, 0.01470198854804039, 0.014606553129851818, 0.014520558528602123, 0.014416692778468132, 0.01429849211126566, 0.014255564659833908, 0.014140165410935879, 0.014026347547769547, 0.013959511183202267, 0.013911719433963299, 0.013841910287737846, 0.013781631365418434, 0.013673758134245872, 0.0136097501963377, 0.013530596159398556, 0.013488373719155788, 0.013459268026053905, 0.013371104374527931, 0.013349330984055996, 0.013260018080472946, 0.013268771581351757, 0.01318849716335535, 0.013092799112200737, 0.013111491687595844, 0.013003098778426647, 0.01300795841962099, 0.012933454476296902, 0.012890452519059181, 0.012851151637732983, 0.012812123633921146, 0.012736599892377853, 0.012715778313577175, 0.01266857422888279, 0.012648682110011578, 0.012610009871423244, 0.012583175674080849, 0.012531108222901821, 0.01242617517709732, 0.012445499189198017, 0.012424281798303127, 0.01238479558378458, 0.012371741235256195, 0.012327410280704498, 0.012285509146749973, 0.012295342981815338, 0.012218394316732883, 0.012181193567812443, 0.01217741146683693, 0.012123538181185722, 0.012119530700147152, 0.012086858041584492, 0.012067150324583054, 0.012024644762277603, 0.011966707184910774, 0.011980229057371616, 0.01195475086569786, 0.01194714941084385, 0.011879038996994495, 0.011878035962581635, 0.011817626655101776, 0.01179527584463358, 0.011780524626374245, 0.011813080869615078, 0.011736053042113781, 0.011726568453013897, 0.011681229807436466, 0.011664033867418766, 0.011673077940940857, 0.011611551977694035, 0.011575916782021523, 0.011580109596252441, 0.011518030427396297, 0.011560971848666668, 0.011522072367370129, 0.01148593332618475, 0.011501714587211609, 0.01144357118755579, 0.011458560824394226, 0.011416491121053696, 0.011389539577066898, 0.011360950767993927, 0.011348694562911987, 0.011311832815408707], "accs": [10.119999885559082, 12.170000076293945, 14.269999504089355, 16.600000381469727, 18.85999870300293, 20.60999870300293, 23.26999855041504, 24.559999465942383, 26.049999237060547, 27.309999465942383, 28.559999465942383, 29.3799991607666, 30.31999969482422, 31.279998779296875, 31.729999542236328, 32.54999923706055, 33.34000015258789, 33.87999725341797, 34.64999771118164, 35.13999938964844, 35.369998931884766, 35.39999771118164, 35.88999938964844, 36.82999801635742, 36.939998626708984, 37.13999938964844, 37.86000061035156, 37.57999801635742, 38.07999801635742, 38.61000061035156, 39.02000045776367, 39.04999923706055, 39.7599983215332, 40.04999923706055, 40.27000045776367, 40.27000045776367, 40.89999771118164, 40.939998626708984, 41.45000076293945, 41.36000061035156, 42.0099983215332, 42.25, 42.65999984741211, 42.47999954223633, 42.63999938964844, 43.0099983215332, 43.18000030517578, 43.439998626708984, 43.619998931884766, 43.2599983215332, 43.65999984741211, 44.36000061035156, 43.97999954223633, 44.619998931884766, 44.599998474121094, 44.90999984741211, 44.72999954223633, 45.14999771118164, 45.22999954223633, 45.30999755859375, 45.55999755859375, 45.619998931884766, 45.82999801635742, 46.07999801635742, 46.14999771118164, 46.16999816894531, 46.459999084472656, 46.55999755859375, 46.88999938964844, 46.87999725341797, 47.119998931884766, 47.02000045776367, 47.22999954223633, 47.16999816894531, 47.40999984741211, 47.41999816894531, 47.79999923706055, 47.79999923706055, 48.03999710083008, 48.029998779296875, 48.119998931884766, 48.18000030517578, 48.37999725341797, 48.369998931884766, 48.30999755859375, 48.849998474121094, 48.62999725341797, 48.62999725341797, 48.91999816894531, 49.0099983215332, 48.849998474121094, 48.89999771118164, 49.19999694824219, 49.279998779296875, 49.12999725341797, 49.29999923706055, 49.459999084472656, 49.59000015258789, 49.71999740600586, 49.66999816894531], "epochs": [0, 1, 2, 3, 4, 5, 6, 7, 8, 9, 10, 11, 12, 13, 14, 15, 16, 17, 18, 19, 20, 21, 22, 23, 24, 25, 26, 27, 28, 29, 30, 31, 32, 33, 34, 35, 36, 37, 38, 39, 40, 41, 42, 43, 44, 45, 46, 47, 48, 49, 50, 51, 52, 53, 54, 55, 56, 57, 58, 59, 60, 61, 62, 63, 64, 65, 66, 67, 68, 69, 70, 71, 72, 73, 74, 75, 76, 77, 78, 79, 80, 81, 82, 83, 84, 85, 86, 87, 88, 89, 90, 91, 92, 93, 94, 95, 96, 97, 98, 99]}