{"train_losses": [0.013428444042801857, 0.010433320887386799, 0.008960255421698093, 0.00809683557599783, 0.007482993416488171, 0.006973959971219301, 0.006526515819132328, 0.0061591025441884995, 0.0058722966350615025, 0.00557372160255909, 0.0053128344006836414, 0.005111036356538534, 0.004905084613710642, 0.004721985198557377, 0.00452664028853178, 0.004402789752930403, 0.004243634175509214, 0.004122540354728699, 0.003963897470384836, 0.0038351647090166807, 0.0037468865048140287, 0.0036287831608206034, 0.003536997828632593, 0.003480787854641676, 0.0033551077358424664, 0.0032453371677547693, 0.0031581304501742125, 0.0030595690477639437, 0.0029388368129730225, 0.002896953606978059, 0.0028316406533122063, 0.0027389784809201956, 0.0026664393953979015, 0.0026009913999587297, 0.0025664258282631636, 0.0024687296245247126, 0.0023993856739252806, 0.0023531964980065823, 0.0023121621925383806, 0.0022625778801739216, 0.0022132000885903835, 0.0021233621519058943, 0.002083597471937537, 0.002041344763711095, 0.0020092197228223085, 0.001982345012947917, 0.0018804322462528944, 0.001885431818664074, 0.001830467488616705, 0.0017835478065535426, 0.0017262003384530544, 0.001690763863734901, 0.0016921641072258353, 0.0016317678382620215, 0.0016086692921817303, 0.0015648013213649392, 0.0015210449928417802, 0.001504204818047583, 0.0014556607929989696, 0.0014680993044748902, 0.0014154043747112155, 0.0013796485727652907, 0.001415145117789507, 0.0013233601348474622, 0.0012976359575986862, 0.001284665777347982, 0.0012391709024086595, 0.0012361035915091634, 0.0012167167151346803, 0.0011636079289019108, 0.0011942271376028657, 0.0011372212320566177, 0.001135380705818534, 0.0011326050153002143, 0.0011028945446014404, 0.0010755910770967603, 0.0010532827582210302, 0.0010633607162162662, 0.0010305268224328756, 0.0009997081942856312, 0.001000025193206966, 0.0009920421289280057, 0.0009891368681564927, 0.0009480910957790911, 0.0009397935355082154, 0.0009450194193050265, 0.0009307448053732514, 0.0009372458443976939, 0.0008690067916177213, 0.0008457193034701049, 0.0008810259168967605, 0.0008633077959530056, 0.0008621484157629311, 0.0008515372755937278, 0.000842711073346436, 0.0008400233928114176, 0.0007936188485473394, 0.0008148435736075044, 0.0008027799194678664, 0.0007823650958016515], "accs": [48.66999816894531, 54.52000045776367, 60.709999084472656, 63.39999771118164, 68.86000061035156, 71.58999633789062, 70.18000030517578, 70.62999725341797, 74.36000061035156, 74.0999984741211, 73.72000122070312, 76.55999755859375, 77.90999603271484, 77.29999542236328, 78.5999984741211, 78.43000030517578, 78.83999633789062, 79.72000122070312, 79.93999481201172, 80.82999420166016, 80.18999481201172, 80.58999633789062, 81.52999877929688, 82.5, 81.37999725341797, 82.18999481201172, 81.88999938964844, 81.54999542236328, 82.4000015258789, 82.22000122070312, 82.27999877929688, 82.5199966430664, 82.56999969482422, 82.72999572753906, 82.12999725341797, 83.04000091552734, 83.31999969482422, 82.83999633789062, 82.87999725341797, 83.6500015258789, 83.75, 83.04000091552734, 83.73999786376953, 84.19999694824219, 84.07999420166016, 83.94999694824219, 83.97999572753906, 83.57999420166016, 83.75999450683594, 84.13999938964844, 84.20999908447266, 84.79999542236328, 83.72999572753906, 84.93000030517578, 83.57999420166016, 83.94999694824219, 84.16999816894531, 84.90999603271484, 84.3499984741211, 84.04000091552734, 84.04000091552734, 84.25999450683594, 83.97999572753906, 84.50999450683594, 84.38999938964844, 84.66999816894531, 84.56999969482422, 84.18000030517578, 84.8699951171875, 84.04000091552734, 84.47000122070312, 84.05999755859375, 84.32999420166016, 84.3499984741211, 84.88999938964844, 84.11000061035156, 84.31999969482422, 84.55999755859375, 84.54999542236328, 84.13999938964844, 84.41999816894531, 84.19999694824219, 84.69999694824219, 84.90999603271484, 84.48999786376953, 84.62999725341797, 84.57999420166016, 84.66999816894531, 84.44999694824219, 84.47000122070312, 84.94999694824219, 83.82999420166016, 84.18000030517578, 84.55999755859375, 84.6199951171875, 85.20999908447266, 84.54000091552734, 84.94999694824219, 85.18000030517578, 84.75], "epochs": [0, 1, 2, 3, 4, 5, 6, 7, 8, 9, 10, 11, 12, 13, 14, 15, 16, 17, 18, 19, 20, 21, 22, 23, 24, 25, 26, 27, 28, 29, 30, 31, 32, 33, 34, 35, 36, 37, 38, 39, 40, 41, 42, 43, 44, 45, 46, 47, 48, 49, 50, 51, 52, 53, 54, 55, 56, 57, 58, 59, 60, 61, 62, 63, 64, 65, 66, 67, 68, 69, 70, 71, 72, 73, 74, 75, 76, 77, 78, 79, 80, 81, 82, 83, 84, 85, 86, 87, 88, 89, 90, 91, 92, 93, 94, 95, 96, 97, 98, 99]}