{"train_losses": [0.019858917221426964, 0.019211025908589363, 0.01857028156518936, 0.017940793186426163, 0.017413070425391197, 0.016933435574173927, 0.0165313221514225, 0.01617308147251606, 0.01586778648197651, 0.01560406107455492, 0.015431719832122326, 0.015198548324406147, 0.015054467134177685, 0.014867939986288548, 0.014760525897145271, 0.014618348330259323, 0.01449953205883503, 0.014389443211257458, 0.014303430914878845, 0.014185347594320774, 0.014096780680119991, 0.013990074396133423, 0.013931781984865665, 0.01384742185473442, 0.013767515309154987, 0.01373995840549469, 0.013633515685796738, 0.013550957664847374, 0.013494894839823246, 0.013438013382256031, 0.013375540263950825, 0.013330112211406231, 0.013246736489236355, 0.013205260969698429, 0.013165129348635674, 0.013104825280606747, 0.013054636307060719, 0.013026174157857895, 0.012982076033949852, 0.012950606644153595, 0.012875092215836048, 0.012798888608813286, 0.012764416635036469, 0.012713095173239708, 0.012719052843749523, 0.012644987553358078, 0.012616289779543877, 0.012572499923408031, 0.012539041228592396, 0.012532250955700874, 0.012502775527536869, 0.012447377666831017, 0.01237661112099886, 0.012372388504445553, 0.012296217493712902, 0.01227510254830122, 0.012231691740453243, 0.01221749372780323, 0.012202266603708267, 0.012179157696664333, 0.01211646106094122, 0.012118496000766754, 0.012087684124708176, 0.012056564912199974, 0.01202585082501173, 0.011959867551922798, 0.011961466632783413, 0.011947576887905598, 0.011907847598195076, 0.011873943731188774, 0.011839888989925385, 0.011834119446575642, 0.011794173158705235, 0.011790534481406212, 0.011711440049111843, 0.011746998876333237, 0.011728144250810146, 0.011680002324283123, 0.0116488728672266, 0.011605567298829556, 0.011587708257138729, 0.011582781560719013, 0.011526822112500668, 0.011521424166858196, 0.011498505249619484, 0.01152030285447836, 0.011469910852611065, 0.011475984938442707, 0.011419749818742275, 0.011374320834875107, 0.011349792592227459, 0.011333351954817772, 0.011355592869222164, 0.011312082409858704, 0.011282815597951412, 0.011264059692621231, 0.011218064464628696, 0.011207015253603458, 0.011220069602131844, 0.01117928046733141], "accs": [11.399999618530273, 12.90999984741211, 14.9399995803833, 17.03999900817871, 20.059999465942383, 22.420000076293945, 24.229999542236328, 25.969999313354492, 27.67999839782715, 28.69999885559082, 29.51999855041504, 30.869998931884766, 31.559999465942383, 32.70000076293945, 33.13999938964844, 33.93000030517578, 34.70000076293945, 35.27000045776367, 35.81999969482422, 36.40999984741211, 36.779998779296875, 37.04999923706055, 37.529998779296875, 37.71999740600586, 38.25, 38.55999755859375, 38.72999954223633, 39.36000061035156, 39.2599983215332, 39.86000061035156, 40.03999710083008, 40.38999938964844, 40.869998931884766, 41.37999725341797, 41.79999923706055, 41.78999710083008, 42.03999710083008, 42.39999771118164, 42.7599983215332, 42.779998779296875, 43.28999710083008, 43.47999954223633, 43.7599983215332, 43.89999771118164, 43.7599983215332, 44.12999725341797, 44.06999969482422, 44.59000015258789, 44.59000015258789, 44.87999725341797, 45.099998474121094, 45.16999816894531, 45.44999694824219, 45.38999938964844, 45.46999740600586, 45.529998779296875, 45.89999771118164, 46.13999938964844, 46.25, 46.23999786376953, 46.39999771118164, 46.37999725341797, 46.40999984741211, 46.529998779296875, 46.93000030517578, 46.90999984741211, 46.94999694824219, 47.15999984741211, 47.459999084472656, 47.849998474121094, 47.64999771118164, 47.78999710083008, 47.80999755859375, 48.029998779296875, 48.189998626708984, 48.44999694824219, 48.53999710083008, 48.57999801635742, 48.87999725341797, 48.75, 48.90999984741211, 49.05999755859375, 49.05999755859375, 49.07999801635742, 49.44999694824219, 49.34000015258789, 49.52000045776367, 49.55999755859375, 49.68000030517578, 49.71999740600586, 49.90999984741211, 50.05999755859375, 50.13999938964844, 50.14999771118164, 50.119998931884766, 50.34000015258789, 50.43000030517578, 50.46999740600586, 50.46999740600586, 50.39999771118164], "epochs": [0, 1, 2, 3, 4, 5, 6, 7, 8, 9, 10, 11, 12, 13, 14, 15, 16, 17, 18, 19, 20, 21, 22, 23, 24, 25, 26, 27, 28, 29, 30, 31, 32, 33, 34, 35, 36, 37, 38, 39, 40, 41, 42, 43, 44, 45, 46, 47, 48, 49, 50, 51, 52, 53, 54, 55, 56, 57, 58, 59, 60, 61, 62, 63, 64, 65, 66, 67, 68, 69, 70, 71, 72, 73, 74, 75, 76, 77, 78, 79, 80, 81, 82, 83, 84, 85, 86, 87, 88, 89, 90, 91, 92, 93, 94, 95, 96, 97, 98, 99]}