{"train_losses": [0.01279978733509779, 0.010040448047220707, 0.008607271127402782, 0.007717936299741268, 0.0071435244753956795, 0.006596152670681477, 0.006131955422461033, 0.005875143688172102, 0.0055763982236385345, 0.005352097563445568, 0.005121221765875816, 0.0048987711779773235, 0.004799741320312023, 0.004619611892849207, 0.0044564371928572655, 0.0044252038933336735, 0.004419275559484959, 0.00427375128492713, 0.00396138709038496, 0.0038689549546688795, 0.003715713508427143, 0.0036833351477980614, 0.00352632743306458, 0.0034540914930403233, 0.003442806890234351, 0.003286889521405101, 0.003254191717132926, 0.00315612880513072, 0.0030760278459638357, 0.0030120383016765118, 0.0029433995950967073, 0.0028688537422567606, 0.002789271529763937, 0.0027396376244723797, 0.0032409431878477335, 0.002791057573631406, 0.0025317096151411533, 0.0025105085223913193, 0.0024380499962717295, 0.0024102418683469296, 0.002356613287702203, 0.00229885196313262, 0.0022361893206834793, 0.002240567235276103, 0.002218731911852956, 0.0021556818392127752, 0.0021168312523514032, 0.002062677638605237, 0.0020666092168539762, 0.002001903485506773, 0.0024605870712548494, 0.0026445211842656136, 0.002239465480670333, 0.001886196550913155, 0.0018122498877346516, 0.0017774172592908144, 0.001703777932561934, 0.001755599630996585, 0.0017046527937054634, 0.0016715244855731726, 0.001662662485614419, 0.0016418176237493753, 0.0016242553247138858, 0.0015377538511529565, 0.0015832618810236454, 0.0015395632945001125, 0.0015124678611755371, 0.0014943659771233797, 0.001472977688536048, 0.0014392421580851078, 0.0014104405418038368, 0.001563103636726737, 0.001590005704201758, 0.0014992252690717578, 0.0013250751653686166, 0.0012969484087079763, 0.0012763732811436057, 0.0013035889714956284, 0.0012626445386558771, 0.0012481274316087365, 0.001269649132154882, 0.001257382333278656, 0.001208902453072369, 0.0011998288100585341, 0.001176587538793683, 0.0011586908949539065, 0.0011801706859841943, 0.0011651430977508426, 0.0010972461896017194, 0.0011058561503887177, 0.001102348556742072, 0.0010853856801986694, 0.001078775618225336, 0.0011099297553300858, 0.00102450221311301, 0.0015827012248337269, 0.001161959022283554, 0.001019802177324891, 0.0009811203926801682, 0.0009384263539686799], "accs": [49.64999771118164, 57.959999084472656, 64.2699966430664, 67.29000091552734, 67.33000183105469, 70.79000091552734, 73.13999938964844, 72.86000061035156, 75.25, 74.65999603271484, 75.5999984741211, 77.0199966430664, 79.16999816894531, 78.31999969482422, 79.77999877929688, 77.15999603271484, 77.50999450683594, 80.48999786376953, 80.75999450683594, 81.3699951171875, 81.02999877929688, 80.55999755859375, 82.06999969482422, 81.0199966430664, 80.47000122070312, 82.7699966430664, 80.8499984741211, 82.0199966430664, 83.55999755859375, 83.3699951171875, 83.29000091552734, 83.72000122070312, 82.88999938964844, 83.69999694824219, 82.50999450683594, 83.72000122070312, 83.79000091552734, 84.18999481201172, 84.0999984741211, 83.80999755859375, 84.30999755859375, 83.58999633789062, 83.79000091552734, 84.41999816894531, 84.36000061035156, 84.12999725341797, 84.1500015258789, 84.97000122070312, 83.95999908447266, 85.1500015258789, 83.75, 81.88999938964844, 83.95999908447266, 84.93999481201172, 84.91999816894531, 85.27999877929688, 83.97000122070312, 85.16999816894531, 85.25999450683594, 84.50999450683594, 85.65999603271484, 85.02999877929688, 85.23999786376953, 85.23999786376953, 85.1199951171875, 85.36000061035156, 85.37999725341797, 84.31999969482422, 85.47000122070312, 85.18000030517578, 84.79999542236328, 82.02999877929688, 85.08999633789062, 85.43000030517578, 85.1199951171875, 85.32999420166016, 85.62999725341797, 85.30999755859375, 85.22999572753906, 85.75, 85.56999969482422, 85.27999877929688, 85.73999786376953, 85.94999694824219, 85.04999542236328, 85.3499984741211, 85.19999694824219, 85.90999603271484, 85.91999816894531, 85.29000091552734, 84.00999450683594, 84.77999877929688, 85.22000122070312, 84.97000122070312, 85.56999969482422, 84.6199951171875, 85.88999938964844, 85.36000061035156, 85.97000122070312, 85.8699951171875], "epochs": [0, 1, 2, 3, 4, 5, 6, 7, 8, 9, 10, 11, 12, 13, 14, 15, 16, 17, 18, 19, 20, 21, 22, 23, 24, 25, 26, 27, 28, 29, 30, 31, 32, 33, 34, 35, 36, 37, 38, 39, 40, 41, 42, 43, 44, 45, 46, 47, 48, 49, 50, 51, 52, 53, 54, 55, 56, 57, 58, 59, 60, 61, 62, 63, 64, 65, 66, 67, 68, 69, 70, 71, 72, 73, 74, 75, 76, 77, 78, 79, 80, 81, 82, 83, 84, 85, 86, 87, 88, 89, 90, 91, 92, 93, 94, 95, 96, 97, 98, 99]}