{"train_losses": [0.012786559760570526, 0.009890892542898655, 0.00840253010392189, 0.007531265262514353, 0.006916583515703678, 0.006463394034653902, 0.006176238879561424, 0.005793692544102669, 0.005545477382838726, 0.005303358659148216, 0.0050132786855101585, 0.004877276252955198, 0.004739145282655954, 0.004575600381940603, 0.0044467877596616745, 0.004390825983136892, 0.004257517866790295, 0.00413182657212019, 0.003990254830569029, 0.0038944529369473457, 0.0037894886918365955, 0.0037145616952329874, 0.0035615975502878428, 0.0034525184892117977, 0.003388662589713931, 0.0034001104068011045, 0.0032374975271523, 0.003113320330157876, 0.003070912091061473, 0.0030044380109757185, 0.0029328670352697372, 0.002855099970474839, 0.002805430442094803, 0.0027573853731155396, 0.0026656498666852713, 0.002641074126586318, 0.00261331326328218, 0.0024771105963736773, 0.0024627516977488995, 0.0023995530791580677, 0.0023807906545698643, 0.002326464746147394, 0.0022833191324025393, 0.0022198359947651625, 0.002646154025569558, 0.002999034244567156, 0.002168080536648631, 0.00210011494345963, 0.0020252615213394165, 0.0019690408371388912, 0.0019487245008349419, 0.001977053238078952, 0.0019215454813092947, 0.0018856711685657501, 0.0018826794112101197, 0.001796424388885498, 0.0017533604986965656, 0.0017521320842206478, 0.0017212952952831984, 0.0017120109405368567, 0.001790074398741126, 0.0019761177245527506, 0.0016904330113902688, 0.0015949767548590899, 0.0015435854438692331, 0.0015822200803086162, 0.0015019243583083153, 0.0014873015461489558, 0.0014761966885998845, 0.0014812705339863896, 0.001425951486453414, 0.001441241824068129, 0.001432913588359952, 0.0013900899793952703, 0.0013489313423633575, 0.0013368346262723207, 0.0013365568593144417, 0.0013275558594614267, 0.0014876550994813442, 0.0012670274591073394, 0.0012328289449214935, 0.0012480750447139144, 0.001216190867125988, 0.0011806382099166512, 0.001207438763231039, 0.0012019927380606532, 0.0011859004152938724, 0.001202127430588007, 0.0011482312111184, 0.0011235749116167426, 0.0011252844706177711, 0.0011019832454621792, 0.0012462605955079198, 0.003630043938755989, 0.0015134084969758987, 0.0011633924441412091, 0.0010467716492712498, 0.0009761701803654432, 0.0009822159772738814, 0.0009636125178076327], "accs": [44.70000076293945, 58.72999954223633, 64.12999725341797, 67.5999984741211, 69.43999481201172, 73.79000091552734, 73.06999969482422, 73.77999877929688, 73.02999877929688, 75.79999542236328, 76.36000061035156, 77.48999786376953, 76.0999984741211, 77.18000030517578, 78.02999877929688, 79.20999908447266, 79.68000030517578, 79.66999816894531, 79.33999633789062, 80.25999450683594, 78.91999816894531, 79.37999725341797, 80.15999603271484, 82.08999633789062, 82.05999755859375, 81.6199951171875, 83.06999969482422, 82.62999725341797, 82.47999572753906, 82.65999603271484, 82.56999969482422, 83.43999481201172, 81.72999572753906, 83.68999481201172, 83.56999969482422, 83.41999816894531, 82.88999938964844, 84.15999603271484, 84.30999755859375, 84.66999816894531, 84.69999694824219, 84.4000015258789, 83.72000122070312, 85.00999450683594, 69.30999755859375, 84.29000091552734, 84.4000015258789, 84.11000061035156, 84.87999725341797, 85.20999908447266, 83.87999725341797, 84.65999603271484, 83.97999572753906, 84.82999420166016, 85.0, 84.9000015258789, 84.23999786376953, 84.43000030517578, 84.73999786376953, 84.27999877929688, 78.6500015258789, 83.6500015258789, 85.12999725341797, 85.19999694824219, 85.25, 84.44999694824219, 84.97000122070312, 84.77999877929688, 84.62999725341797, 84.47000122070312, 84.80999755859375, 84.75, 85.0999984741211, 85.18000030517578, 84.79000091552734, 85.44999694824219, 85.20999908447266, 85.12999725341797, 85.02999877929688, 85.33999633789062, 85.50999450683594, 84.44999694824219, 84.82999420166016, 84.54999542236328, 85.31999969482422, 85.29000091552734, 84.5, 85.22999572753906, 85.06999969482422, 85.0199966430664, 85.11000061035156, 85.52999877929688, 82.38999938964844, 83.0, 85.5199966430664, 86.04999542236328, 85.95999908447266, 85.93000030517578, 85.79000091552734, 85.6500015258789], "epochs": [0, 1, 2, 3, 4, 5, 6, 7, 8, 9, 10, 11, 12, 13, 14, 15, 16, 17, 18, 19, 20, 21, 22, 23, 24, 25, 26, 27, 28, 29, 30, 31, 32, 33, 34, 35, 36, 37, 38, 39, 40, 41, 42, 43, 44, 45, 46, 47, 48, 49, 50, 51, 52, 53, 54, 55, 56, 57, 58, 59, 60, 61, 62, 63, 64, 65, 66, 67, 68, 69, 70, 71, 72, 73, 74, 75, 76, 77, 78, 79, 80, 81, 82, 83, 84, 85, 86, 87, 88, 89, 90, 91, 92, 93, 94, 95, 96, 97, 98, 99]}