{"train_losses": [0.02024942822754383, 0.019503895193338394, 0.018677253276109695, 0.0180318895727396, 0.017448021098971367, 0.016977887600660324, 0.016616741195321083, 0.016333850100636482, 0.016047310084104538, 0.015784649178385735, 0.015550370328128338, 0.015391738153994083, 0.015187187120318413, 0.015086437575519085, 0.01494069304317236, 0.01480711530894041, 0.014647331088781357, 0.014553239569067955, 0.014438381418585777, 0.014320258051156998, 0.014230120927095413, 0.014081725850701332, 0.01400612760335207, 0.013974549248814583, 0.013838806189596653, 0.01380743458867073, 0.013713609427213669, 0.013656741939485073, 0.01353070791810751, 0.0135004548355937, 0.01343758124858141, 0.013363349251449108, 0.013316723518073559, 0.013262205757200718, 0.013166733086109161, 0.013112848624587059, 0.013058358803391457, 0.01297775935381651, 0.012978391721844673, 0.012940453365445137, 0.012865356169641018, 0.012776171788573265, 0.012766467407345772, 0.012722455896437168, 0.012719902209937572, 0.012600327841937542, 0.012583300471305847, 0.012559670954942703, 0.01252979226410389, 0.012465444393455982, 0.01241102535277605, 0.01241396926343441, 0.012378999963402748, 0.012330587022006512, 0.012310892343521118, 0.012250224128365517, 0.012245544232428074, 0.01217761728912592, 0.01216479018330574, 0.012129387818276882, 0.012056523934006691, 0.01207119319587946, 0.012057347223162651, 0.012019229121506214, 0.011983625590801239, 0.011986184865236282, 0.011910627596080303, 0.011902340687811375, 0.011879715137183666, 0.011886514723300934, 0.011826274916529655, 0.011747411452233791, 0.011771449819207191, 0.011730634607374668, 0.01170700415968895, 0.011682793498039246, 0.011656721122562885, 0.011621546000242233, 0.011626888997852802, 0.011579461395740509, 0.011564012616872787, 0.011534290388226509, 0.01151283085346222, 0.011477498337626457, 0.011460868641734123, 0.011499462649226189, 0.011398198083043098, 0.011421382427215576, 0.011409751139581203, 0.01136492844671011, 0.01133104506880045, 0.011360515840351582, 0.011310539208352566, 0.011322339996695518, 0.01129553560167551, 0.011257507838308811, 0.011245357804000378, 0.01120780035853386, 0.011186283081769943, 0.011182504706084728], "accs": [11.4399995803833, 13.630000114440918, 16.59000015258789, 19.350000381469727, 21.619998931884766, 23.309999465942383, 24.78999900817871, 26.189998626708984, 27.059999465942383, 28.459999084472656, 29.739999771118164, 30.420000076293945, 31.229999542236328, 31.969999313354492, 32.46999740600586, 33.29999923706055, 34.119998931884766, 34.63999938964844, 34.939998626708984, 35.689998626708984, 36.22999954223633, 36.63999938964844, 37.30999755859375, 37.369998931884766, 37.79999923706055, 38.290000915527344, 38.56999969482422, 39.0, 39.279998779296875, 39.599998474121094, 40.09000015258789, 40.47999954223633, 40.72999954223633, 40.84000015258789, 41.119998931884766, 41.349998474121094, 41.5, 42.0099983215332, 42.07999801635742, 42.48999786376953, 42.53999710083008, 42.57999801635742, 42.81999969482422, 43.349998474121094, 43.31999969482422, 43.40999984741211, 43.869998931884766, 44.189998626708984, 44.41999816894531, 44.529998779296875, 44.64999771118164, 44.75, 45.05999755859375, 45.0, 45.13999938964844, 45.099998474121094, 45.5099983215332, 45.68000030517578, 45.62999725341797, 45.779998779296875, 45.79999923706055, 46.209999084472656, 46.689998626708984, 46.52000045776367, 46.41999816894531, 46.71999740600586, 46.61000061035156, 47.07999801635742, 46.91999816894531, 47.2599983215332, 47.27000045776367, 47.47999954223633, 47.36000061035156, 47.63999938964844, 47.72999954223633, 47.97999954223633, 48.099998474121094, 48.36000061035156, 48.0099983215332, 48.5099983215332, 48.66999816894531, 48.55999755859375, 48.709999084472656, 49.13999938964844, 48.91999816894531, 49.099998474121094, 49.53999710083008, 49.18000030517578, 49.15999984741211, 49.369998931884766, 49.689998626708984, 49.439998626708984, 49.689998626708984, 49.88999938964844, 49.88999938964844, 49.61000061035156, 49.82999801635742, 50.13999938964844, 49.939998626708984, 50.09000015258789], "epochs": [0, 1, 2, 3, 4, 5, 6, 7, 8, 9, 10, 11, 12, 13, 14, 15, 16, 17, 18, 19, 20, 21, 22, 23, 24, 25, 26, 27, 28, 29, 30, 31, 32, 33, 34, 35, 36, 37, 38, 39, 40, 41, 42, 43, 44, 45, 46, 47, 48, 49, 50, 51, 52, 53, 54, 55, 56, 57, 58, 59, 60, 61, 62, 63, 64, 65, 66, 67, 68, 69, 70, 71, 72, 73, 74, 75, 76, 77, 78, 79, 80, 81, 82, 83, 84, 85, 86, 87, 88, 89, 90, 91, 92, 93, 94, 95, 96, 97, 98, 99]}