{"train_losses": [0.01587352715432644, 0.01296939142048359, 0.011670924723148346, 0.010791121982038021, 0.010065225884318352, 0.009434976615011692, 0.008964412845671177, 0.008510741405189037, 0.008140130899846554, 0.007762002293020487, 0.007445917930454016, 0.007170785218477249, 0.006920114159584045, 0.006657288875430822, 0.006449744571000338, 0.006242992822080851, 0.006066943984478712, 0.005845240782946348, 0.005701872520148754, 0.0055440994910895824, 0.005365351215004921, 0.005196460988372564, 0.005086676217615604, 0.00497649610042572, 0.004863367881625891, 0.0047383736819028854, 0.004615382757037878, 0.0045203701592981815, 0.004406244494020939, 0.00427209259942174, 0.004185209982097149, 0.004061541520059109, 0.003940110560506582, 0.0038828605320304632, 0.00376056763343513, 0.003685801522806287, 0.0035850980784744024, 0.003484623972326517, 0.003412084886804223, 0.003365029813721776, 0.0032535227946937084, 0.0031978932674974203, 0.003100741421803832, 0.003014984307810664, 0.0029471972957253456, 0.0028982663061469793, 0.0027785561978816986, 0.002824358642101288, 0.002633908065035939, 0.0026302498299628496, 0.0026075909845530987, 0.0025234182830899954, 0.002437159651890397, 0.0023706022184342146, 0.0023420683573931456, 0.0022329301573336124, 0.0022173551842570305, 0.0021459979470819235, 0.0021324269473552704, 0.0020896666683256626, 0.0020179315470159054, 0.0020115014631301165, 0.0018985671922564507, 0.0019265745067968965, 0.0018616378074511886, 0.001808187342248857, 0.001767794950865209, 0.0017546580638736486, 0.0016657700762152672, 0.0016481641214340925, 0.0016193563351407647, 0.0016190686728805304, 0.0015824749134480953, 0.0015376911032944918, 0.0014857333153486252, 0.0014653772814199328, 0.0014519741525873542, 0.001421734457835555, 0.0014027951983734965, 0.0013490691781044006, 0.0013421843759715557, 0.0012823592405766249, 0.0013251218479126692, 0.0013066042447462678, 0.0012663038214668632, 0.0011937640374526381, 0.0011943341232836246, 0.001227828674018383, 0.0011264276690781116, 0.001164386747404933, 0.0011022337712347507, 0.0011278848396614194, 0.0010599782690405846, 0.0010836736764758825, 0.0010761526646092534, 0.0010104994289577007, 0.001009202329441905, 0.0010258647380396724, 0.000975355738773942, 0.0009891584049910307], "accs": [37.529998779296875, 46.03999710083008, 49.48999786376953, 54.15999984741211, 57.27000045776367, 58.689998626708984, 62.0, 62.69999694824219, 64.88999938964844, 65.87999725341797, 67.86000061035156, 68.58000183105469, 69.58000183105469, 70.3499984741211, 71.36000061035156, 70.43000030517578, 72.08999633789062, 72.8499984741211, 73.27999877929688, 73.1500015258789, 73.48999786376953, 74.25, 73.81999969482422, 73.80999755859375, 75.08999633789062, 75.23999786376953, 75.37999725341797, 75.98999786376953, 76.29999542236328, 76.88999938964844, 76.3699951171875, 76.25, 77.22999572753906, 77.63999938964844, 77.5199966430664, 77.45999908447266, 77.25999450683594, 77.2699966430664, 77.4000015258789, 77.70999908447266, 78.05999755859375, 77.48999786376953, 78.29000091552734, 78.04999542236328, 77.6500015258789, 78.33000183105469, 78.18000030517578, 78.47999572753906, 78.94999694824219, 78.7699966430664, 78.40999603271484, 78.97000122070312, 78.44999694824219, 78.41999816894531, 79.0199966430664, 78.93000030517578, 78.2699966430664, 79.15999603271484, 78.86000061035156, 78.55999755859375, 78.55999755859375, 79.11000061035156, 78.97000122070312, 78.94999694824219, 79.30999755859375, 78.87999725341797, 79.00999450683594, 79.19999694824219, 78.91999816894531, 78.93999481201172, 79.18999481201172, 79.02999877929688, 79.07999420166016, 79.33999633789062, 79.55999755859375, 79.2699966430664, 78.2699966430664, 79.0199966430664, 79.82999420166016, 79.36000061035156, 79.11000061035156, 78.3499984741211, 79.18000030517578, 78.45999908447266, 78.79999542236328, 79.82999420166016, 79.06999969482422, 78.79999542236328, 79.44999694824219, 79.44999694824219, 79.47000122070312, 79.37999725341797, 79.19999694824219, 79.50999450683594, 79.65999603271484, 79.45999908447266, 79.41999816894531, 78.69999694824219, 79.43999481201172, 79.56999969482422], "epochs": [0, 1, 2, 3, 4, 5, 6, 7, 8, 9, 10, 11, 12, 13, 14, 15, 16, 17, 18, 19, 20, 21, 22, 23, 24, 25, 26, 27, 28, 29, 30, 31, 32, 33, 34, 35, 36, 37, 38, 39, 40, 41, 42, 43, 44, 45, 46, 47, 48, 49, 50, 51, 52, 53, 54, 55, 56, 57, 58, 59, 60, 61, 62, 63, 64, 65, 66, 67, 68, 69, 70, 71, 72, 73, 74, 75, 76, 77, 78, 79, 80, 81, 82, 83, 84, 85, 86, 87, 88, 89, 90, 91, 92, 93, 94, 95, 96, 97, 98, 99]}