{"train_losses": [0.015926407650113106, 0.012838552705943584, 0.011670811101794243, 0.010921981185674667, 0.010199408046901226, 0.009577167220413685, 0.009024634025990963, 0.008638793602585793, 0.008182377554476261, 0.007806247565895319, 0.007488669827580452, 0.007128563709557056, 0.006887170020490885, 0.006671898066997528, 0.006458729039877653, 0.00623451778665185, 0.006006449460983276, 0.005835870746523142, 0.005710208788514137, 0.005536691285669804, 0.005373660009354353, 0.005202801898121834, 0.00506080687046051, 0.004958433099091053, 0.004848896525800228, 0.00473981024697423, 0.004560717847198248, 0.004486610181629658, 0.004343593958765268, 0.004246651194989681, 0.004128184635192156, 0.00402578990906477, 0.003933889325708151, 0.0038562696427106857, 0.0037553971633315086, 0.003668448654934764, 0.0035703862085938454, 0.003510537091642618, 0.003418784122914076, 0.0033198290038853884, 0.003295027883723378, 0.003131347941234708, 0.0030943413730710745, 0.0030246544629335403, 0.002963945735245943, 0.002885035937651992, 0.0027787117287516594, 0.002746854443103075, 0.0026695216074585915, 0.0025948151014745235, 0.0025257542729377747, 0.00246763089671731, 0.0023924908600747585, 0.002359991194680333, 0.002308146096765995, 0.002250197809189558, 0.002209736965596676, 0.0021691331639885902, 0.002152747940272093, 0.0020470828749239445, 0.0020178481936454773, 0.001956396736204624, 0.0019357578130438924, 0.001902783173136413, 0.0018283372046425939, 0.001752164214849472, 0.0017431970918551087, 0.0017883615801110864, 0.0016572376480326056, 0.0016539315693080425, 0.0015735032502561808, 0.0015753562329337, 0.0015297409845516086, 0.001514313742518425, 0.00146143336314708, 0.001448853057809174, 0.0014468217268586159, 0.0013922943035140634, 0.0013573251198977232, 0.0013397111324593425, 0.0013139392249286175, 0.0013034584699198604, 0.0012831358471885324, 0.0012485086917877197, 0.0012264475226402283, 0.0012127538211643696, 0.0011885095154866576, 0.00113191781565547, 0.001165749621577561, 0.0011563285952433944, 0.0011084231082350016, 0.0011001193197444081, 0.0010830924147740006, 0.0011050526518374681, 0.0010410132817924023, 0.0010440347250550985, 0.0009920942829921842, 0.0009763052803464234, 0.0010138441575691104, 0.000945268024224788], "accs": [38.56999969482422, 45.27000045776367, 50.05999755859375, 53.79999923706055, 56.959999084472656, 58.849998474121094, 61.16999816894531, 62.81999969482422, 64.43999481201172, 66.79999542236328, 67.29999542236328, 68.37999725341797, 69.18999481201172, 70.72999572753906, 70.70999908447266, 70.88999938964844, 71.83999633789062, 73.44999694824219, 73.0, 73.95999908447266, 73.11000061035156, 73.93999481201172, 74.18000030517578, 75.54000091552734, 75.05999755859375, 75.9000015258789, 75.80999755859375, 75.55999755859375, 76.58000183105469, 76.4000015258789, 76.52999877929688, 77.04999542236328, 77.33000183105469, 77.22000122070312, 77.25, 77.29999542236328, 78.11000061035156, 77.90999603271484, 77.75999450683594, 78.0199966430664, 78.3499984741211, 77.86000061035156, 78.47000122070312, 78.37999725341797, 78.04000091552734, 78.5, 78.08000183105469, 78.4000015258789, 77.58000183105469, 78.47999572753906, 78.54000091552734, 78.02999877929688, 78.75999450683594, 79.18999481201172, 78.75999450683594, 78.75, 78.58999633789062, 78.75999450683594, 78.58999633789062, 78.33000183105469, 78.8699951171875, 79.11000061035156, 78.94999694824219, 78.57999420166016, 79.25, 78.8699951171875, 79.00999450683594, 78.6500015258789, 78.79000091552734, 79.06999969482422, 78.6199951171875, 78.98999786376953, 78.33000183105469, 78.44999694824219, 78.86000061035156, 79.0, 78.7699966430664, 78.94999694824219, 79.15999603271484, 79.04000091552734, 79.0999984741211, 78.8699951171875, 78.81999969482422, 79.48999786376953, 78.97000122070312, 78.63999938964844, 79.30999755859375, 78.5999984741211, 78.81999969482422, 78.63999938964844, 79.29000091552734, 79.52999877929688, 79.4000015258789, 79.61000061035156, 78.8499984741211, 78.50999450683594, 79.61000061035156, 79.12999725341797, 79.29000091552734, 79.13999938964844], "epochs": [0, 1, 2, 3, 4, 5, 6, 7, 8, 9, 10, 11, 12, 13, 14, 15, 16, 17, 18, 19, 20, 21, 22, 23, 24, 25, 26, 27, 28, 29, 30, 31, 32, 33, 34, 35, 36, 37, 38, 39, 40, 41, 42, 43, 44, 45, 46, 47, 48, 49, 50, 51, 52, 53, 54, 55, 56, 57, 58, 59, 60, 61, 62, 63, 64, 65, 66, 67, 68, 69, 70, 71, 72, 73, 74, 75, 76, 77, 78, 79, 80, 81, 82, 83, 84, 85, 86, 87, 88, 89, 90, 91, 92, 93, 94, 95, 96, 97, 98, 99]}