{"train_losses": [0.018708493560552597, 0.016538327559828758, 0.015270560048520565, 0.014500224031507969, 0.013895661570131779, 0.013394861482083797, 0.01301069837063551, 0.012662194669246674, 0.01237205695360899, 0.012123752385377884, 0.011898229829967022, 0.011682454496622086, 0.011492708697915077, 0.011321783997118473, 0.011105677112936974, 0.010978564620018005, 0.010778795927762985, 0.010677613317966461, 0.010579630732536316, 0.010414746589958668, 0.010300744324922562, 0.010142103768885136, 0.010054332204163074, 0.009921533986926079, 0.009760972112417221, 0.00968089047819376, 0.00955850351601839, 0.009457516483962536, 0.009327296167612076, 0.00924876518547535, 0.009143007919192314, 0.009049154818058014, 0.008959253318607807, 0.008863519877195358, 0.008755103684961796, 0.008674588985741138, 0.008620602078735828, 0.008535373024642467, 0.008435363881289959, 0.008390107192099094, 0.008291053585708141, 0.008214178495109081, 0.008160050958395004, 0.008089497685432434, 0.007999111898243427, 0.007930682972073555, 0.007862851023674011, 0.0077996994368731976, 0.00774809904396534, 0.007662734016776085, 0.0076353298500180244, 0.007573131006211042, 0.007505140732973814, 0.007461084518581629, 0.007389700971543789, 0.0073404330760240555, 0.007293421309441328, 0.007210381794720888, 0.007189157418906689, 0.007143520750105381, 0.007061472162604332, 0.007022724952548742, 0.006971906404942274, 0.006920245010405779, 0.006894707679748535, 0.006830803118646145, 0.006788746919482946, 0.006735758390277624, 0.006717721465975046, 0.0066526602022349834, 0.006544201634824276, 0.006583362352102995, 0.006546961609274149, 0.0064796265214681625, 0.006429150700569153, 0.006370025686919689, 0.006352137308567762, 0.006287198513746262, 0.006255644373595715, 0.006262187380343676, 0.006192084401845932, 0.006151373032480478, 0.0061327689327299595, 0.006073020864278078, 0.0060416776686906815, 0.006025177426636219, 0.005991032347083092, 0.0059317778795957565, 0.005884446203708649, 0.005887418519705534, 0.005806807894259691, 0.005819116719067097, 0.005787423346191645, 0.005717589054256678, 0.005737158004194498, 0.005659816786646843, 0.005628358107060194, 0.005618558265268803, 0.005572913680225611, 0.005517034325748682], "accs": [18.75, 27.75, 32.63999938964844, 36.07999801635742, 39.13999938964844, 41.20000076293945, 43.209999084472656, 44.57999801635742, 45.619998931884766, 47.09000015258789, 47.93000030517578, 49.07999801635742, 49.91999816894531, 50.37999725341797, 50.80999755859375, 51.73999786376953, 52.15999984741211, 52.63999938964844, 53.619998931884766, 53.779998779296875, 54.709999084472656, 55.18000030517578, 55.5099983215332, 56.119998931884766, 56.40999984741211, 56.96999740600586, 57.5, 57.959999084472656, 58.38999938964844, 59.03999710083008, 59.46999740600586, 59.53999710083008, 60.269996643066406, 60.439998626708984, 60.56999969482422, 60.79999923706055, 61.32999801635742, 61.769996643066406, 61.939998626708984, 62.30999755859375, 62.6099967956543, 62.93000030517578, 63.53999710083008, 63.439998626708984, 63.57999801635742, 64.05999755859375, 64.45999908447266, 64.6199951171875, 64.93999481201172, 65.06999969482422, 65.29000091552734, 65.19999694824219, 65.72999572753906, 65.79000091552734, 65.9000015258789, 66.1199951171875, 66.5, 66.56999969482422, 66.72000122070312, 66.79000091552734, 67.00999450683594, 67.41999816894531, 67.16999816894531, 66.83999633789062, 67.52999877929688, 68.1199951171875, 67.5199966430664, 67.75999450683594, 68.29000091552734, 68.25999450683594, 68.50999450683594, 68.47999572753906, 68.68000030517578, 68.65999603271484, 68.5199966430664, 68.68999481201172, 68.77999877929688, 68.95999908447266, 69.27999877929688, 69.0199966430664, 69.43999481201172, 68.87999725341797, 69.48999786376953, 69.6500015258789, 69.72999572753906, 69.80999755859375, 69.87999725341797, 69.68000030517578, 69.94999694824219, 69.88999938964844, 70.23999786376953, 70.5999984741211, 70.31999969482422, 70.33000183105469, 70.41999816894531, 70.4000015258789, 70.58000183105469, 70.5, 70.58000183105469, 70.5999984741211], "epochs": [0, 1, 2, 3, 4, 5, 6, 7, 8, 9, 10, 11, 12, 13, 14, 15, 16, 17, 18, 19, 20, 21, 22, 23, 24, 25, 26, 27, 28, 29, 30, 31, 32, 33, 34, 35, 36, 37, 38, 39, 40, 41, 42, 43, 44, 45, 46, 47, 48, 49, 50, 51, 52, 53, 54, 55, 56, 57, 58, 59, 60, 61, 62, 63, 64, 65, 66, 67, 68, 69, 70, 71, 72, 73, 74, 75, 76, 77, 78, 79, 80, 81, 82, 83, 84, 85, 86, 87, 88, 89, 90, 91, 92, 93, 94, 95, 96, 97, 98, 99]}