{"train_losses": [0.01268343348056078, 0.009881395846605301, 0.008486253209412098, 0.007646694779396057, 0.006974498741328716, 0.006380617618560791, 0.006082265637814999, 0.005727216135710478, 0.005472105462104082, 0.0052483221516013145, 0.005114374682307243, 0.004851001314818859, 0.004904001485556364, 0.004601384978741407, 0.004398329649120569, 0.00433674082159996, 0.00421697786077857, 0.004095392767339945, 0.004195341840386391, 0.0039580645971000195, 0.003778232028707862, 0.0036928774788975716, 0.0035702448803931475, 0.0034498206805437803, 0.0034639528021216393, 0.0033170669339597225, 0.003700416535139084, 0.0032359755132347345, 0.00310344435274601, 0.003000950440764427, 0.0029491991735994816, 0.0028551777359098196, 0.0027963067404925823, 0.0027608617674559355, 0.002704963553696871, 0.002638018922880292, 0.002585416194051504, 0.0025282269343733788, 0.002435047412291169, 0.002448516897857189, 0.0023681744933128357, 0.0031154751777648926, 0.0022858402226120234, 0.0022640149109065533, 0.0022035560104995966, 0.0021377415396273136, 0.002095321658998728, 0.0020748586393892765, 0.0022094075102359056, 0.00199257954955101, 0.002013940829783678, 0.0019624221604317427, 0.0019095614552497864, 0.001882521784864366, 0.0018953620456159115, 0.001811851398088038, 0.0017477883957326412, 0.0017581850988790393, 0.001690915902145207, 0.0017215906409546733, 0.001660135923884809, 0.0016275388188660145, 0.0016009780811145902, 0.0015844706213101745, 0.0015938797732815146, 0.0015522348694503307, 0.0015065177576616406, 0.0015038428828120232, 0.0014879751252010465, 0.0014511534245684743, 0.0014352317666634917, 0.0013666294980794191, 0.0013969120336696506, 0.001377440639771521, 0.0013560879742726684, 0.0013349491637200117, 0.0012933671241626143, 0.001289244508370757, 0.0012613779399544, 0.0012363754212856293, 0.0012705085100606084, 0.0012252171291038394, 0.0011921703116968274, 0.0011731163831427693, 0.0011773937148973346, 0.0011909141903743148, 0.001180353225208819, 0.0011345652164891362, 0.0011387066915631294, 0.0011127293109893799, 0.0010851308470591903, 0.0010899981716647744, 0.0010818353621289134, 0.0010858381865546107, 0.0010578588116914034, 0.0010519766947254539, 0.0009687809506431222, 0.0010341792367398739, 0.001003811601549387, 0.0009586663800291717], "accs": [51.029998779296875, 54.47999954223633, 57.459999084472656, 69.47999572753906, 72.66999816894531, 73.06999969482422, 75.0999984741211, 74.31999969482422, 76.41999816894531, 75.44999694824219, 75.94999694824219, 77.58000183105469, 79.29000091552734, 78.68999481201172, 78.98999786376953, 79.07999420166016, 79.54000091552734, 79.13999938964844, 79.30999755859375, 79.31999969482422, 81.22000122070312, 82.44999694824219, 81.5199966430664, 82.43000030517578, 82.0999984741211, 82.16999816894531, 82.11000061035156, 81.88999938964844, 80.16999816894531, 83.25999450683594, 82.63999938964844, 82.18000030517578, 83.75999450683594, 83.29000091552734, 83.95999908447266, 84.12999725341797, 83.37999725341797, 84.40999603271484, 83.7699966430664, 83.43999481201172, 83.80999755859375, 83.63999938964844, 84.88999938964844, 84.68999481201172, 84.62999725341797, 84.54999542236328, 84.66999816894531, 84.75999450683594, 83.93000030517578, 84.93999481201172, 84.95999908447266, 84.80999755859375, 84.18000030517578, 84.22999572753906, 85.02999877929688, 84.80999755859375, 84.95999908447266, 85.22999572753906, 84.79000091552734, 84.68999481201172, 84.5999984741211, 85.40999603271484, 84.97999572753906, 84.38999938964844, 84.12999725341797, 85.43000030517578, 84.79999542236328, 85.0199966430664, 85.04999542236328, 84.72000122070312, 85.29999542236328, 85.68000030517578, 84.83999633789062, 85.44999694824219, 84.82999420166016, 85.18000030517578, 85.48999786376953, 85.15999603271484, 85.23999786376953, 85.15999603271484, 84.57999420166016, 85.73999786376953, 85.43999481201172, 85.55999755859375, 85.36000061035156, 85.56999969482422, 85.80999755859375, 84.79999542236328, 85.5999984741211, 85.7699966430664, 84.5999984741211, 85.43000030517578, 85.0999984741211, 86.04999542236328, 85.7699966430664, 84.70999908447266, 84.86000061035156, 85.52999877929688, 85.91999816894531, 86.0199966430664], "epochs": [0, 1, 2, 3, 4, 5, 6, 7, 8, 9, 10, 11, 12, 13, 14, 15, 16, 17, 18, 19, 20, 21, 22, 23, 24, 25, 26, 27, 28, 29, 30, 31, 32, 33, 34, 35, 36, 37, 38, 39, 40, 41, 42, 43, 44, 45, 46, 47, 48, 49, 50, 51, 52, 53, 54, 55, 56, 57, 58, 59, 60, 61, 62, 63, 64, 65, 66, 67, 68, 69, 70, 71, 72, 73, 74, 75, 76, 77, 78, 79, 80, 81, 82, 83, 84, 85, 86, 87, 88, 89, 90, 91, 92, 93, 94, 95, 96, 97, 98, 99]}