{"train_losses": [0.015976835042238235, 0.013014872558414936, 0.01177462749183178, 0.0109914755448699, 0.01026770006865263, 0.009588983841240406, 0.009064871817827225, 0.008540425449609756, 0.008167345076799393, 0.007768088951706886, 0.007480674423277378, 0.007171653676778078, 0.006936936639249325, 0.00671092513948679, 0.006481575779616833, 0.006274914834648371, 0.006087610963732004, 0.005880407989025116, 0.005726782605051994, 0.005628395359963179, 0.0054567535407841206, 0.005263231694698334, 0.005187236238270998, 0.005022275727242231, 0.0048849210143089294, 0.004822450689971447, 0.00465878751128912, 0.004543020389974117, 0.004420541226863861, 0.004319686908274889, 0.004186438396573067, 0.004157567862421274, 0.00402034493163228, 0.003908458631485701, 0.0038362578488886356, 0.0037749141920357943, 0.003673260798677802, 0.003572327783331275, 0.003500953782349825, 0.003463796339929104, 0.0032827723771333694, 0.0032802915666252375, 0.0032107445877045393, 0.0030957809649407864, 0.003019520780071616, 0.0029536993242800236, 0.0028816612903028727, 0.0028231588657945395, 0.002728482708334923, 0.0026491531170904636, 0.0026850285939872265, 0.002599343191832304, 0.002501587150618434, 0.002469042781740427, 0.002395777264609933, 0.0023416464682668447, 0.002333332085981965, 0.002256882842630148, 0.0021622900385409594, 0.002203155541792512, 0.002055733697488904, 0.0020297542214393616, 0.0019753959495574236, 0.0019345692126080394, 0.0019316690741106868, 0.001861674478277564, 0.001802791841328144, 0.0018082951428368688, 0.0017646764172241092, 0.0017274064011871815, 0.0016712226206436753, 0.0016627360600978136, 0.0015885572647675872, 0.0015735292108729482, 0.0015394160291180015, 0.001502122962847352, 0.0014974550576880574, 0.0014508594758808613, 0.0014588158810511231, 0.0013838706072419882, 0.0013886962551623583, 0.001360998023301363, 0.0013204318238422275, 0.0013185909483581781, 0.0012909950455650687, 0.001250368426553905, 0.0012554231798276305, 0.0012501648161560297, 0.0011603874154388905, 0.00118146906606853, 0.0011531941127032042, 0.0010953887831419706, 0.001095772022381425, 0.001112709753215313, 0.0011108590988442302, 0.0010718737030401826, 0.0010421191109344363, 0.001073639141395688, 0.001039532944560051, 0.0010137158678844571], "accs": [36.16999816894531, 44.63999938964844, 49.81999969482422, 53.279998779296875, 56.27000045776367, 58.71999740600586, 60.66999816894531, 62.94999694824219, 64.91999816894531, 66.56999969482422, 67.23999786376953, 68.75, 69.0, 69.6199951171875, 71.22999572753906, 71.5199966430664, 72.7699966430664, 72.29000091552734, 73.3499984741211, 73.43000030517578, 74.54000091552734, 74.23999786376953, 74.8499984741211, 75.38999938964844, 75.40999603271484, 75.79000091552734, 75.83999633789062, 76.29000091552734, 75.83999633789062, 76.5199966430664, 76.11000061035156, 77.0999984741211, 76.48999786376953, 76.94999694824219, 77.08999633789062, 77.38999938964844, 77.31999969482422, 77.80999755859375, 77.5, 77.55999755859375, 77.88999938964844, 77.79999542236328, 78.18000030517578, 78.04000091552734, 78.3699951171875, 78.25999450683594, 78.11000061035156, 77.61000061035156, 78.29000091552734, 78.97999572753906, 78.15999603271484, 77.93999481201172, 78.2699966430664, 78.62999725341797, 78.44999694824219, 78.52999877929688, 78.5, 78.75, 77.97000122070312, 78.4000015258789, 78.77999877929688, 78.04999542236328, 78.43000030517578, 79.11000061035156, 78.68999481201172, 78.45999908447266, 78.56999969482422, 78.3699951171875, 78.5999984741211, 78.3499984741211, 78.97000122070312, 78.93999481201172, 78.43999481201172, 79.00999450683594, 78.56999969482422, 78.66999816894531, 78.72000122070312, 78.6199951171875, 79.22999572753906, 79.08999633789062, 78.98999786376953, 78.77999877929688, 78.57999420166016, 78.97000122070312, 79.25999450683594, 79.15999603271484, 79.45999908447266, 79.31999969482422, 79.29000091552734, 78.6500015258789, 78.95999908447266, 78.72999572753906, 79.55999755859375, 78.80999755859375, 79.11000061035156, 79.06999969482422, 79.22999572753906, 79.4000015258789, 79.0, 79.00999450683594], "epochs": [0, 1, 2, 3, 4, 5, 6, 7, 8, 9, 10, 11, 12, 13, 14, 15, 16, 17, 18, 19, 20, 21, 22, 23, 24, 25, 26, 27, 28, 29, 30, 31, 32, 33, 34, 35, 36, 37, 38, 39, 40, 41, 42, 43, 44, 45, 46, 47, 48, 49, 50, 51, 52, 53, 54, 55, 56, 57, 58, 59, 60, 61, 62, 63, 64, 65, 66, 67, 68, 69, 70, 71, 72, 73, 74, 75, 76, 77, 78, 79, 80, 81, 82, 83, 84, 85, 86, 87, 88, 89, 90, 91, 92, 93, 94, 95, 96, 97, 98, 99]}