{"train_losses": [0.013383776880800724, 0.010509079322218895, 0.009040777571499348, 0.008129514753818512, 0.007488493341952562, 0.006933603901416063, 0.006509001366794109, 0.006168635096400976, 0.005845582578331232, 0.005641823168843985, 0.005361612886190414, 0.005122484639286995, 0.004907308146357536, 0.0047431690618395805, 0.004548060242086649, 0.0044519733637571335, 0.004270496312528849, 0.0041679563000798225, 0.004017262253910303, 0.003921217750757933, 0.0037871592212468386, 0.003653300693258643, 0.0035929835867136717, 0.0034391009248793125, 0.00335647352039814, 0.003257103729993105, 0.0031769738998264074, 0.0030639367178082466, 0.0029867824632674456, 0.0029151374474167824, 0.0029009985737502575, 0.002757907845079899, 0.002688000677153468, 0.0026366927195340395, 0.00256186886690557, 0.002495676977559924, 0.0024236130993813276, 0.0023609960917383432, 0.002297049155458808, 0.0022628798615187407, 0.0022206311114132404, 0.0021816561929881573, 0.0020836039911955595, 0.0020607977639883757, 0.002022319007664919, 0.0019486913224682212, 0.0019261145498603582, 0.0018724622204899788, 0.0018214931478723884, 0.0018427541945129633, 0.0017393354792147875, 0.0016964446986094117, 0.0016954460879787803, 0.0016983236419036984, 0.0015975568676367402, 0.0015901532024145126, 0.0015277236234396696, 0.001481042942032218, 0.0014445696724578738, 0.0014870191225782037, 0.001393596176058054, 0.00139229919295758, 0.00138672417961061, 0.001342224539257586, 0.0013319388963282108, 0.0013112645829096437, 0.0012494530528783798, 0.0012379707768559456, 0.0011892716865986586, 0.0012370903277769685, 0.001183245563879609, 0.0011602055747061968, 0.0011422120733186603, 0.001145607209764421, 0.0011108805192634463, 0.0010457386961206794, 0.001097794040106237, 0.0010639438405632973, 0.0010100076906383038, 0.0010217420058324933, 0.0009876647964119911, 0.0009873589733615518, 0.0009771203622221947, 0.0009755472419783473, 0.0009544942295178771, 0.0009570775437168777, 0.0009097263100557029, 0.000958479882683605, 0.0008825593977235258, 0.0009036127012223005, 0.000882161664776504, 0.0008753078291192651, 0.0008533576037734747, 0.0008444292470812798, 0.0008217069553211331, 0.0007963586249388754, 0.0007861280464567244, 0.0007985415286384523, 0.0007720625726506114, 0.0007548018475063145], "accs": [46.69999694824219, 57.3599967956543, 61.32999801635742, 66.0199966430664, 68.70999908447266, 68.81999969482422, 73.22000122070312, 71.00999450683594, 74.75, 74.62999725341797, 77.04999542236328, 77.61000061035156, 77.05999755859375, 77.75999450683594, 78.44999694824219, 80.18000030517578, 79.33999633789062, 78.98999786376953, 79.50999450683594, 80.70999908447266, 81.41999816894531, 80.97999572753906, 80.72000122070312, 80.97999572753906, 82.2699966430664, 81.90999603271484, 81.97000122070312, 82.47000122070312, 82.2699966430664, 82.55999755859375, 82.95999908447266, 81.79999542236328, 82.43999481201172, 83.41999816894531, 84.27999877929688, 83.1500015258789, 83.43000030517578, 83.75, 82.93000030517578, 82.07999420166016, 82.63999938964844, 83.25, 83.61000061035156, 83.77999877929688, 84.22000122070312, 84.33999633789062, 83.52999877929688, 83.47000122070312, 84.07999420166016, 84.4000015258789, 84.19999694824219, 84.31999969482422, 83.37999725341797, 83.48999786376953, 83.91999816894531, 84.04999542236328, 83.93000030517578, 84.25, 83.80999755859375, 84.52999877929688, 83.97999572753906, 84.50999450683594, 84.23999786376953, 84.87999725341797, 84.7699966430664, 84.55999755859375, 84.6500015258789, 84.54999542236328, 84.97999572753906, 83.86000061035156, 84.61000061035156, 84.75, 84.54999542236328, 85.02999877929688, 84.68999481201172, 85.0999984741211, 84.22999572753906, 84.18000030517578, 84.29000091552734, 84.93999481201172, 84.57999420166016, 84.63999938964844, 84.55999755859375, 84.97999572753906, 84.5, 84.90999603271484, 84.65999603271484, 84.3499984741211, 84.72999572753906, 84.65999603271484, 83.83999633789062, 84.90999603271484, 84.6500015258789, 84.5, 84.68999481201172, 84.16999816894531, 85.02999877929688, 84.6500015258789, 84.72999572753906, 85.1500015258789], "epochs": [0, 1, 2, 3, 4, 5, 6, 7, 8, 9, 10, 11, 12, 13, 14, 15, 16, 17, 18, 19, 20, 21, 22, 23, 24, 25, 26, 27, 28, 29, 30, 31, 32, 33, 34, 35, 36, 37, 38, 39, 40, 41, 42, 43, 44, 45, 46, 47, 48, 49, 50, 51, 52, 53, 54, 55, 56, 57, 58, 59, 60, 61, 62, 63, 64, 65, 66, 67, 68, 69, 70, 71, 72, 73, 74, 75, 76, 77, 78, 79, 80, 81, 82, 83, 84, 85, 86, 87, 88, 89, 90, 91, 92, 93, 94, 95, 96, 97, 98, 99]}