{"train_losses": [0.013369697146117687, 0.010340572334825993, 0.0089994752779603, 0.008129250258207321, 0.007382413372397423, 0.006949946284294128, 0.006516589783132076, 0.00614272803068161, 0.00578933022916317, 0.005565347149968147, 0.005373766180127859, 0.005030341446399689, 0.004880830179899931, 0.004702404141426086, 0.00451929634436965, 0.0043999613262712955, 0.0042456029914319515, 0.004134298302233219, 0.003955035470426083, 0.0038793147541582584, 0.0037480387836694717, 0.003605340141803026, 0.0035347791854292154, 0.0034051055554300547, 0.0033523475285619497, 0.0032578669488430023, 0.0031678478699177504, 0.0030649700202047825, 0.0029751963447779417, 0.002911570016294718, 0.0028083911165595055, 0.0027521392330527306, 0.0026767083909362555, 0.0026301860343664885, 0.0025341720320284367, 0.002464272314682603, 0.0023775917943567038, 0.0023574314545840025, 0.002329107839614153, 0.002244303235784173, 0.0021585242357105017, 0.002146722748875618, 0.002119353972375393, 0.002042985986918211, 0.00197550724260509, 0.0019628035370260477, 0.001909263082779944, 0.0018561839824542403, 0.0018311000894755125, 0.001777983969077468, 0.001728785689920187, 0.0016990515869110823, 0.0016701824497431517, 0.001631522667594254, 0.001609545899555087, 0.001582268625497818, 0.0015082198660820723, 0.0014977401588112116, 0.0014737705932930112, 0.0014291980769485235, 0.001411942532286048, 0.0014150632778182626, 0.0013242184650152922, 0.0013482195790857077, 0.001320896320976317, 0.0013300422579050064, 0.0012451763032004237, 0.0012494140537455678, 0.0012420503189787269, 0.0012012218357995152, 0.001187831279821694, 0.0011224448680877686, 0.0011492307530716062, 0.0011435511987656355, 0.0011279546888545156, 0.0010832539992406964, 0.0010647784220054746, 0.001053068321198225, 0.0010258302791044116, 0.0009854997042566538, 0.0009941091993823647, 0.0010129682486876845, 0.0009765812428668141, 0.0009644140372984111, 0.0009321368997916579, 0.0009437308763153851, 0.0008892263285815716, 0.000900668150279671, 0.0009025261970236897, 0.000869130075443536, 0.0008841176168061793, 0.0008595731342211366, 0.000852961849886924, 0.000813495775219053, 0.000824528862722218, 0.0007901595090515912, 0.0008204802288673818, 0.0008151409565471113, 0.0007827570661902428, 0.0007807799847796559], "accs": [50.02000045776367, 56.47999954223633, 62.369998931884766, 67.16999816894531, 67.90999603271484, 67.36000061035156, 70.90999603271484, 73.43999481201172, 75.0999984741211, 73.20999908447266, 74.20999908447266, 75.4000015258789, 75.83999633789062, 78.86000061035156, 78.15999603271484, 78.0199966430664, 78.9000015258789, 80.47999572753906, 80.50999450683594, 79.77999877929688, 79.4000015258789, 81.0, 80.75, 82.0, 81.32999420166016, 81.30999755859375, 82.97999572753906, 82.44999694824219, 81.58999633789062, 82.04999542236328, 81.9000015258789, 82.54000091552734, 83.68999481201172, 82.90999603271484, 83.41999816894531, 83.02999877929688, 82.97000122070312, 83.25999450683594, 84.18000030517578, 82.56999969482422, 83.22999572753906, 83.31999969482422, 83.1199951171875, 82.94999694824219, 83.98999786376953, 83.75999450683594, 83.88999938964844, 83.75999450683594, 84.11000061035156, 84.07999420166016, 84.43000030517578, 84.05999755859375, 83.43999481201172, 84.33999633789062, 84.3499984741211, 83.72000122070312, 83.8699951171875, 84.04999542236328, 84.0999984741211, 83.66999816894531, 84.65999603271484, 83.68999481201172, 84.70999908447266, 84.02999877929688, 84.13999938964844, 84.0999984741211, 84.43000030517578, 84.6199951171875, 84.56999969482422, 84.50999450683594, 84.33999633789062, 84.38999938964844, 83.95999908447266, 84.54999542236328, 84.75999450683594, 84.5999984741211, 84.88999938964844, 84.61000061035156, 84.07999420166016, 84.33999633789062, 84.25999450683594, 84.27999877929688, 84.16999816894531, 85.0, 84.37999725341797, 84.41999816894531, 84.69999694824219, 84.33999633789062, 84.7699966430664, 85.29000091552734, 84.50999450683594, 84.63999938964844, 84.6199951171875, 84.79999542236328, 84.77999877929688, 85.11000061035156, 84.79000091552734, 84.25999450683594, 84.65999603271484, 84.22999572753906], "epochs": [0, 1, 2, 3, 4, 5, 6, 7, 8, 9, 10, 11, 12, 13, 14, 15, 16, 17, 18, 19, 20, 21, 22, 23, 24, 25, 26, 27, 28, 29, 30, 31, 32, 33, 34, 35, 36, 37, 38, 39, 40, 41, 42, 43, 44, 45, 46, 47, 48, 49, 50, 51, 52, 53, 54, 55, 56, 57, 58, 59, 60, 61, 62, 63, 64, 65, 66, 67, 68, 69, 70, 71, 72, 73, 74, 75, 76, 77, 78, 79, 80, 81, 82, 83, 84, 85, 86, 87, 88, 89, 90, 91, 92, 93, 94, 95, 96, 97, 98, 99]}