{"train_losses": [9.201541900634766, 8.175762176513672, 7.850355625152588, 7.6510748863220215, 7.510061740875244, 7.4037628173828125, 7.315363883972168, 7.244568347930908, 7.184794902801514, 7.132898330688477, 7.087092876434326, 7.046558380126953, 7.009872913360596, 6.976861953735352, 6.946781635284424, 6.918968677520752, 6.893496990203857, 6.869643211364746, 6.847411155700684, 6.826481819152832, 6.806756019592285, 6.788061618804932, 6.770400524139404, 6.753415107727051, 6.737365245819092, 6.721950531005859, 6.707160472869873, 6.693108558654785, 6.6795525550842285, 6.666466236114502, 6.653748989105225, 6.641696929931641, 6.629923343658447, 6.618609428405762, 6.607532978057861, 6.596973896026611, 6.586733341217041, 6.576735496520996, 6.567065715789795, 6.55761194229126], "val_ppls": [4315.812548005289, 2708.044759394683, 2097.2888871766045, 1764.4697297471994, 1557.341787383453, 1406.5989500340802, 1295.130287457711, 1210.2177303975209, 1141.4071564727294, 1083.836322411681, 1035.0741206198322, 993.3470818565695, 957.1163674704053, 925.5282949282133, 897.5033147403886, 872.3798837858118, 849.7370336767069, 829.1691499398219, 810.3249815788811, 792.9372246928164, 776.9670105473542, 762.0960789892497, 748.225491283103, 735.3363169191447, 723.2245322996849, 711.7991318913218, 701.0862383299232, 690.9179582110191, 681.2933760995483, 672.2341825456585, 663.5453609235456, 655.247800166494, 647.4036690579361, 639.8974969250289, 632.7413938172676, 625.9347783127436, 619.4051455946037, 613.1324670443856, 607.1108740319845, 601.3089646520368], "test_ppls": [4183.555569083341, 2663.131733911159, 2076.5784631385086, 1753.0909415824228, 1554.0162742878358, 1406.889401191591, 1298.1246168912255, 1215.246988273596, 1147.7955938949121, 1091.159910713821, 1042.9769413714916, 1001.5830164298312, 965.4905539207582, 933.8304684245416, 905.6655103004987, 880.3837022077944, 857.5641881199352, 836.8367752005585, 817.7910508624673, 800.1496058516321, 783.9563718617766, 768.8237105378321, 754.7255834341906, 741.578380190218, 729.2434573996915, 717.6083306187817, 706.6708471876369, 696.3349026859619, 686.5363175477138, 677.3021142664137, 668.4680958014009, 660.0239958522322, 652.0402895199583, 644.4029211458659, 637.1174397413165, 630.1787044643673, 623.5298702156374, 617.147144395249, 611.0228950633327, 605.1224255025853], "best_epoch": 40, "best_val_ppl": 601.3089646520368, "best_val_loss": 6.39910888671875, "best_train_loss": 6.55761194229126, "best_test_ppl": 605.1224255025853, "best_test_loss": 6.405430793762207}