{"train_losses": [7.655938148498535, 6.928874969482422, 6.719144344329834, 6.591065406799316, 6.499410152435303, 6.428534984588623, 6.370994567871094, 6.322834014892578, 6.281247615814209, 6.244719505310059, 6.211913585662842, 6.18245267868042, 6.1553802490234375, 6.1304240226745605, 6.106996536254883, 6.084962368011475, 6.064172267913818, 6.044349670410156, 6.0256452560424805, 6.007829666137695, 5.9908599853515625, 5.974713325500488, 5.959231376647949, 5.9443769454956055, 5.930296897888184, 5.91649055480957, 5.903369903564453, 5.89077091217041, 5.878550052642822, 5.86682653427124, 5.855528354644775, 5.844627380371094, 5.8339314460754395, 5.823809623718262, 5.8138957023620605, 5.804295539855957, 5.795009136199951, 5.785907745361328, 5.777185440063477, 5.768622398376465], "val_ppls": [1069.7692702151605, 782.5438604479796, 663.862156010221, 594.3562151525513, 547.465410252562, 512.53031252404, 485.0954725572702, 462.6260320713217, 443.8157031697988, 427.3638611242364, 413.06771797562425, 400.314863487263, 388.76925485155624, 378.2090995294486, 368.4730451043729, 359.37846348970623, 350.9261056063828, 343.19401772287114, 336.05266701390934, 329.34514243127336, 323.07438020625, 317.3231315331262, 311.79228935742066, 306.61520787721594, 301.6408582754309, 297.0163233096313, 292.60496911681093, 288.460571869392, 284.4751014542053, 280.6680625378479, 277.0659756851878, 273.63169617982254, 270.3555977100416, 267.2373326250011, 264.2919862731556, 261.3880758402634, 258.6898180355174, 256.05237742225586, 253.50008314034238, 251.05497998831356], "test_ppls": [1078.2186984639588, 790.7333122066492, 669.8816526587553, 599.1649282707239, 551.599030467588, 516.0607047268073, 488.23686481247086, 465.5815092666546, 446.58435325088493, 430.0729434235009, 415.6812209254758, 402.9035812677022, 391.3230538190761, 380.7932019184985, 371.0755489259321, 361.9450362704205, 353.46703300720617, 345.58584204773683, 338.2969515415438, 331.4659107511358, 325.0417600988164, 319.1876002230512, 313.5293125308525, 308.2400399596667, 303.20723144808693, 298.50715073057466, 294.019392265529, 289.815987797093, 285.7698175817698, 281.94424191929204, 278.29339577466504, 274.83184532246247, 271.4956749253842, 268.3614450204508, 265.3654926434234, 262.43639679007674, 259.6828598779476, 257.0053909558766, 254.46531583620052, 251.9987659614954], "best_epoch": 40, "best_val_ppl": 251.05497998831356, "best_val_loss": 5.52567195892334, "best_train_loss": 5.768622398376465, "best_test_ppl": 251.9987659614954, "best_test_loss": 5.52942419052124}