{"train_losses": [6.600053787231445, 6.091444492340088, 5.912318706512451, 5.794791221618652, 5.70918083190918, 5.642782211303711, 5.5887556076049805, 5.543231964111328, 5.50414514541626, 5.470118045806885, 5.4398064613342285, 5.413013935089111, 5.388940334320068, 5.36683988571167, 5.346794605255127, 5.327971458435059, 5.310885429382324, 5.295004844665527, 5.279938220977783, 5.266071319580078, 5.252971649169922, 5.2404632568359375, 5.228663921356201, 5.217687129974365, 5.20710563659668, 5.197061538696289, 5.187501430511475, 5.1783857345581055, 5.169612407684326, 5.16121244430542, 5.153267860412598, 5.1454668045043945, 5.137857437133789, 5.1308417320251465, 5.124014854431152, 5.117126941680908, 5.110743045806885, 5.104442596435547, 5.098391056060791, 5.092617034912109, 5.086922645568848, 5.081307888031006, 5.076145172119141, 5.070727348327637, 5.065661907196045, 5.060827255249023, 5.056013107299805], "val_ppls": [429.9007151197064, 329.9393040688362, 280.25482320103276, 249.99191692823587, 229.76181606297686, 214.80383737640068, 203.46287790778564, 194.25842451570892, 186.89642393203067, 180.49413086501556, 174.99605846672114, 170.37378629007642, 166.17285243107557, 162.47485363771605, 159.17852923570624, 156.34906780807682, 153.62644347373737, 151.13878038828534, 149.02621904836383, 146.9672215803379, 145.04431800828633, 143.23321861630623, 141.63391138948697, 140.0644829526607, 138.66080205073223, 137.36292288323432, 136.14514529234896, 134.88309696687608, 133.80248083277073, 132.7483079754295, 131.76393665512606, 130.672975285124, 129.84966441082895, 128.94856756461942, 128.15457494561383, 127.30196083718657, 126.57766537237805, 125.82448773630989, 125.04669043121721, 124.45872471429567, 123.81417497944176, 123.15604918277148, 122.53349466990919, 122.04664467373141, 121.4446378913683, 120.93033705873674, 120.37842881493188], "test_ppls": [433.21545025573465, 332.20801943837307, 281.73727802213494, 251.3063819874917, 231.00449563043534, 216.09870759298673, 204.75215177009164, 195.63409864570778, 188.2848634340901, 181.90178385081563, 176.5175719538065, 172.0010385684921, 167.88001549983167, 164.22019997259136, 161.01509946070996, 158.14137905963497, 155.46328694597418, 153.06867089617955, 150.95346162236126, 148.90610292679432, 147.0758848518181, 145.32712224908568, 143.70765565035364, 142.1715728656217, 140.72201276445614, 139.48123932843993, 138.30659493853696, 137.0920214177225, 135.89951863716416, 134.94472698960575, 133.91175444415916, 132.8922019753822, 132.0297236918768, 131.15020249074317, 130.30083171096607, 129.54230055201128, 128.7633774428364, 127.99768239161467, 127.32011212037571, 126.69384539951629, 126.06969734267209, 125.42451954028388, 124.75932130514909, 124.29918485142817, 123.64767840578425, 123.17760328333843, 122.63631355652008], "best_epoch": 47, "best_val_ppl": 120.37842881493188, "best_val_loss": 4.790640354156494, "best_train_loss": 5.056013107299805, "best_test_ppl": 122.63631355652008, "best_test_loss": 4.809223175048828}