{"train_losses": [11.454635620117188, 9.961610794067383, 9.421282768249512, 9.123746871948242, 8.955023765563965, 8.8328218460083, 8.728949546813965, 8.636560440063477, 8.554526329040527, 8.481865882873535, 8.417315483093262, 8.359858512878418, 8.307804107666016, 8.260063171386719, 8.215927124023438, 8.174986839294434, 8.13699722290039, 8.10137939453125, 8.067975044250488, 8.036629676818848, 8.007035255432129, 7.9791717529296875, 7.952482223510742, 7.927398681640625, 7.903419494628906, 7.8806304931640625, 7.858875274658203, 7.838062286376953, 7.81804895401001, 7.7989091873168945, 7.780492782592773, 7.762725830078125, 7.745694160461426, 7.729135036468506, 7.713020324707031, 7.69759464263916, 7.6824212074279785, 7.667759418487549, 7.653413772583008, 7.639411449432373], "val_ppls": [29841.85056002612, 14324.613685476505, 9779.31305585217, 7978.476778672704, 6959.117046990305, 6215.250060293413, 5619.622960086377, 5136.231982114944, 4744.863771816622, 4425.965141418745, 4160.26068286359, 3932.493718005967, 3733.767276066407, 3558.3237935986476, 3402.338815059802, 3262.98544112854, 3137.7789408058616, 3024.8880575562175, 2922.7978718189793, 2829.860760205196, 2745.0664941727155, 2667.3421717756555, 2595.7998879344586, 2529.855518653631, 2468.6639234792115, 2411.7671729655726, 2358.7751306614464, 2309.115538299323, 2262.5223063098806, 2218.7876133968502, 2177.5029571467444, 2138.4053897317426, 2101.376131175802, 2066.1769125629075, 2032.5992564599621, 2000.4942600210095, 1969.7274147887856, 1940.1654020906587, 1911.6276209086016, 1884.2947272156282], "test_ppls": [30294.30728671925, 14393.370132905595, 9653.165761598748, 7738.264852172798, 6701.47168414056, 5982.742133545595, 5417.089084719532, 4960.231666207445, 4590.641681059524, 4289.109356254178, 4037.7425808424105, 3822.281853563055, 3634.3929142423253, 3468.716093330539, 3321.4768166326417, 3190.031967012839, 3071.878539811246, 2965.252885343967, 2868.6121327385276, 2780.4788416283477, 2699.773749785893, 2625.690865059201, 2557.2976907118023, 2494.0933261459572, 2435.3420613568524, 2380.6352492893125, 2329.6354683715945, 2281.823969246276, 2236.918180728964, 2194.7246939251922, 2154.910961356365, 2117.165778318512, 2081.4201856799277, 2047.3692806738143, 2014.8811053170007, 1983.7454262850392, 1953.8584297709783, 1925.0880279610792, 1897.2785794094286, 1870.6199748603497], "best_epoch": 40, "best_val_ppl": 1884.2947272156282, "best_val_loss": 7.541308879852295, "best_train_loss": 7.639411449432373, "best_test_ppl": 1870.6199748603497, "best_test_loss": 7.534025192260742}