{"train_losses": [6.387224197387695, 5.898966312408447, 5.711422920227051, 5.597536563873291, 5.516506195068359, 5.453604221343994, 5.403656005859375, 5.3646345138549805, 5.332815647125244, 5.305635929107666, 5.282557964324951, 5.2636518478393555, 5.248070240020752, 5.23419189453125, 5.222193241119385, 5.2116265296936035, 5.202356815338135, 5.19466495513916, 5.188233375549316, 5.182103633880615, 5.176388263702393, 5.171403884887695, 5.166799068450928, 5.16247034072876, 5.1590070724487305, 5.156554222106934, 5.154529094696045, 5.1518144607543945, 5.1487627029418945, 5.146289825439453, 5.1436381340026855, 5.140434741973877, 5.136989116668701, 5.133903980255127, 5.131145000457764, 5.128599166870117], "val_ppls": [340.26096514301474, 256.0669071737595, 217.9680282187641, 196.51089002169954, 182.2733995572553, 171.69145921862335, 163.67382821650713, 157.6023055141044, 152.71850668015526, 148.5536310539963, 145.20562547398296, 142.49055581125202, 140.24893904669918, 138.37038302660878, 136.76471010661191, 135.24575419129232, 134.07257170202627, 132.97498627919967, 131.98943756528865, 131.05974224394694, 130.20325845292152, 129.65001143176195, 129.0061326804101, 128.44449729886006, 127.95478264442531, 127.56525583368038, 127.07368228044268, 126.60434594884312, 126.29135458931879, 125.99385539274365, 125.6443833948712, 125.27443385341766, 125.01860931080166, 124.84805225509974, 124.60622887049735, 124.40722257254315], "test_ppls": [342.40859084560753, 257.224480636771, 219.42014229944684, 198.5677879338211, 184.82218616384722, 174.55411063484547, 166.69664299478603, 160.9604428159129, 156.22677411395694, 152.2824178087365, 149.19878450924907, 146.75027577923606, 144.46761469865513, 142.616989183494, 140.8971222962362, 139.30516599434014, 137.8748379223529, 136.81258592420565, 135.7899827232418, 134.92568172229892, 134.17010160419028, 133.62873330374387, 132.99140981371232, 132.5026177365519, 132.00429164358806, 131.6956582057809, 131.26939015325215, 130.855296008987, 130.55426689171318, 130.2728130663133, 130.05074107277883, 129.7532951944968, 129.4712221187097, 129.41517733820865, 129.042554652181, 128.8815636381791], "best_epoch": 36, "best_val_ppl": 124.40722257254315, "best_val_loss": 4.8235602378845215, "best_train_loss": 5.128599166870117, "best_test_ppl": 128.8815636381791, "best_test_loss": 4.858893871307373}