{"train_losses": [5.6018877029418945, 5.244141101837158, 5.171169757843018, 5.132462024688721, 5.096713066101074, 5.069301605224609, 5.044825077056885, 5.028510570526123, 5.013874530792236, 4.998924255371094, 4.988397121429443, 4.9853010177612305, 4.982845306396484, 4.982759475708008, 4.983050346374512, 4.98003625869751, 4.97540807723999, 4.971044540405273, 4.967729091644287, 4.966289520263672, 4.966151714324951, 4.96408224105835, 4.960911750793457, 4.957836627960205, 4.955751895904541, 4.95454740524292, 4.953883647918701, 4.9531755447387695, 4.951416492462158, 4.949065208435059, 4.947300910949707, 4.946797847747803, 4.947917461395264, 4.948408603668213, 4.947124481201172, 4.945286273956299, 4.944394588470459, 4.943389892578125, 4.943235874176025, 4.943409442901611], "val_ppls": [161.08636519498268, 141.6254020698275, 135.73612164977757, 132.65813707469252, 130.72233391111365, 129.48196474835436, 129.28885701897173, 129.87573414550363, 129.88044087856343, 129.39703588004028, 128.9598817551608, 129.09572949939098, 129.4041317258033, 129.53840906376803, 129.75577006580085, 129.44980125963338, 129.01271494452112, 128.72335141089872, 128.69076271588017, 128.65855036583062, 128.59838089672044, 128.64910293937052, 128.455951018906, 128.4039581114121, 128.19118438279193, 128.12127494222761, 127.98687982044086, 127.66048695401079, 127.66146092994722, 127.71723344436866, 127.78107293228142, 127.98901584976736, 127.89573511310851, 127.78046362609723, 127.9846827988959, 128.0445651268424, 128.33075056535554, 127.45563034409817, 127.49362074268393, 127.44371888693794], "test_ppls": [164.37986576726775, 145.23484745673937, 139.4991981406797, 136.442083844559, 134.53141915859058, 133.68590160243068, 133.4499296753943, 133.74590042976652, 133.78825374437787, 133.151629743813, 132.8536165027231, 133.47793152230287, 133.31045350318496, 133.2841392062186, 132.7623611695936, 132.87008840442297, 132.68407470498428, 132.4508816408297, 131.99031869278625, 132.13206794015358, 131.99333974600614, 131.95683998269217, 131.74050317109723, 131.7149384136575, 131.82948458219184, 131.6056375388511, 131.34258308079424, 131.4077334188621, 131.65566234713486, 131.53436777902166, 131.5358103578374, 131.25493170715754, 131.11406091796002, 131.6206367090298, 131.56002295458094, 131.50664825066733, 131.7108560494229, 130.91752027621249, 131.04249499210903, 130.94773811080358], "best_epoch": 38, "best_val_ppl": 127.45563034409817, "best_val_loss": 4.847768306732178, "best_train_loss": 4.943389892578125, "best_test_ppl": 130.91752027621249, "best_test_loss": 4.87456750869751}