{"train_losses": [10.389692306518555, 7.995786666870117, 7.313519477844238, 7.154852390289307, 7.081312656402588, 7.024903774261475, 6.974934101104736, 6.932219982147217, 6.8928046226501465, 6.8555707931518555, 6.819989204406738, 6.785976886749268, 6.753730773925781, 6.722962856292725, 6.6941752433776855, 6.666991710662842, 6.641629219055176, 6.617935657501221, 6.595679759979248, 6.574747085571289, 6.555256366729736, 6.537038803100586, 6.519906997680664, 6.503553867340088, 6.488370895385742, 6.473809242248535, 6.459895133972168, 6.446905612945557, 6.434466361999512, 6.422616958618164, 6.411127090454102, 6.400204658508301, 6.389640808105469, 6.3795247077941895, 6.3697099685668945, 6.360239028930664, 6.351127624511719, 6.342358589172363, 6.333836078643799, 6.325325012207031, 6.317297458648682], "val_ppls": [5751.056318376039, 1592.9941656806357, 1206.2763800446185, 1090.2809484706188, 1019.0369879443712, 958.702718427484, 911.8638782742318, 872.1482119414228, 836.7569720319772, 804.493371076497, 774.7842106914776, 747.4684269603323, 722.2860870025957, 699.2109654142432, 678.2775177238852, 659.3470572571409, 642.0684877937465, 626.3975762074939, 612.0983702945315, 599.0440876230253, 587.1063586692457, 576.1200675784638, 566.0037114583346, 556.6523505823557, 547.9655528623015, 539.8466069461099, 532.2640302537745, 525.1386580315366, 518.4296944125006, 512.0996278434632, 506.07894582980333, 500.3721183976626, 494.9493210803077, 489.76788735089934, 484.8332361698037, 480.08014385800595, 475.5332553427162, 471.1866801541359, 466.9826988841022, 462.9532935389406, 459.0442340643326], "test_ppls": [5801.045383826582, 1607.4016731001202, 1225.9100574716633, 1114.094910787225, 1042.2575528404225, 980.1922425184007, 933.0097236496299, 893.2355763823996, 857.5151193073659, 824.6103601469428, 793.9349066106965, 765.5120002708471, 739.1188521898, 714.8188212779334, 692.7098794003018, 672.73987407096, 654.5298792472157, 638.0377101768099, 623.0059114244754, 609.2725945055158, 596.7410736808433, 585.235612497056, 574.6601594975746, 564.899583688346, 555.8375387973573, 547.3967579207682, 539.5293027024835, 532.1478010494062, 525.2212983897232, 518.6880896222639, 512.4873010732995, 506.62606624217443, 501.06810938782274, 495.76422647777895, 490.71838018951854, 485.8656568357525, 481.2295516800744, 476.7995338087172, 472.5184355232491, 468.4218317351063, 464.4495440627058], "best_epoch": 41, "best_val_ppl": 459.0442340643326, "best_val_loss": 6.129146575927734, "best_train_loss": 6.317297458648682, "best_test_ppl": 464.4495440627058, "best_test_loss": 6.140852928161621}