{"train_losses": [7.447805881500244, 6.689911365509033, 6.4862895011901855, 6.368391990661621, 6.286365985870361, 6.222954750061035, 6.170741081237793, 6.1259636878967285, 6.086183547973633, 6.050725936889648, 6.018189907073975, 5.988130569458008, 5.959840774536133, 5.933018684387207, 5.907764434814453, 5.883543968200684, 5.860907554626465, 5.839496612548828, 5.819461345672607, 5.8005828857421875, 5.782682418823242, 5.765990257263184, 5.750143527984619, 5.735233306884766, 5.721157073974609, 5.7076311111450195, 5.694817066192627, 5.682592868804932, 5.670930862426758, 5.659825801849365, 5.649177074432373, 5.639063358306885, 5.629212379455566, 5.619758129119873, 5.610511779785156, 5.601810932159424, 5.593157768249512, 5.584833145141602, 5.576876163482666, 5.5688934326171875, 5.561507701873779], "val_ppls": [803.9779612738959, 598.9318390740851, 512.0835116803994, 462.99501779896667, 429.36233187614494, 403.9492970266499, 383.5684926685322, 366.4649958569128, 351.8328900391936, 338.912111009873, 327.3020815037128, 316.6373734933002, 306.7017737653159, 297.38379293154156, 288.7860580847831, 280.8923222945539, 273.665231019003, 267.0086959875961, 260.9298045021715, 255.3230440936821, 250.08920749000174, 245.33450463335677, 240.8785787725224, 236.8227234996669, 233.01142223291413, 229.4786711718323, 226.17132376288714, 223.1158184519599, 220.19596471144706, 217.4596510537973, 214.90065218423618, 212.44752787216186, 210.11816822213126, 207.90583212915615, 205.77320118645054, 203.76900781487365, 201.81955387999335, 199.9445170232161, 198.16578628745123, 196.4112145784492, 194.78527398982365], "test_ppls": [823.1485421035354, 608.723751851572, 518.3807498277, 468.25121506072185, 434.09282771051613, 408.18545227542626, 387.3361375971591, 369.87428776911025, 354.89192172302245, 341.64157763099746, 329.65497885310094, 318.6934836242311, 308.5606236192016, 299.08004611020226, 290.37566461057935, 282.42649218506506, 275.16806310485174, 268.55358880196104, 262.5256363697633, 256.9810047185742, 251.8333566807297, 247.15424777759748, 242.75183842784813, 238.74992382634673, 234.92709821789836, 231.39509234219574, 228.06915085412257, 225.04133227190422, 222.08505436076553, 219.3669978764104, 216.80746977709296, 214.36375264298871, 212.064644534963, 209.8777445245748, 207.76886961594238, 205.80685920465797, 203.90955632551854, 202.04920506557008, 200.32748665551296, 198.59070290485712, 197.008241621903], "best_epoch": 41, "best_val_ppl": 194.78527398982365, "best_val_loss": 5.271897792816162, "best_train_loss": 5.561507701873779, "best_test_ppl": 197.008241621903, "best_test_loss": 5.28324556350708}