{"train_losses": [10.389691352844238, 7.995786666870117, 7.212123870849609, 6.985771179199219, 6.798281192779541, 6.631059646606445, 6.491626262664795, 6.382633686065674, 6.294605255126953, 6.219884395599365, 6.154122352600098, 6.094446182250977, 6.039414405822754, 5.98804235458374, 5.939397811889648, 5.8927083015441895, 5.848526477813721, 5.807406902313232, 5.769229888916016, 5.734272480010986, 5.702246189117432, 5.672778129577637, 5.645568370819092, 5.620179653167725, 5.596346378326416, 5.573857307434082, 5.552800178527832, 5.533174991607666, 5.515082359313965, 5.498232841491699, 5.48257303237915, 5.468141555786133, 5.454616069793701, 5.442080020904541], "val_ppls": [5751.056318376039, 1592.9941656806357, 1066.8284793189873, 857.7334970778377, 709.1721885256815, 598.2060163408518, 524.1517363908224, 473.0401006745518, 434.32347759697274, 402.8282775015188, 376.34677706217235, 353.33458050454607, 333.10471424308804, 314.7861503046793, 297.806384152758, 282.08180911489023, 268.0504152291131, 255.61199257661994, 244.65086498244338, 235.0716510131633, 226.63197492430578, 219.2382701853605, 212.54966571502882, 206.56596655388037, 201.14962116437727, 196.16000221948244, 191.57996441735608, 187.56136349514355, 183.81014920201056, 180.43724999973338, 177.29955614882013, 174.3984494818455, 171.72560193074614, 169.2285054032139], "test_ppls": [5801.045383826582, 1607.4024395691488, 1093.251981266461, 876.5638599704457, 723.450451094894, 607.3581514189843, 530.5710687300472, 478.0058151971203, 438.4012781791044, 406.42137836080826, 379.51578083506115, 356.12398750938786, 335.4254234013741, 316.64311095496447, 299.2468065721704, 283.35941736267057, 269.4002203676606, 257.13115773111065, 246.33899652753578, 236.8496013829107, 228.483436196669, 221.14497742541153, 214.5314534348535, 208.61676829418548, 203.19266648881526, 198.25576386400826, 193.79980164729176, 189.8869635663743, 186.2133292889594, 182.9395114249122, 179.8851226202343, 177.09068893642538, 174.49718794013646, 172.10999095533322], "best_epoch": 34, "best_val_ppl": 169.2285054032139, "best_val_loss": 5.131249904632568, "best_train_loss": 5.442080020904541, "best_test_ppl": 172.10999095533322, "best_test_loss": 5.148133754730225}