{"train_losses": [7.447808265686035, 6.689909934997559, 6.398040294647217, 6.1814703941345215, 6.020586967468262, 5.879715919494629, 5.756690979003906, 5.65979528427124, 5.582066059112549, 5.516106128692627, 5.459751129150391, 5.41245698928833, 5.372984886169434, 5.341039657592773, 5.314138889312744, 5.291543006896973, 5.274840354919434, 5.2618913650512695, 5.251886367797852, 5.242534160614014, 5.234964847564697, 5.227175712585449, 5.2193217277526855, 5.211822032928467, 5.205639362335205, 5.199446201324463, 5.193643093109131, 5.189291000366211, 5.184468746185303, 5.180062294006348, 5.176941394805908, 5.174198150634766, 5.171408653259277, 5.1690497398376465, 5.166966915130615], "val_ppls": [803.9760444433493, 598.9301255187997, 444.9313234580464, 365.43615142361057, 309.5884383855165, 264.582884167792, 232.52350081082565, 210.58698857681205, 194.54374786655887, 181.87376978612397, 171.96126517186408, 163.7464268722656, 157.38797147637473, 152.3786616472496, 148.25507484351658, 144.9654250361386, 142.77280587340053, 140.76368895661852, 139.2028413130701, 137.88114947601844, 136.88214658995093, 135.85824606970425, 134.99724408078808, 134.21994917059212, 133.32666417006152, 132.63985725514678, 132.15582314117606, 131.61599243180183, 131.15745701699953, 130.74433940605704, 130.21468273240802, 129.87616765325905, 129.64222210094204, 129.4495543539674, 129.5000563630924], "test_ppls": [823.1469720737864, 608.7220102814397, 449.39148883672146, 368.679024976993, 311.398254708854, 265.6807547228053, 234.03374556407428, 212.51216893882614, 196.72099223753492, 184.44590174062998, 175.03044102872147, 167.17448795561924, 160.99199094639002, 156.42028217977634, 152.3906509872113, 149.15646011660573, 146.96168540946204, 144.91172493644336, 143.40776032089514, 141.92745783374733, 141.17237895434855, 140.15407423464322, 139.01558485801033, 138.2440228093436, 137.70886894171215, 136.9633018620678, 136.47435774611643, 136.12761827331047, 135.95863085898526, 135.4785705056212, 135.00129955894323, 134.6003334518765, 134.38831346416416, 134.24299152956627, 134.19031995103663], "best_epoch": 35, "best_val_ppl": 129.5000563630924, "best_val_loss": 4.863681316375732, "best_train_loss": 5.166966915130615, "best_test_ppl": 134.19031995103663, "best_test_loss": 4.899259090423584}