{"train_losses": [6.387218475341797, 5.8989410400390625, 5.656672477722168, 5.482936382293701, 5.363769054412842, 5.283527851104736, 5.232230186462402, 5.200772285461426, 5.1765899658203125, 5.154261112213135, 5.138875961303711, 5.121702194213867, 5.100168704986572, 5.078109264373779, 5.062397003173828, 5.047063827514648, 5.032775402069092, 5.021464824676514, 5.011873722076416, 5.002564430236816, 4.9940714836120605, 4.986079692840576, 4.9742889404296875, 4.9666666984558105, 4.962981700897217, 4.963545799255371, 4.969208240509033, 4.970824241638184, 4.967907428741455, 4.961480617523193, 4.962233543395996, 4.967153549194336, 4.970898151397705, 4.968385696411133], "val_ppls": [340.24879668023016, 256.0576275734643, 200.10427694864856, 170.60531655962023, 154.1778672896574, 145.2507073448122, 139.52194928895352, 136.84853641266338, 135.07676654589426, 133.2508406354163, 131.46257243727553, 131.37728414337715, 131.32041427737798, 130.37939058295163, 130.02035823975496, 129.5348882941842, 128.9846042557375, 128.87203838481278, 128.7003359397981, 128.39385592537738, 128.09622926685665, 128.82380839543657, 129.7137655250887, 129.32357047698665, 129.70535387914538, 129.07227816857403, 128.4799030068003, 128.4094687297202, 128.53670728084845, 128.97353389344656, 129.42375530767026, 129.23504800421597, 129.79060888780165, 129.71797155262502], "test_ppls": [342.38997821360624, 257.2075549153925, 202.18837453012824, 173.50271650924972, 157.844551695434, 148.80488569184598, 143.15210247585497, 140.9223861147097, 139.6797793432542, 137.35447367589387, 135.78286044199052, 135.8751552917501, 135.66455574939306, 134.7845346164101, 134.58332617970274, 133.8133914186819, 133.15321704439248, 132.8052262683404, 132.5852857946084, 132.74425688038502, 132.10088390805728, 133.1913814460661, 134.41901193244522, 133.05426917320793, 133.56655788691782, 133.30708447473305, 132.72273751080778, 132.86875790578185, 132.57396961278442, 132.41343453674597, 132.76172811083273, 132.9285801511148, 133.87466035035945, 133.7273431879052], "best_epoch": 21, "best_val_ppl": 128.09622926685665, "best_val_loss": 4.852781772613525, "best_train_loss": 4.9940714836120605, "best_test_ppl": 132.10088390805728, "best_test_loss": 4.883565902709961}