{"train_losses": [5.601448059082031, 5.243561744689941, 5.173207759857178, 5.147799015045166, 5.107151985168457, 5.062573432922363, 5.036697864532471, 5.024625778198242, 5.018979072570801, 5.011756896972656, 5.003189563751221, 4.995861053466797, 4.990530014038086, 4.98625373840332, 4.983431339263916, 4.981356620788574, 4.979594707489014, 4.979844093322754, 4.980846881866455, 4.982522487640381, 4.985161781311035, 4.988399982452393, 4.991546154022217, 4.993699073791504, 4.997659206390381, 5.001087665557861, 5.005457878112793, 5.009625434875488, 5.01441764831543, 5.019076824188232, 5.024746894836426, 5.0298237800598145, 5.034250736236572, 5.0397467613220215], "val_ppls": [160.87036127815614, 141.40804763812758, 144.74667168970458, 147.87798109997814, 146.06625022861257, 144.73776830722494, 143.38088865429268, 144.26137502073044, 145.02398565251607, 146.49110393295345, 147.60583733837262, 148.28335495186317, 149.13341793361278, 150.30566597280878, 150.96778636570477, 151.7277162482332, 154.37583050043685, 155.0586902250623, 157.30086435941942, 158.86937641727468, 159.29098015099518, 162.24453175128923, 163.9748149516164, 162.54335513219482, 164.6399874957135, 166.6373561236579, 167.08754150016168, 168.23662257414358, 169.36808361911304, 170.6028760484465, 171.3433786386638, 173.94656422117197, 175.73392506121172, 177.0905200496642], "test_ppls": [164.2063403435322, 144.98436649645404, 148.85285947581372, 153.0141579493998, 150.95130223121666, 150.12172664751247, 148.73153558337359, 148.44699049650848, 149.61526977836024, 151.01040871503866, 152.45250189728958, 153.35205656945618, 153.93177947695085, 155.71412489228115, 155.5671787159046, 156.83553613600918, 159.48501353803172, 160.27161418251916, 162.7784478229279, 165.06470479496045, 165.73421950682837, 168.5203642652234, 169.500987574938, 169.21026944248212, 170.91815339848347, 173.02930608068777, 174.38422975954657, 175.29889039500858, 176.291635683529, 177.4113572514552, 178.20443868770698, 180.82984308838266, 183.44808381487263, 185.02693755467155], "best_epoch": 2, "best_val_ppl": 141.40804763812758, "best_val_loss": 4.9516496658325195, "best_train_loss": 5.243561744689941, "best_test_ppl": 144.98436649645404, "best_test_loss": 4.976625919342041}