{"train_losses": [7.489957809448242, 6.692124366760254, 6.487455368041992, 6.369123458862305, 6.286935806274414, 6.223399639129639, 6.171103477478027, 6.126277923583984, 6.086456775665283, 6.050981521606445, 6.018413543701172, 5.988369464874268, 5.960052013397217, 5.933202743530273, 5.907927989959717, 5.883711814880371, 5.861033916473389, 5.83964204788208, 5.819567680358887, 5.8006696701049805, 5.782783508300781, 5.766078472137451, 5.750236511230469, 5.735353469848633, 5.721268177032471, 5.70772647857666, 5.694923400878906, 5.682651042938232, 5.6710205078125, 5.659899711608887, 5.649233341217041, 5.639078140258789, 5.629200458526611, 5.619731903076172, 5.610489845275879, 5.601759910583496, 5.593130588531494, 5.584792137145996, 5.576859474182129, 5.568885803222656, 5.561492919921875, 5.55398416519165, 5.546899318695068], "val_ppls": [806.4783243628614, 599.9482691285857, 512.5716166893899, 463.3148078223443, 429.60767557105544, 404.1363724439392, 383.71886569836096, 366.6011468174958, 351.9641082928821, 339.0317204683406, 327.4157200370035, 316.7456478629903, 306.8027006613005, 297.4827883476821, 288.8790231932961, 280.9720278395232, 273.7362288275755, 267.06867028570554, 260.97447547405477, 255.3579880214442, 250.12582048069407, 245.36702851002715, 240.90545747858798, 236.85039195506602, 233.0348673067595, 229.49990040147844, 226.19451203312482, 223.14305593205208, 220.21896039047027, 217.48163504746466, 214.91889308404026, 212.46100158184012, 210.12568276776764, 207.9164400829709, 205.7798734756014, 203.7759066207118, 201.82657916183013, 199.95471876782506, 198.17807073354675, 196.4335060106868, 194.8104463283235, 193.22042109613423, 191.68806484751022], "test_ppls": [825.7128565242206, 609.7771526491829, 518.8755994612653, 468.56055941451444, 434.3313475280397, 408.3713738861413, 387.4911287632276, 370.01364616108486, 355.0190329484512, 341.7530244654878, 329.7560686406359, 318.78649971153254, 308.64214616322107, 299.15892121010233, 290.45058216490133, 282.4959912008628, 275.2307888038172, 268.60404773583264, 262.55781010957236, 257.0045331092664, 251.85257077402235, 247.17840868593754, 242.77742121018358, 238.77804515665625, 234.95488130915425, 231.42356124012818, 228.09742808685837, 225.07138053721815, 222.1085650513157, 219.3941961696924, 216.83476430549305, 214.38481029734442, 212.07758832868652, 209.88955400267014, 207.77372419660603, 205.81068655820323, 203.91082034093006, 202.05363696433864, 200.32882399022904, 198.59837338252763, 197.0158509777095, 195.47371318041192, 193.9932218041967], "best_epoch": 43, "best_val_ppl": 191.68806484751022, "best_val_loss": 5.255869388580322, "best_train_loss": 5.546899318695068, "best_test_ppl": 193.9932218041967, "best_test_loss": 5.267823219299316}