{"train_losses": [5.618100166320801, 5.244506359100342, 5.173224449157715, 5.131776809692383, 5.097486972808838, 5.072554111480713, 5.048577308654785, 5.02662467956543, 5.004380702972412, 4.99033784866333, 4.984533786773682, 4.981900691986084, 4.981210231781006, 4.979278087615967, 4.979700565338135, 4.979665279388428, 4.977397918701172, 4.974946022033691, 4.971493244171143, 4.968850135803223, 4.967372894287109, 4.965010166168213, 4.962727069854736, 4.960407733917236, 4.958581924438477, 4.95710563659668, 4.956540107727051, 4.955467224121094, 4.953633785247803, 4.951521873474121, 4.949065208435059, 4.947720527648926, 4.947981357574463, 4.949516296386719, 4.950012683868408, 4.950335502624512, 4.9503374099731445, 4.9492902755737305, 4.946898937225342, 4.943785190582275, 4.942463397979736, 4.945281028747559, 4.946549892425537], "val_ppls": [161.12047331775233, 141.57192662273096, 135.90055547216366, 132.3384458793851, 131.03212273809015, 129.79908795571254, 129.23307604892386, 129.91333083886315, 129.75954433542398, 130.1904073365564, 129.61428327247964, 129.89518148822285, 129.7038695276626, 129.58956366740054, 129.81004348402845, 129.7965503663602, 129.5865976316192, 129.31284098871654, 128.69953814393895, 128.63438106034303, 128.60506500345107, 128.5042271138162, 128.46654815071406, 128.5918197720462, 127.94764425294504, 128.00683782670387, 127.99426453038508, 127.71979128353297, 127.75487538975864, 127.85043095790108, 127.87475784265327, 127.80252236115737, 128.01568870311436, 127.9527081990135, 128.2494510037421, 128.18281035046954, 128.3133729668382, 127.99029748447481, 127.80544756222905, 127.9596028092127, 127.95600292214273, 127.98236376151354, 127.86390467561985], "test_ppls": [164.11499003066513, 145.25340854637497, 139.41454591106648, 135.85610827194495, 134.52981542865956, 133.73263588444323, 133.3097542638629, 133.46895756348948, 133.0285129072846, 133.53548102782457, 133.22625332961493, 133.47048500323191, 133.36398798154272, 133.30136367806927, 133.19455701391294, 133.01519265722123, 132.9031650811739, 133.0552208549054, 132.38382535382286, 132.29055869422183, 132.25675156971928, 132.0059282120667, 131.96413912781114, 132.31673992204114, 131.93330928115907, 131.72015146270138, 131.89317835650158, 131.78706010220043, 131.4386284745893, 131.51128866951393, 131.45404738513736, 131.51762247841782, 131.68900185136306, 131.59296174877605, 131.49567493863952, 131.6094656164753, 131.62358653777184, 131.4590620547351, 131.463888854895, 131.23715813771622, 131.58856943310676, 131.3991492668991, 131.7182043961484], "best_epoch": 40, "best_val_ppl": 127.9596028092127, "best_val_loss": 4.851714611053467, "best_train_loss": 4.943785190582275, "best_test_ppl": 131.23715813771622, "best_test_loss": 4.8770060539245605}