{"train_losses": [10.417677879333496, 8.006514549255371, 7.315841197967529, 7.155627727508545, 7.081824779510498, 7.025333404541016, 6.975295543670654, 6.932547092437744, 6.893126964569092, 6.855853080749512, 6.820276737213135, 6.786242961883545, 6.753984451293945, 6.723215579986572, 6.694392204284668, 6.667205333709717, 6.641821384429932, 6.618110656738281, 6.595859050750732, 6.57491397857666, 6.555424213409424, 6.537187576293945, 6.520048141479492, 6.503688335418701, 6.488500118255615, 6.473937034606934, 6.460005760192871, 6.447010040283203, 6.43456506729126, 6.422711372375488, 6.411214828491211, 6.400286674499512, 6.389728546142578, 6.379611968994141, 6.369785785675049, 6.360315322875977, 6.351193428039551, 6.342423439025879, 6.333902835845947, 6.325392246246338, 6.317356109619141, 6.309504508972168, 6.301822662353516], "val_ppls": [5857.7670351761635, 1599.7567553175047, 1207.651309622202, 1090.957530609222, 1019.5531600413137, 959.1256708962044, 912.2104881653019, 872.4451955842253, 837.0263382306775, 804.748513728157, 775.0144096788162, 747.6833795563095, 722.485185062719, 699.394698333052, 678.4444270656925, 659.5011318329738, 642.2065817550173, 626.5218434224734, 612.2151299282167, 599.1503575387089, 587.1995907955651, 576.211555088559, 566.0868441760653, 556.7288003988159, 548.0381963907263, 539.9114804120501, 532.3244388592016, 525.1960040506563, 518.4853188683732, 512.1482235871865, 506.1272115805283, 500.418408166362, 494.99392902339974, 489.807824238304, 484.87207705795464, 480.118375028796, 475.5713511921855, 471.22263021631215, 467.01721473859095, 462.9872908004468, 459.0755363083074, 455.3520526325306, 451.72359982550324], "test_ppls": [5908.272308828786, 1614.1723155950585, 1227.1862300181513, 1114.754377026549, 1042.7740504027015, 980.621402373592, 933.3416733908767, 893.5367581824248, 857.7862595978031, 824.8592963911115, 794.1692807726203, 765.7317766025932, 739.3201224480606, 715.0046098534827, 692.8849657230879, 672.8957947987241, 654.6765846446914, 638.1648952085303, 623.1244545759814, 609.3864904844255, 596.8412430950104, 585.3274311255011, 574.7420971144342, 564.9747415539365, 555.9093703603443, 547.4651492007738, 539.591822356065, 532.2074351341653, 525.276399186722, 518.7368158724909, 512.5359336053115, 506.6724513671547, 501.11255194679944, 495.80796218572567, 490.7574585360048, 485.90411703853675, 481.2648910699033, 476.8361394871146, 472.5499805848865, 468.4551136967406, 464.47767119805457, 460.6846694335524, 457.00631464584995], "best_epoch": 43, "best_val_ppl": 451.72359982550324, "best_val_loss": 6.113070487976074, "best_train_loss": 6.301822662353516, "best_test_ppl": 457.00631464584995, "best_test_loss": 6.124697208404541}