{"train_losses": [6.421471118927002, 5.90088415145874, 5.7126688957214355, 5.598442554473877, 5.517273426055908, 5.454169273376465, 5.404032230377197, 5.364867210388184, 5.333254337310791, 5.306097030639648, 5.282694339752197, 5.263739109039307, 5.2481794357299805, 5.234169006347656, 5.221928119659424, 5.211541652679443, 5.202792167663574, 5.194903373718262, 5.187843322753906, 5.18164587020874, 5.176177024841309, 5.17109489440918, 5.166820526123047, 5.163495063781738, 5.160709857940674, 5.157364845275879, 5.154266357421875, 5.151040077209473, 5.147700786590576, 5.144439697265625, 5.141843795776367, 5.139742851257324, 5.136605739593506, 5.132486820220947, 5.129147052764893, 5.12626314163208, 5.123875141143799, 5.12147331237793, 5.118879795074463, 5.116484642028809, 5.114767551422119, 5.113426685333252, 5.11181116104126, 5.109340190887451], "val_ppls": [341.31575539214697, 256.5009817439851, 218.13834067010865, 196.60677228501788, 182.4271295914506, 171.72093454073874, 163.6756232789023, 157.57337517507207, 152.77451695803342, 148.5336566756457, 145.1859628050526, 142.4502023201368, 140.25335292591936, 138.19749120194254, 136.5694669732447, 135.15362908454028, 133.98840129143372, 132.87750142646482, 131.96999132024345, 131.08930531304466, 130.34719063550278, 129.70838448283533, 129.0698778790181, 128.63634388020492, 128.12341321453343, 127.64496521542841, 127.17964379115878, 126.68363612657024, 126.3219502634134, 126.04865894762567, 125.7728402409577, 125.47488720501244, 125.07453929810929, 124.84328977070194, 124.61080405425443, 124.49107278417165, 124.44507575750782, 124.26576080097713, 123.91564588103512, 123.69043165590841, 123.56451409760257, 123.43701779093395, 123.15111634960013, 123.01706596297413], "test_ppls": [343.4944425953385, 257.605358298181, 219.6582994184704, 198.659937327319, 184.9496662123493, 174.62220923381, 166.6949737729194, 160.9437117669389, 156.32342366382187, 152.2670244367489, 149.26816557249293, 146.654999430457, 144.339816008716, 142.345295993606, 140.60999789072096, 139.2091472791879, 137.81476113975577, 136.73960483027645, 135.74939072373888, 134.88020272065896, 134.11880162741954, 133.58082509638365, 133.02844947436168, 132.70558780586015, 132.17126316080038, 131.91286488646742, 131.47605066963982, 130.96316188366885, 130.51026134997878, 130.19301470686753, 129.78627673114548, 129.50579928124304, 129.08212597756528, 128.85618500805433, 128.66008410441077, 128.47984174282308, 128.50900669875688, 128.4353105610455, 128.2440084039964, 128.08584591058198, 128.0405354674191, 127.9931659515151, 127.70310535099725, 127.58484390644642], "best_epoch": 44, "best_val_ppl": 123.01706596297413, "best_val_loss": 4.812323093414307, "best_train_loss": 5.109340190887451, "best_test_ppl": 127.58484390644642, "best_test_loss": 4.848781585693359}